,Date,Real Price,Predicted Price_tech,Predicted Price_fund,Tmr_Predicted
0,2021-11-15,299.8260803222656,303.54245860313506,265.44851130403265,283.5078506197429
1,2021-11-16,301.6036071777344,305.5033019676443,267.8095699647958,289.98391172091766
2,2021-11-17,292.1968688964844,306.9583179419933,270.0651733609087,292.2153539949498
3,2021-11-18,316.3028259277344,307.43940393359225,272.1913968769286,292.2153539949498
4,2021-11-19,329.38433837890625,312.3485875679208,274.3462189259381,291.76511773405974
5,2021-11-22,319.1088256835937,317.53389454656934,276.65417019857546,301.955912084158
6,2021-11-23,317.0118103027344,322.2789913583645,278.9712648224138,303.3184733761696
7,2021-11-24,326.2786865234375,323.6300234359303,281.2535971844976,303.3184733761696
8,2021-11-26,314.5852355957031,325.6816338887932,283.5198629550142,303.0717411778747
9,2021-11-29,333.288818359375,327.17358690391876,285.5893567968095,302.78325814609894
10,2021-11-30,326.2987060546875,330.08846209808985,287.6908961857852,302.78325814609894
11,2021-12-01,313.94464111328125,332.2229328951908,289.7079545151021,307.43351007098187
12,2021-12-02,320.8457336425781,332.87930936150184,291.57372397582515,311.7107318217109
13,2021-12-03,306.53424072265625,332.48394297954064,293.39278347306464,311.7107318217109
14,2021-12-06,299.9826354980469,331.02828512928556,294.9690329537466,306.96168246996837
15,2021-12-07,323.85186767578125,326.72328177963357,296.35715725316885,307.46178336268036
16,2021-12-08,317.8495788574219,327.53140354537487,297.71425842487406,309.98633376081995
17,2021-12-09,304.5068359375,328.54971049417634,298.8723967690079,309.98633376081995
18,2021-12-10,301.59063720703125,327.8619696370006,299.92987061397696,309.98633376081995
19,2021-12-13,281.2468566894531,326.213340548439,300.8054706424052,309.98633376081995
20,2021-12-14,283.0046081542969,321.98725875905603,301.3625431900174,304.62827225123743
21,2021-12-15,304.1972351074219,316.523465165706,301.6986562856034,305.65724733834173
22,2021-12-16,283.50396728515625,314.9820585296356,301.97444663285074,296.12764800600286
23,2021-12-17,277.65155029296875,313.97571381362906,302.06287131043973,295.33201848631694
24,2021-12-20,276.83258056640625,310.28673627673834,301.637165057878,294.4374779011392
25,2021-12-21,290.3750915527344,306.4355100164998,301.0928581475656,293.2207263381402
26,2021-12-22,293.6208801269531,305.3109142528888,300.4475946182418,293.2207263381402
27,2021-12-23,296.0177917480469,305.51103365469464,299.8656918836621,293.2207263381402
28,2021-12-27,309.05096435546875,306.8754867739328,299.48184640512915,295.45216861217233
29,2021-12-28,302.8289794921875,309.39951789366273,299.1278847869112,295.26931268905315
30,2021-12-29,299.62310791015625,311.9748699097007,298.82267797110353,295.0019323512823
31,2021-12-30,295.4784545898437,312.69683442314096,298.5868788308662,293.5706992338149
32,2021-12-31,293.730712890625,312.8459538665919,298.3127827787296,293.5706992338149
33,2022-01-03,300.8215637207031,312.4490119710431,298.12372281396057,295.0019323512823
34,2022-01-04,292.52227783203125,313.1141704667962,297.7067509448145,293.5706992338149
35,2022-01-05,275.6840515136719,312.4898877957887,297.1257537817595,291.0461033802224
36,2022-01-06,281.4166259765625,309.43908079041864,296.53596381131956,292.7447168354607
37,2022-01-07,272.1186828613281,306.1505754665601,295.9095420121064,290.6961304845477
38,2022-01-10,273.6466064453125,303.1331168321281,295.0644977196405,290.0314240330525
39,2022-01-11,277.811279296875,299.0813043512429,294.3013638321827,283.761832962774
40,2022-01-12,279.6289367675781,297.30091564487185,293.3094416808078,283.761832962774
41,2022-01-13,265.4072570800781,296.9641350274283,292.4225074023285,278.24035910004665
42,2022-01-14,269.0726013183594,295.2909395973708,291.58908947976033,278.24035910004665
43,2022-01-18,258.69598388671875,292.66059048665375,290.6349092125761,272.39482194979274
44,2022-01-19,250.3467712402344,289.46985453376055,289.7407887858685,269.55889033548334
45,2022-01-20,241.18858337402344,285.92103935381334,288.76341420285814,269.55889033548334
46,2022-01-21,233.4385986328125,281.227146733616,287.3318516822351,265.87465769545
47,2022-01-24,233.4185943603516,275.5299728960547,285.7868006011782,262.60437650103614
48,2022-01-25,222.9521331787109,268.74303965087535,284.2731816156237,257.4548987009094
49,2022-01-26,227.4263610839844,263.07895159865416,282.6024897885112,251.84262757103127
50,2022-01-27,219.15704345703125,259.746536127585,281.06760447811865,251.42888067494985
51,2022-01-28,228.10548400878903,256.31769338971765,279.3973508307762,251.42888067494985
52,2022-01-31,244.54425048828125,252.8336201477508,277.47870767780466,251.9721869756352
53,2022-02-01,246.0622863769531,253.2270317258162,275.9429460078721,255.2873554297794
54,2022-02-02,252.0944976806641,255.11756050243326,274.5870717395229,255.2873554297794
55,2022-02-03,239.17117309570312,257.8831120199106,273.3902567276891,254.85993780624088
56,2022-02-04,242.8764190673828,258.0376874085631,272.04159781955286,254.85993780624088
57,2022-02-07,246.96112060546875,257.9139220634019,270.7100279224472,254.85993780624088
58,2022-02-08,250.75625610351562,258.7208476058637,269.4342821280414,254.85993780624088
59,2022-02-09,266.70556640625,259.48567192412287,268.1223134726477,254.85993780624088
60,2022-02-10,257.9069519042969,262.9299196837359,267.10845312078743,252.44631007701972
61,2022-02-11,239.18118286132807,265.44931179123563,266.23603719868794,254.93350745674573
62,2022-02-14,242.3570556640625,264.9231777815016,265.36414709231246,254.93350745674573
63,2022-02-15,264.6083679199219,263.23822435189203,264.51232561940367,249.70907361480093
64,2022-02-16,264.76812744140625,265.0216765569057,263.7555891565881,254.93350745674573
65,2022-02-17,244.7539978027344,267.34173701939335,263.23514843774916,254.0331258458714
66,2022-02-18,236.1151428222656,266.5949435788592,262.8717805604682,246.7310141631631
67,2022-02-22,233.59837341308597,264.19704107467186,262.36147640030896,241.89966771396055
68,2022-02-23,223.5813140869141,261.0197845158062,261.86767701148693,236.0147434137762
69,2022-02-24,237.1737365722656,257.7874433337287,261.21677556912226,236.37647790788654
70,2022-02-25,241.25851440429688,254.12049381088718,260.5236043849435,237.17872119596817
71,2022-02-28,243.5355529785156,253.99112663963666,259.85941148955504,237.17872119596817
72,2022-03-01,234.46728515625,254.54894597818847,259.41687913382475,237.17872119596817
73,2022-03-02,241.9288787841797,254.13327297665347,258.90309874749005,237.17872119596817
74,2022-03-03,236.8745574951172,254.26027687752256,258.56000398756845,237.17872119596817
75,2022-03-04,229.103271484375,254.21657096355474,258.29735903342157,237.17872119596817
76,2022-03-07,213.281005859375,252.5353520846714,258.05986559807354,237.17872119596817
77,2022-03-08,214.89920043945312,249.04839040112722,257.7298285952984,236.76104240321163
78,2022-03-09,229.88238525390625,245.11835928532992,257.2622615687079,232.2160312156357
79,2022-03-10,226.3263702392578,244.5015019515085,256.9333346213501,229.9599066306835
80,2022-03-11,220.7526397705078,243.43277856790303,256.5305013527832,229.9599066306835
81,2022-03-14,213.06124877929688,242.62855182186448,256.1497231326403,231.5699387720995
82,2022-03-15,229.4728546142578,240.229817796617,255.53545351904887,231.33884324959925
83,2022-03-16,244.68582153320312,239.73267031927753,254.78713010781757,237.054605081848
84,2022-03-17,247.38278198242188,242.7024404915063,254.18863496594668,237.28570060434825
85,2022-03-18,264.23394775390625,245.9375534104509,253.68306314730359,244.0868363768764
86,2022-03-21,267.0407409667969,251.09431149936816,253.5788347860094,244.50451516963292
87,2022-03-22,264.943115234375,257.08432663098483,253.63243877787454,244.0770975460944
88,2022-03-23,256.05303955078125,261.9158141045014,253.80274464848696,244.0770975460944
89,2022-03-24,281.18487548828125,264.38610270518683,253.97886370404825,249.96202184627876
90,2022-03-25,276.6100769042969,268.9675211609343,254.20873281139802,250.6382967105349
91,2022-03-28,281.8741455078125,273.65298186582015,254.69297988123373,255.78777451066165
92,2022-03-29,286.2392578125,277.55395350877905,255.53279522844412,253.67316411442383
93,2022-03-30,276.5900573730469,282.0167124504364,256.48384981326893,252.5985062971636
94,2022-03-31,272.5545654296875,284.38803545687693,257.2316474087762,255.48231386723094
95,2022-04-01,266.8210144042969,285.5093926647801,257.98300886641294,255.4165057353073
96,2022-04-04,273.29376220703125,285.0216545047,258.91250500655303,255.48231386723094
97,2022-04-05,259.01971435546875,284.9798158660953,259.9408252908238,255.48231386723094
98,2022-04-06,243.7967987060547,283.71750854445486,260.8852195431444,252.41833224576501
99,2022-04-07,241.80902099609372,278.9862412408177,261.73292212621504,251.32657181435437
100,2022-04-08,230.9312286376953,274.3820070142272,262.2392534564595,247.72542037834344
101,2022-04-11,218.9246826171875,269.25204724438834,262.4767761037922,242.57594257821668
102,2022-04-12,214.79928588867188,262.2799036241305,262.4333378825914,236.0147434137762
103,2022-04-13,221.7814483642578,256.5996519695474,262.26484315502836,236.0147434137762
104,2022-04-14,212.342041015625,252.21598964522434,261.8829840914528,236.44216103731472
105,2022-04-18,217.586181640625,248.43806853107668,261.3917845692662,236.38621673866854
106,2022-04-19,221.7315216064453,244.89910031105214,260.89293150709665,229.5850809661404
107,2022-04-20,214.57952880859372,242.8765639191164,260.5318421646198,229.5850809661404
108,2022-04-21,201.6040802001953,241.2486207404368,260.0618505433019,229.72881110818324
109,2022-04-22,194.93153381347656,238.05651350719884,259.24555084374896,229.72881110818324
110,2022-04-25,198.7972412109375,233.34734715805476,258.30127343936704,229.72881110818324
111,2022-04-26,187.66970825195312,228.9384912044185,257.32661557093076,229.72881110818324
112,2022-04-27,183.94387817382807,224.5718385916063,256.2721797723671,230.09687527410873
113,2022-04-28,197.59857177734372,219.83234360590046,254.88277014561947,220.3458283391458
114,2022-04-29,185.26239013671875,217.56261204968416,253.3298318287023,213.1750942791571
115,2022-05-02,195.11135864257807,215.16416978621217,251.6661216659254,212.61587856995973
116,2022-05-03,195.8005828857422,213.16671031887947,249.85205741806408,212.61587856995973
117,2022-05-04,203.1123962402344,212.41746607943125,248.06749727471708,209.35622258765923
118,2022-05-05,188.2290802001953,212.59463841759518,246.41612917546226,204.22890432081707
119,2022-05-06,186.5409698486328,211.35854589148212,244.84878935010397,203.6254547740247
120,2022-05-09,169.31027221679688,209.33717654664835,243.00468057601196,194.3498718763066
121,2022-05-10,175.7530517578125,205.13618626995714,241.0987154243862,193.7589396248542
122,2022-05-11,166.1138458251953,202.07224998469022,239.1214438181867,187.8446965575548
123,2022-05-12,161.56895446777344,198.37002646319243,237.02104369661302,186.16028793134512
124,2022-05-13,176.86181640625,193.70436179477332,234.97047922088237,183.6943012023246
125,2022-05-16,172.44676208496094,192.20940363336027,233.06192880861352,182.76424854457537
126,2022-05-17,181.5665283203125,191.22609350952837,231.26235370514735,182.76424854457537
127,2022-05-18,169.19041442871094,191.73515945539646,229.52003409162978,182.76424854457537
128,2022-05-19,171.04830932617188,190.7040149884736,227.94907198017268,181.6265667418811
129,2022-05-20,166.75315856933594,189.44742619763267,226.5745020416362,181.42982417790358
130,2022-05-23,168.7908477783203,187.71048081963147,225.2215051537768,180.43432703185385
131,2022-05-24,161.35916137695312,185.99614697923045,224.0212285217599,180.04737044332035
132,2022-05-25,169.5599822998047,183.87280689386427,222.92910926297498,176.1418890682694
133,2022-05-26,178.31019592285156,182.87015296431764,221.92754715665978,176.1418890682694
134,2022-05-27,187.89944458007807,183.13233009576942,220.9662245592243,175.61517400788944
135,2022-05-31,186.510986328125,186.21152552189426,220.2890177246664,176.00213059642294
136,2022-06-01,182.99493408203125,189.131594075669,219.6938089310706,176.0578192081466
137,2022-06-02,195.70069885253903,190.93498819803713,219.13377136701467,176.25456177212413
138,2022-06-03,186.99044799804688,193.31291960869245,218.81489334238256,177.4620688323913
139,2022-06-06,187.64971923828125,194.97088507406957,218.68936944426565,179.92805556141184
140,2022-06-07,189.0481414794922,196.30318604564914,218.69481747940617,179.92805556141184
141,2022-06-08,186.3106384277344,196.8402465338751,218.70992007547935,179.92805556141184
142,2022-06-09,180.31610107421875,197.47008726670566,218.8720758023695,179.6506011588939
143,2022-06-10,169.5858612060547,197.04143086616153,219.01975699085682,179.6506011588939
144,2022-06-13,156.32789611816406,194.4888946209666,218.90120015108315,177.18461442987336
145,2022-06-14,158.2161865234375,189.67961021856448,218.73473565645452,176.33527361066456
146,2022-06-15,165.11990356445312,185.62187497363692,218.34033004546419,175.89262841040738
147,2022-06-16,155.8683319091797,183.57363436928085,217.90309966495107,175.89262841040738
148,2022-06-17,158.65579223632812,180.5616170919617,217.27588914215187,175.89262841040738
149,2022-06-21,165.5095672607422,178.26254888922026,216.77109144110247,170.71738305042277
150,2022-06-22,163.451416015625,178.24745021733887,216.30647482496343,170.71738305042277
151,2022-06-23,162.10263061523438,177.76578070218892,216.01930640968806,170.71738305042277
152,2022-06-24,171.1044464111328,177.2209155864687,215.65791034137217,170.71738305042277
153,2022-06-27,168.53680419921875,177.8784299237041,215.4763140386857,170.71738305042277
154,2022-06-28,159.67486572265625,178.81386194017873,215.36990938453377,170.80479388633307
155,2022-06-29,155.2788543701172,178.3736225971478,215.05671309091952,170.49160581591082
156,2022-06-30,151.4523468017578,176.24306140783835,214.73425659816562,170.3788990204664
157,2022-07-01,145.0980987548828,173.837339688068,214.24263350220133,171.49700656875928
158,2022-07-05,149.50408935546875,170.7810037970525,213.80348973669248,165.81533632617914
159,2022-07-06,151.16259765625,168.08990988467923,213.32023587433548,163.19794884744033
160,2022-07-07,158.4359893798828,166.88149096297104,212.86705575019383,163.08093514783445
161,2022-07-08,158.23617553710938,167.11723447756378,212.43558013066024,163.08093514783445
162,2022-07-11,151.3824005126953,167.31561789680552,212.12546570142842,163.08093514783445
163,2022-07-12,150.6830596923828,166.66599571559703,211.71605973631125,163.08093514783445
164,2022-07-13,151.50228881835938,165.86652468649888,211.19951881742546,163.1913805344975
165,2022-07-14,153.58038330078125,164.80726897250796,210.58145164582723,163.1913805344975
166,2022-07-15,157.4768524169922,164.46780414672992,210.01118988713762,163.8979969135587
167,2022-07-18,160.86376953125,165.12677729284275,209.5383354913223,163.8979969135587
168,2022-07-19,169.76568603515625,166.91030243830028,209.0094817208991,163.78755152689564
169,2022-07-20,177.9082794189453,169.17581803686082,208.71354971022342,166.52195270524032
170,2022-07-21,180.3360748291016,172.4240018833472,208.57806452533484,172.20362294782046
171,2022-07-22,173.03271484375,176.03455385498725,208.57685222797113,172.20362294782046
172,2022-07-25,170.0854034423828,178.16190566476635,208.67332480733606,171.34527626700753
173,2022-07-26,165.17982482910156,178.66646389120316,208.87028661395772,171.7711711328742
174,2022-07-27,177.73843383789062,178.4804074069757,209.16338506212062,171.45798306245194
175,2022-07-28,179.67666625976562,179.85021435479402,209.67567563723728,176.52052162699215
176,2022-07-29,181.4650421142578,181.77241387214008,210.23524580953853,176.52052162699215
177,2022-08-01,184.24252319335935,183.53464040798715,210.79062406203997,175.81390524793096
178,2022-08-02,185.09173583984372,185.72046127757366,211.5184990840039,175.81390524793096
179,2022-08-03,188.75840759277344,187.6355272195091,212.25754769010322,176.20086183646447
180,2022-08-04,191.9754943847656,189.47760895330669,212.9858754978295,176.25655044818814
181,2022-08-05,189.7175445556641,191.87804978494074,213.80223362135177,176.45329301216566
182,2022-08-08,177.7683868408203,193.57092454675478,214.64813966736537,177.12358480243495
183,2022-08-09,170.70484924316406,192.4850163945732,215.3237690547512,176.19353214468572
184,2022-08-10,180.80563354492188,190.4328224181593,215.91813070079164,176.53201617464208
185,2022-08-11,179.2570343017578,190.20310378423034,216.59976315102668,176.4328437402961
186,2022-08-12,186.9200897216797,190.59718641437937,217.28529540121485,176.53201617464208
187,2022-08-15,190.1471710205078,191.43448435766928,218.03689055472893,176.53201617464208
188,2022-08-16,188.6185302734375,193.09287287762086,218.86963660164974,177.4620688323913
189,2022-08-17,183.1835021972656,194.39455345086316,219.6490707765521,177.18461442987336
190,2022-08-18,187.55950927734372,194.53842118235534,220.36029496725547,179.6506011588939
191,2022-08-19,178.32789611816406,194.9637077343926,220.98072830961178,179.6506011588939
192,2022-08-22,170.18528747558594,194.37612869474123,221.5167536222709,177.18461442987336
193,2022-08-23,171.65396118164062,192.139161985912,221.9792377635292,176.7812768325041
194,2022-08-24,172.0635986328125,190.18361409762787,222.34574592916192,176.68210439815812
195,2022-08-25,178.9673309326172,188.6018130437414,222.6171982966861,176.58453426852657
196,2022-08-26,162.45233154296875,187.9430441308714,222.84603037858017,176.5288456568029
197,2022-08-29,157.8665008544922,186.4585602171983,222.87871858942327,176.5288456568029
198,2022-08-30,154.53952026367188,183.26099703875877,222.7315778226523,176.1418890682694
199,2022-08-31,150.80291748046875,180.05745274392177,222.34226970298647,176.1418890682694
200,2022-09-01,139.24342346191406,176.67692575607492,221.73426606010625,170.43992864790482
201,2022-09-02,136.34605407714844,171.3759060572686,220.91996738150306,165.6166050861376
202,2022-09-06,134.5277099609375,166.96900490752807,220.0290018491396,162.88220390779293
203,2022-09-07,137.05616760253906,162.8967545142701,219.03112045289254,161.43047606300308
204,2022-09-08,139.81448364257812,159.78599046403767,218.01185588386875,155.38614233049412
205,2022-09-09,143.78204345703125,157.54762329868612,216.81711492294636,155.38614233049412
206,2022-09-12,144.96133422851562,156.91431060072728,215.61834270813983,155.48131468498565
207,2022-09-13,131.229736328125,156.6512873601266,214.43119686323104,147.4436428635875
208,2022-09-14,131.19973754882812,154.5004195512433,213.14622008167026,146.66177214129868
209,2022-09-15,129.21095275878906,152.13835998117446,211.81714780925367,144.97633792643313
210,2022-09-16,131.89930725097656,149.91005859707718,210.39437809601557,144.97633792643313
211,2022-09-19,133.73822021484375,148.04482556639476,208.93855502212602,145.68295714646013
212,2022-09-20,131.67945861816406,147.03807238390254,207.52875543008037,139.1941401088177
213,2022-09-21,132.5289306640625,146.2079371922008,206.24705039080237,139.1941401088177
214,2022-09-22,125.53321075439452,145.8490410321754,205.0501185310299,133.65737190667525
215,2022-09-23,125.08348846435548,144.27596365537596,203.71181527145833,133.65737190667525
216,2022-09-26,122.20525360107422,142.33220294282145,202.37643321035353,133.44111048712955
217,2022-09-27,124.05411529541017,140.5859211880047,200.9373339976862,133.44111048712955
218,2022-09-28,127.28215026855467,139.33554692298162,199.48561520764247,132.13266391178524
219,2022-09-29,122.12529754638672,138.56373491019957,198.10333330515374,131.86116559407898
220,2022-09-30,121.31578826904295,137.28230260417598,196.78319990004545,131.86116559407898
221,2022-10-03,125.04351806640625,136.1853804449698,195.42865477699866,131.86116559407898
222,2022-10-04,131.5895233154297,135.7039151630627,194.22030103122114,131.94233340763122
223,2022-10-05,132.00926208496094,136.59155660071272,193.20755073477824,131.86116559407898
224,2022-10-06,131.21974182128906,137.2631630317041,192.2724166815973,131.86116559407898
225,2022-10-07,120.6861801147461,138.256363879725,191.40295116994923,131.1424268139248
226,2022-10-10,116.628662109375,137.08107450762324,190.4424319020921,131.1424268139248
227,2022-10-11,115.78916931152344,135.10529294020915,189.6084881637999,130.61292334560653
228,2022-10-12,114.92970275878906,133.06564472014117,188.78246087335265,130.61292334560653
229,2022-10-13,119.52689361572266,131.33627056021382,187.95619988702805,130.61292334560653
230,2022-10-14,112.20136260986328,129.90809666920953,187.1876033584374,130.61292334560653
231,2022-10-17,118.8073272705078,128.93250364433922,186.48096544932685,130.61292334560653
232,2022-10-18,119.59684753417967,128.42358357935888,185.82863261971346,130.70610134210244
233,2022-10-19,120.43633270263672,128.70894118387304,185.2310576553596,130.70610134210244
234,2022-10-20,121.8654556274414,128.83590132047578,184.6338624468064,130.70610134210244
235,2022-10-21,124.58380126953124,129.4373682206403,184.049958691277,131.02956376536108
236,2022-10-24,125.91297912597656,129.88332609447076,183.48657635497662,131.02956376536108
237,2022-10-25,132.5289306640625,130.68704225740223,182.97631601279437,131.2690941153385
238,2022-10-26,128.8811798095703,132.40740097846705,182.71814049230164,131.2690941153385
239,2022-10-27,131.67945861816406,133.6743619004265,182.50251222747735,131.2690941153385
240,2022-10-28,138.25543212890625,135.55663381879734,182.36581474522507,131.879765397209
241,2022-10-31,134.88748168945312,137.25553346127515,182.3084424073378,131.79859758365677
242,2022-11-01,135.3472137451172,138.77641465644012,182.2843133080023,132.07009590136303
243,2022-11-02,132.10919189453125,140.13313608862788,182.3224787659706,132.07009590136303
244,2022-11-03,134.12796020507812,140.97568574387654,182.35941732058285,132.07009590136303
245,2022-11-04,141.47348022460938,141.11217190244892,182.46303223019902,132.07009590136303
246,2022-11-07,142.92259216308594,142.63632082949937,182.63101574803036,132.28635732090873
247,2022-11-08,145.9307403564453,144.26874255143267,182.88964405428544,132.28635732090873
248,2022-11-09,137.67576599121094,146.35714416418438,183.19958321160925,136.1022971356951
249,2022-11-10,157.40371704101562,146.71004461972356,183.46602572376293,136.1022971356951
250,2022-11-11,163.17019653320312,149.6795084420881,183.9436562790714,135.86276820620057
251,2022-11-14,162.8503875732422,153.61324493243407,184.59536105101444,137.5481981596174
252,2022-11-15,166.55810546875,157.20105407367498,185.32056317638128,145.9655394922574
253,2022-11-16,159.0027618408203,160.94728985900485,186.09265053713972,152.1922120921089
254,2022-11-17,156.67416381835938,162.72446918584558,186.8930004930641,152.09903409561298
255,2022-11-18,153.9958038330078,163.5744150021028,187.7113158195591,153.6612130089975
256,2022-11-21,153.0763702392578,163.8120112039699,188.62072872024018,153.6612130089975
257,2022-11-22,160.28195190429688,163.32220153528388,189.54524421699443,153.6612130089975
258,2022-11-23,165.08901977539062,163.75488424832972,190.50713644813095,153.6612130089975
259,2022-11-25,162.6005401611328,165.4113325524743,191.52247200521694,154.37994894818587
260,2022-11-28,158.1732635498047,166.71839613047433,192.49559624445817,154.2695035615228
261,2022-11-29,156.29440307617188,167.09567328235536,193.51204185696153,154.2695035615228
262,2022-11-30,169.16981506347656,166.91518944803968,194.41194625663329,154.2695035615228
263,2022-12-01,171.2890625,168.08830519491406,195.36316150737377,154.3865201020945
264,2022-12-02,168.69998168945312,170.3557901854591,196.36527864139765,157.00391610373072
265,2022-12-05,166.0409393310547,171.62467673513677,197.3709304255663,157.00391610373072
266,2022-12-06,159.81314086914062,172.5330478469351,198.32452645305722,162.68556930051602
267,2022-12-07,161.14266967773438,172.29804832486985,199.1974097669114,162.27978847255383
268,2022-12-08,171.62893676757812,171.61503400845697,199.95383950388796,158.31233711038277
269,2022-12-09,169.94952392578125,172.5585915903789,200.78734506241014,163.9940045119971
270,2022-12-12,175.2876434326172,174.22538284946447,201.60687268626884,163.9940045119971
271,2022-12-13,180.65573120117188,175.7445864144204,202.39682317565155,163.9940045119971
272,2022-12-14,176.67715454101562,178.95605204146187,203.29497485624324,168.3109031911688
273,2022-12-15,169.45973205566406,180.66122456211264,204.20722131943708,168.3109031911688
274,2022-12-16,165.6510772705078,180.42600621871577,205.10641002548448,170.031744362871
275,2022-12-19,162.48219299316406,179.61053205623222,205.91759762772057,170.031744362871
276,2022-12-20,160.79281616210938,178.28885121328034,206.56474533005544,164.85649900288638
277,2022-12-21,164.95130920410156,176.61015607375492,207.10209978801694,164.85649900288638
278,2022-12-22,153.33544921875,175.81841673170717,207.5748811538706,165.7148456836993
279,2022-12-23,152.00592041015625,173.62681897896604,208.0170775717772,165.7148456836993
280,2022-12-27,141.15980529785156,171.06477129989025,208.14169589836942,160.0331470314611
281,2022-12-28,140.31007385253906,167.7835891965964,208.06795024307593,157.41578512141456
282,2022-12-29,145.9780731201172,164.18394911535952,207.88571127672677,157.40921964943755
283,2022-12-30,146.08802795410156,162.21681828458858,207.6279885419964,155.84705494088206
284,2023-01-03,143.09909057617188,160.63011563287395,207.4225114418441,149.52520430460743
285,2023-01-04,147.43756103515625,159.487416051094,207.20071944825494,149.52520430460743
286,2023-01-05,142.59927368164062,158.7781869391537,207.00448794124998,149.52520430460743
287,2023-01-06,148.5371551513672,157.73506565134713,206.77973093121705,149.52520430460743
288,2023-01-09,156.2244110107422,157.4487452329739,206.5063067547278,149.62037665909895
289,2023-01-10,159.03341674804688,159.05945987881103,206.2689593793031,149.52520430460743
290,2023-01-11,159.9530792236328,160.739088656018,206.1441219628259,155.84705494088206
291,2023-01-12,165.05130004882812,162.33436910393192,206.147408311101,155.84705494088206
292,2023-01-13,168.92990112304688,164.3010768801284,206.27109185418385,157.40921964943755
293,2023-01-17,176.95704650878906,166.6509553960707,206.35744248086144,157.40921964943755
294,2023-01-18,173.7082061767578,170.0242029276192,206.571288814621,160.0331470314611
295,2023-01-19,167.59036254882812,173.04535234851107,206.89839001293706,165.7148456836993
296,2023-01-20,178.32656860351562,174.1973299547515,207.27537067507313,165.7148456836993
297,2023-01-23,191.8617401123047,176.15525570150584,207.81566093749373,165.7148456836993
298,2023-01-24,192.58148193359372,180.1752953250406,208.51706990134878,176.52052162699215
299,2023-01-25,193.16128540039065,184.33675188115345,209.24785151578715,176.52052162699215
300,2023-01-26,197.9495849609375,187.57540970567018,210.10183467556135,176.90747821552566
301,2023-01-27,203.57757568359372,191.5481839215762,211.0063107508336,176.45329301216566
302,2023-01-30,191.55186462402344,195.30452925242665,211.98323254808162,179.84933239893542
303,2023-01-31,195.30050659179688,197.33946551982055,213.01012144510366,179.84933239893542
304,2023-02-01,209.35549926757807,198.56057607876238,214.1561806335774,179.84933239893542
305,2023-02-02,217.0127868652344,201.71434581470146,215.46061259692684,179.82942291056895
306,2023-02-03,210.9249725341797,206.1609557420856,216.93758514771577,180.42035516202134
307,2023-02-06,210.81500244140625,209.2577298151835,218.47999254416024,180.42035516202134
308,2023-02-07,221.65115356445312,211.5963755027696,220.0061142591525,184.14628749815097
309,2023-02-08,221.97103881835935,214.94804725102088,221.74310268546822,187.93265854083143
310,2023-02-09,223.29055786132807,218.74617286812094,223.540866645885,192.39735562507977
311,2023-02-10,212.57437133789065,222.030185060637,225.46137936587525,207.23004946059214
312,2023-02-13,217.80252075195312,222.53329906628517,227.32872627377037,207.23004946059214
313,2023-02-14,229.6283264160156,223.29380531026715,229.11232242162333,208.36770285362834
314,2023-02-15,227.55905151367188,225.37669262546217,230.94896753363275,208.36770285362834
315,2023-02-16,219.94175720214844,227.58649631299363,232.82399719349547,208.36770285362834
316,2023-02-17,213.80393981933597,228.45098645375884,234.59438952427865,208.36770285362834
317,2023-02-21,206.4765625,227.7367244511914,236.31383615380145,208.36770285362834
318,2023-02-22,207.4661865234375,226.1550984543702,237.8145726541175,210.15074981261253
319,2023-02-23,236.5558624267578,224.51628714955376,239.11622947892351,210.15074981261253
320,2023-02-24,232.77719116210935,228.70058865268717,240.49052190360564,215.8724890369165
321,2023-02-27,234.92642211914065,231.51258864482188,241.8765283341395,215.6969287139864
322,2023-02-28,232.07745361328125,234.54330785194972,243.24607381131312,220.96912487305693
323,2023-03-01,226.89927673339844,236.58326242188195,244.57571571743074,220.96912487305693
324,2023-03-02,233.0570831298828,237.27008422946494,245.7718442476248,221.57258010178091
325,2023-03-03,238.8150329589844,237.93444038033547,247.01120651512704,226.69988700475986
326,2023-03-06,235.4562225341797,239.76317401290459,248.35376011846776,226.69988700475986
327,2023-03-07,232.83673095703125,241.55339509110954,249.57807821386615,226.9309825272601
328,2023-03-08,241.7650604248047,242.4995493528333,250.62743112709762,226.9309825272601
329,2023-03-09,234.3164520263672,243.9402106478284,251.71338665711767,226.9309825272601
330,2023-03-10,229.60731506347656,244.99100527033025,252.76154187897777,229.18710711221232
331,2023-03-13,229.6173248291016,244.48347107378345,253.6818654559322,237.28570060434825
332,2023-03-14,240.5852813720703,243.47368356882617,254.4951271090797,237.28570060434825
333,2023-03-15,242.23497009277344,244.69321861418038,255.46990182545466,231.5699387720995
334,2023-03-16,255.36253356933594,245.87101713755132,256.42466633233227,236.76104240321163
335,2023-03-17,257.20220947265625,248.6940894890657,257.34361694600733,236.76104240321163
336,2023-03-20,258.9518737792969,253.12692826064693,258.2673291131832,237.17872119596817
337,2023-03-21,261.9413146972656,256.25516884123095,259.35024659679783,237.17872119596817
338,2023-03-22,264.6308288574219,259.4990929657952,260.5221729976948,236.75130357242963
339,2023-03-23,271.8594665527344,263.34454234287915,261.6435626651167,242.2614022080709
340,2023-03-24,267.740234375,267.302845174721,262.87931725251246,253.8173147194059
341,2023-03-27,265.2607116699219,269.85231792127337,264.15336875180753,255.60978232100186
342,2023-03-28,264.0509338378906,271.57213688305353,265.55209700166415,260.75926012112865
343,2023-03-29,269.78985595703125,272.2467484603324,266.86911933040534,260.75926012112865
344,2023-03-30,273.77911376953125,273.9383832346006,268.1027122309357,266.57061477080816
345,2023-03-31,277.7183532714844,276.13596210373925,269.4076407980245,270.1717662068191
346,2023-04-03,279.5980224609375,278.29549523735443,270.8679479115605,270.1717662068191
347,2023-04-04,274.4789733886719,280.5285815145697,272.4514127524554,270.1717662068191
348,2023-04-05,268.7600402832031,282.18736391291816,274.10162697831584,270.70712916711165
349,2023-04-06,270.3197326660156,281.8052143393865,275.67521816839303,270.70712916711165
350,2023-04-10,275.73876953125,281.57810697334816,276.9029394600052,269.84089596522205
351,2023-04-11,271.6395263671875,282.228093856776,278.1933788826988,267.39196071296743
352,2023-04-12,264.9007873535156,283.1186091479146,279.4180913398902,267.2760720358206
353,2023-04-13,264.5808410644531,282.7544320997529,280.5919749437599,267.2760720358206
354,2023-04-14,267.5302734375,281.86292481857765,281.76030827054274,267.2760720358206
355,2023-04-17,269.9698181152344,281.2209613839757,282.81623388032443,266.4939655133699
356,2023-04-18,276.6185913085937,281.0635850822785,283.78516619976585,266.20552793704707
357,2023-04-19,279.2580871582031,282.71880798696606,284.8073519672564,266.7408908973396
358,2023-04-20,270.9896240234375,284.08031431227175,285.8938041010158,266.93554251048414
359,2023-04-21,271.1396179199219,284.69508554939847,286.8371175099037,269.624698467407
360,2023-04-24,270.3697509765625,284.38961097046456,287.82933178112523,269.624698467407
361,2023-04-25,262.3612365722656,284.2033210768167,288.8397451187947,266.93554251048414
362,2023-04-26,269.5098876953125,283.27464334544453,289.72857817627744,266.93554251048414
363,2023-04-27,272.2094116210937,283.18378872855817,290.45350278778994,267.1986045802303
364,2023-04-28,277.4384155273437,283.4846534714394,291.16008227293116,271.6139995438862
365,2023-05-01,289.0462951660156,284.3642276959973,291.7453443857476,274.30315550080905
366,2023-05-02,282.047607421875,287.04694804541407,292.4298396104801,274.2373473688854
367,2023-05-03,277.96832275390625,289.15991599966173,293.1207030478701,274.2373473688854
368,2023-05-04,275.5687866210937,289.74632799221115,293.7714876422961,276.81021691344864
369,2023-05-05,286.7467041015625,289.65249740521483,294.38847397046163,276.81021691344864
370,2023-05-08,291.4558410644531,291.03553574955146,294.99923814589295,276.81021691344864
371,2023-05-09,285.6568908691406,293.2215025000257,295.7614956738107,276.81021691344864
372,2023-05-10,288.7963256835937,294.676110007889,296.58509836953056,278.24035910004665
373,2023-05-11,285.7268981933594,296.1628696634109,297.48161417898086,280.7649549536391
374,2023-05-12,283.3473205566406,296.9646601986242,298.32198455389994,283.6502284620622
375,2023-05-15,289.4761657714844,297.1194981728746,299.11561575335077,283.6502284620622
376,2023-05-16,292.0757141113281,297.7584564611891,299.921077806592,286.2864288163665
377,2023-05-17,301.7239074707031,299.3288350415653,300.7693938413407,292.55601988664495
378,2023-05-18,316.7211303710937,301.9459381676753,301.8037025824683,294.317339139147
379,2023-05-19,312.5819091796875,306.5817410183734,303.1104130806218,307.12764032847514
380,2023-05-22,311.7020568847656,310.6956112289045,304.51463318359595,306.6774040675851
381,2023-05-23,306.822998046875,313.5607993927103,305.9496427184098,305.24614822239124
382,2023-05-24,305.3232727050781,315.4676960049321,307.4691333128825,315.9495664424731
383,2023-05-25,379.7294006347656,315.8805097410674,309.07284205915204,356.3593276966349
384,2023-05-26,389.38763427734375,331.6057983876827,311.18165523231,365.8030616784618
385,2023-05-30,401.0354309082031,344.8897120255633,313.715444358413,391.5295752623552
386,2023-05-31,378.2696838378906,359.78835203369397,316.653644200255,391.5295752623552
387,2023-06-01,397.6261291503906,368.10799741403423,319.6886233473009,391.5295752623552
388,2023-06-02,393.1968994140625,375.8959069585511,322.96211834915823,391.5295752623552
389,2023-06-05,391.63720703125,382.9623479846461,326.49156876067354,391.5295752623552
390,2023-06-06,386.4681701660156,387.3701098316243,330.12913272744385,391.5295752623552
391,2023-06-07,374.7191162109375,390.0164183114604,333.80309482711004,391.5295752623552
392,2023-06-08,385.06829833984375,391.2099282064413,337.50279268526845,391.5295752623552
393,2023-06-09,387.6680908203125,392.0956877806394,341.1106772756164,391.5295752623552
394,2023-06-12,394.7874755859375,394.3989427648591,344.67451019308555,396.4535599245506
395,2023-06-13,410.1862182617188,396.7336496684761,348.23106932637245,420.1879201022958
396,2023-06-14,429.9345703125,401.3064903280243,351.7797996477684,420.1879201022958
397,2023-06-15,426.494873046875,407.9036617144275,355.63659955946946,421.9881378586097
398,2023-06-16,426.8848571777344,414.6444382467249,359.6690803469618,421.9881378586097
399,2023-06-20,438.0439147949219,420.86377813387367,363.8005313385081,421.9881378586097
400,2023-06-21,430.41455078125,426.5578592966148,367.90607129965423,421.9881378586097
401,2023-06-22,430.2145690917969,430.4255409209907,371.94623483911414,421.9881378586097
402,2023-06-23,422.0552368164063,432.9744593201697,376.053732003233,421.794088530216
403,2023-06-26,406.2865295410156,434.17243317031546,380.02171272857913,421.3414431303227
404,2023-06-27,418.72552490234375,433.17361590811646,383.8380540415155,421.3414431303227
405,2023-06-28,411.1361389160156,432.2397156409631,387.61092792126635,421.3414431303227
406,2023-06-29,408.1863708496094,430.972214959719,391.1435332271258,421.3414431303227
407,2023-06-30,422.9851379394531,430.0340841468211,394.50343727963,421.5354924587164
408,2023-07-03,424.0950622558594,431.1334425168526,397.7146523301759,421.3414431303227
409,2023-07-05,423.1351623535156,432.9853420343953,400.7113929892919,421.3414431303227
410,2023-07-06,420.9953308105469,434.35221677636997,403.7286988856139,421.3414431303227
411,2023-07-07,424.9949951171875,434.4691257198072,406.66482467654447,421.3414431303227
412,2023-07-10,421.7652282714844,435.9417641053956,409.6302500880967,421.3414431303227
413,2023-07-11,424.0150451660156,436.6196142383824,412.55334733386553,423.08927347717923
414,2023-07-12,438.98382568359375,437.4003395734055,414.47388926584046,423.08927347717923
415,2023-07-13,459.7321166992188,440.0890118630423,416.34570560738973,437.565062460451
416,2023-07-14,454.6525573730469,446.02826044572436,418.2490416803954,437.565062460451
417,2023-07-17,464.57171630859375,452.40760249054966,420.56674975591176,437.4048774444614
418,2023-07-18,474.90087890625,457.40600687582184,422.79763981299584,437.2832841079767
419,2023-07-19,470.731201171875,463.17892207029934,425.27750361540234,437.2832841079767
420,2023-07-20,455.1625061035156,468.2824773994567,427.86483830940114,447.06207023306666
421,2023-07-21,443.0534973144531,469.83307453145494,430.4673632354271,446.8407703606645
422,2023-07-24,446.083251953125,468.9833475365293,433.1015831648175,447.06207023306666
423,2023-07-25,456.75238037109375,467.6705362515522,435.513149347071,447.06207023306666
424,2023-07-26,454.4825439453125,468.2509671277042,437.8963214802276,447.06207023306666
425,2023-07-27,458.9621887207031,468.7907847647085,440.11088203788245,447.06207023306666
426,2023-07-28,467.4614868164063,470.8414032275348,442.12399674926917,446.8407703606645
427,2023-07-31,467.2515258789063,473.27096188436235,443.94603586894476,446.8407703606645
428,2023-08-01,465.0317077636719,475.4246306062903,445.86923609152444,448.85306053244364
429,2023-08-02,442.6535339355469,476.61323890344295,447.82845469119934,448.85306053244364
430,2023-08-03,445.1133117675781,474.2603260650356,449.4593305832098,446.8407703606645
431,2023-08-04,446.76318359375,471.6256588800413,451.11182334387433,446.6604258513176
432,2023-08-07,454.1325988769531,470.5942518275205,452.67653409061256,446.09539184415013
433,2023-08-08,446.6032104492188,470.30613707422805,454.3544120659533,446.09539184415013
434,2023-08-09,425.50494384765625,469.14434168424253,456.13745318609756,446.09539184415013
435,2023-08-10,423.8450927734375,465.41895227777115,457.50638521159317,433.44766208208836
436,2023-08-11,408.5163269042969,461.05512975418117,458.7871554673618,434.81184840654083
437,2023-08-14,437.4939575195313,455.2165681602193,459.83855321952,434.81184840654083
438,2023-08-15,439.3638000488281,452.5598729611758,460.69504860997563,434.9334417430255
439,2023-08-16,434.82415771484375,454.3873228419328,461.5204332367602,437.19125954359794
440,2023-08-17,433.404296875,455.1159687000317,462.31584636727575,448.9057206746184
441,2023-08-18,432.9543151855469,454.9495186071169,463.09417048676073,448.9057206746184
442,2023-08-21,469.6313171386719,453.57027316586164,463.77673772050514,449.0273140111031
443,2023-08-22,456.6423645019531,458.3469386017644,464.70848318346464,452.5341794739539
444,2023-08-23,471.1211853027344,463.7616870406552,465.6789053141241,455.72090218209
445,2023-08-24,471.5911560058594,467.591760572171,466.60881042204954,465.49968830717995
446,2023-08-25,460.14208984375,474.6556049184641,467.3689938990559,467.2906786065569
447,2023-08-28,468.3114318847656,476.19359794176137,468.2357426961299,467.9179411287328
448,2023-08-29,487.7998046875,477.23046093948375,469.0339601771735,469.9881415474957
449,2023-08-30,492.5994262695313,481.0799366290693,469.9182361650481,469.9881415474957
450,2023-08-31,493.5093383789063,486.72818201688165,471.0839696251955,469.9881415474957
451,2023-09-01,485.050048828125,491.58038457645773,472.65896299053674,469.9881415474957
452,2023-09-05,485.4400329589844,494.75457763668084,474.4645849748291,468.7556851255227
453,2023-09-06,470.6099853515625,496.17598265449385,476.2733326414809,468.7556851255227
454,2023-09-07,462.4100036621094,495.70910546136105,477.873039345851,459.649457881415
455,2023-09-08,455.7200012207031,492.0180855920419,479.4204273856813,459.649457881415
456,2023-09-11,451.7799987792969,488.9731721745367,480.7949973242178,459.649457881415
457,2023-09-12,448.7000122070313,485.7131427999656,481.94413837707395,451.4579534435689
458,2023-09-13,454.8500061035156,482.22381784604,482.9634613700671,449.2242497607554
459,2023-09-14,455.80999755859375,479.9196875764939,483.9818787915355,449.2242497607554
460,2023-09-15,439.0,479.0407552278421,485.30906689094104,449.2242497607554
461,2023-09-18,439.6600036621094,476.3016081510463,486.4452378226048,447.15404934199256
462,2023-09-19,435.2000122070313,471.7706644824579,487.4737041667989,440.93203876702825
463,2023-09-20,422.3900146484375,468.7049484503605,488.25979867420546,441.1533386394304
464,2023-09-21,410.1700134277344,464.9616448708743,488.9723081922342,430.010366189888
465,2023-09-22,416.1000061035156,458.971863148678,489.73801273434276,431.37455251434045
466,2023-09-25,422.2200012207031,454.69443128680945,490.36373344592397,431.37455251434045
467,2023-09-26,419.1099853515625,451.8726280990184,491.12371243903766,431.49614585082514
468,2023-09-27,424.6799926757813,449.94347006332697,491.3380699825289,431.6563308668147
469,2023-09-28,430.8900146484375,448.8887804211224,491.5068860419233,431.6563308668147
470,2023-09-29,434.989990234375,449.01420880840385,491.764448110738,431.6563308668147
471,2023-10-02,447.8200073242188,450.75354663296406,492.08624733383687,433.30897749531647
472,2023-10-03,435.1700134277344,453.71945096166763,492.5381567366455,433.0271991428422
473,2023-10-04,440.4100036621094,455.2523381538939,492.43649903000204,433.0271991428422
474,2023-10-05,446.8800048828125,455.92385705635263,492.57730079610013,433.0271991428422
