Date,Adj Close,Volume,USD_KRX_close,5-year,10-year,20-year,T10Y2Y,VIXCLS
2020-01-02,73.249023,135480400.0,1153.969971,1.67,1.88,2.19,0.3,12.47
2020-01-03,72.536888,146322800.0,1157.150024,1.59,1.8,2.11,0.27,14.02
2020-01-06,73.114883,118387200.0,1165.849976,1.61,1.81,2.13,0.27,13.85
2020-01-07,72.771019,108872000.0,1167.420044,1.62,1.83,2.16,0.29,13.79
2020-01-08,73.941635,132079200.0,1166.459961,1.67,1.87,2.21,0.29,13.45
2020-01-09,75.512215,170108400.0,1161.26001,1.65,1.85,2.17,0.27,12.54
2020-01-10,75.68293,140644800.0,1157.810059,1.63,1.83,2.14,0.27,12.56
2020-01-13,77.299835,121532000.0,1156.930054,1.65,1.85,2.16,0.27,12.32
2020-01-14,76.256042,161954400.0,1153.939941,1.63,1.82,2.12,0.24,12.39
2020-01-15,75.92926,121923600.0,1157.050049,1.6,1.79,2.09,0.23,12.42
2020-01-16,76.880371,108829200.0,1156.780029,1.63,1.81,2.11,0.23,12.32
2020-01-17,77.731522,137816400.0,1158.77002,1.63,1.84,2.16,0.26,12.1
2020-01-21,77.204735,110843200.0,1157.569946,1.57,1.78,2.1,0.25,12.85
2020-01-22,77.480324,101832400.0,1168.73999,1.57,1.77,2.07,0.24,12.91
2020-01-23,77.853455,104472000.0,1163.72998,1.55,1.74,2.03,0.23,12.98
2020-01-24,77.629105,146537600.0,1167.599976,1.51,1.7,2.0,0.21,14.56
2020-01-27,75.346375,161940000.0,1169.150024,1.44,1.61,1.91,0.17,18.23
2020-01-28,77.477882,162234000.0,1176.72998,1.47,1.65,1.95,0.2,16.28
2020-01-29,79.09967,216229200.0,1174.280029,1.41,1.6,1.89,0.18,16.39
2020-01-30,78.985046,126743200.0,1178.079956,1.39,1.57,1.88,0.16,15.49
2020-01-31,75.482956,199588400.0,1187.119995,1.32,1.51,1.83,0.18,18.84
2020-02-03,75.275642,173788400.0,1194.869995,1.35,1.54,1.84,0.18,17.97
2020-02-04,77.760788,136616400.0,1189.359985,1.42,1.61,1.91,0.2,16.05
2020-02-05,78.394875,118826800.0,1182.47998,1.46,1.66,1.97,0.22,15.15
2020-02-06,79.311844,105425600.0,1183.459961,1.45,1.65,1.94,0.21,14.96
2020-02-07,78.23378,117684000.0,1184.25,1.41,1.59,1.89,0.18,15.47
2020-02-10,78.60537,109348800.0,1191.089966,1.38,1.56,1.87,0.19,15.04
2020-02-11,78.131111,94323200.0,1185.630005,1.4,1.59,1.89,0.18,15.18
2020-02-12,79.986557,113730400.0,1180.719971,1.45,1.62,1.93,0.18,13.74
2020-02-13,79.416954,94747600.0,1177.959961,1.43,1.61,1.91,0.17,14.15
2020-02-14,79.436516,80113600.0,1183.469971,1.42,1.59,1.89,0.17,13.68
2020-02-18,77.981995,152531200.0,1183.810059,1.39,1.55,1.85,0.14,14.83
2020-02-19,79.111397,93984000.0,1189.930054,1.41,1.56,1.86,0.14,14.38
2020-02-20,78.299797,100566000.0,1191.369995,1.37,1.52,1.81,0.13,15.56
2020-02-21,76.527458,129554000.0,1204.400024,1.3,1.46,1.75,0.12,17.08
2020-02-24,72.892387,222195200.0,1205.77002,1.21,1.38,1.68,0.12,25.03
2020-02-25,70.42337,230673600.0,1217.650024,1.16,1.33,1.63,0.13,27.85
2020-02-26,71.54055,198054800.0,1214.550049,1.14,1.33,1.64,0.17,27.56
2020-02-27,66.864059,320605600.0,1211.359985,1.11,1.3,1.61,0.19,39.16
2020-02-28,66.824951,426510000.0,1211.310059,0.89,1.13,1.46,0.27,40.11
2020-03-02,73.04641,341397200.0,1200.099976,0.88,1.1,1.46,0.26,33.42
2020-03-03,70.726494,319475600.0,1188.280029,0.77,1.02,1.44,0.31,36.82
2020-03-04,74.007111,219178400.0,1186.339966,0.75,1.02,1.45,0.35,31.99
2020-03-05,71.60656,187572800.0,1183.680054,0.67,0.92,1.34,0.33,39.62
2020-03-06,70.655609,226176800.0,1187.469971,0.58,0.74,1.09,0.25,41.94
2020-03-09,65.067299,286744800.0,1187.699951,0.46,0.54,0.87,0.16,54.46
2020-03-10,69.753548,285290000.0,1199.959961,0.63,0.76,1.16,0.26,47.3
2020-03-11,67.330986,255598800.0,1184.699951,0.66,0.82,1.13,0.32,53.9
2020-03-12,60.681721,418474000.0,1189.390015,0.66,0.88,1.27,0.38,75.47
2020-03-13,67.951912,370732000.0,1209.969971,0.7,0.94,1.31,0.45,57.83
2020-03-16,59.210098,322423600.0,1210.800049,0.49,0.73,1.1,0.37,82.69
2020-03-17,61.813572,324056000.0,1232.040039,0.66,1.02,1.45,0.55,75.91
2020-03-18,60.300373,300233600.0,1237.98999,0.79,1.18,1.6,0.64,76.45
2020-03-19,59.838348,271857200.0,1255.349976,0.66,1.12,1.56,0.68,72.0
2020-03-20,56.039474,401693200.0,1256.880005,0.52,0.92,1.35,0.55,66.04
2020-03-23,54.848969,336752800.0,1253.949951,0.38,0.76,1.12,0.48,61.59
2020-03-24,60.351715,287531200.0,1262.930054,0.52,0.84,1.19,0.46,61.67
2020-03-25,60.019253,303602000.0,1228.599976,0.56,0.88,1.23,0.54,63.95
2020-03-26,63.17765,252087200.0,1231.079956,0.51,0.83,1.2,0.53,61.0
2020-03-27,60.561943,204216800.0,1212.189941,0.41,0.72,1.09,0.47,65.54
2020-03-30,62.29026,167976400.0,1211.630005,0.39,0.7,1.1,0.47,57.08
2020-03-31,62.163147,197002000.0,1222.699951,0.37,0.7,1.15,0.47,53.54
2020-04-01,58.8923,176218400.0,1216.660034,0.37,0.62,1.04,0.39,57.06
2020-04-02,59.875027,165934000.0,1234.72998,0.39,0.63,1.04,0.4,50.91
2020-04-03,59.01453,129880000.0,1226.849976,0.39,0.62,1.05,0.39,46.8
2020-04-06,64.162819,201820400.0,1235.800049,0.44,0.67,1.08,0.4,45.24
2020-04-07,63.419662,202887200.0,1223.099976,0.48,0.75,1.13,0.47,46.7
2020-04-08,65.042877,168895200.0,1215.310059,0.47,0.77,1.18,0.5,43.35
2020-04-09,65.512215,161834800.0,1214.75,0.41,0.73,1.15,0.5,41.67
2020-04-13,66.798058,131022800.0,1211.040039,0.44,0.76,1.19,0.51,41.17
2020-04-14,70.171562,194994800.0,1213.900024,0.42,0.76,1.19,0.53,37.76
2020-04-15,69.531097,131154400.0,1212.380005,0.34,0.63,1.06,0.43,40.84
2020-04-16,70.083565,157125200.0,1222.550049,0.35,0.61,1.01,0.41,40.11
2020-04-17,69.132614,215250000.0,1226.640015,0.36,0.65,1.08,0.45,38.15
2020-04-20,67.697662,130015200.0,1215.26001,0.35,0.63,1.04,0.43,43.83
2020-04-21,65.605118,180991600.0,1218.099976,0.34,0.58,0.98,0.38,45.41
2020-04-22,67.494766,116862400.0,1230.849976,0.37,0.63,1.03,0.41,41.98
2020-04-23,67.233192,124814400.0,1231.380005,0.37,0.61,0.99,0.39,41.38
2020-04-24,69.174179,126161200.0,1232.449951,0.36,0.6,0.98,0.38,35.93
2020-04-27,69.223083,117087600.0,1229.5,0.41,0.67,1.06,0.43,33.29
2020-04-28,68.101006,112004800.0,1220.869995,0.37,0.62,1.0,0.42,33.57
2020-04-29,70.337791,137280800.0,1220.400024,0.36,0.63,1.02,0.43,31.23
2020-04-30,71.821663,183064000.0,1210.790039,0.36,0.64,1.05,0.44,34.15
2020-05-01,70.665375,240616800.0,1212.959961,0.36,0.64,1.04,0.44,37.19
2020-05-04,71.665222,133568000.0,1223.780029,0.36,0.64,1.05,0.45,35.97
2020-05-05,72.740829,147751200.0,1222.449951,0.36,0.66,1.07,0.47,33.61
2020-05-06,73.49131,142333600.0,1221.25,0.37,0.72,1.16,0.55,34.12
2020-05-07,74.251579,115215200.0,1228.530029,0.29,0.63,1.05,0.5,31.44
2020-05-08,76.018875,133838400.0,1218.630005,0.33,0.69,1.12,0.53,27.98
2020-05-11,77.215065,145946400.0,1218.699951,0.36,0.73,1.16,0.56,27.57
2020-05-12,76.332626,162301200.0,1222.400024,0.34,0.69,1.11,0.52,33.04
2020-05-13,75.410988,200622400.0,1225.650024,0.31,0.64,1.07,0.48,35.28
2020-05-14,75.874275,158929200.0,1226.550049,0.31,0.63,1.03,0.47,32.61
2020-05-15,75.42569,166348400.0,1225.459961,0.31,0.64,1.05,0.48,31.89
2020-05-18,77.20282,135178400.0,1232.089966,0.38,0.73,1.17,0.55,29.3
2020-05-19,76.756691,101729600.0,1224.199951,0.35,0.7,1.15,0.53,30.53
2020-05-20,78.249489,111504800.0,1224.319946,0.34,0.68,1.19,0.52,27.99
2020-05-21,77.666084,102688800.0,1226.550049,0.35,0.68,1.16,0.51,29.53
2020-05-22,78.166138,81803200.0,1233.390015,0.34,0.66,1.12,0.49,28.16
2020-05-26,77.636681,125522000.0,1240.02002,0.35,0.69,1.19,0.51,28.01
2020-05-27,77.974953,112945200.0,1230.869995,0.34,0.68,1.19,0.49,27.62
2020-05-28,78.009247,133560800.0,1238.300049,0.34,0.7,1.23,0.53,28.59
2020-05-29,77.933266,153532400.0,1237.97998,0.3,0.65,1.18,0.49,27.51
2020-06-01,78.891678,80791200.0,1230.469971,0.31,0.66,1.22,0.52,28.23
2020-06-02,79.256927,87642800.0,1222.98999,0.32,0.68,1.24,0.51,26.84
2020-06-03,79.69323,104491200.0,1219.140015,0.38,0.77,1.32,0.58,25.66
2020-06-04,79.006897,87560400.0,1215.819946,0.4,0.82,1.38,0.63,25.81
2020-06-05,81.257095,137250400.0,1215.380005,0.47,0.91,1.46,0.69,24.52
2020-06-08,81.737534,95654400.0,1201.109985,0.45,0.88,1.43,0.66,25.81
2020-06-09,84.318626,147712400.0,1195.72998,0.4,0.84,1.37,0.64,27.57
2020-06-10,86.487938,166651600.0,1197.300049,0.33,0.75,1.31,0.58,27.57
2020-06-11,82.335609,201662400.0,1189.73999,0.32,0.66,1.19,0.47,40.79
2020-06-12,83.046448,200146000.0,1204.76001,0.33,0.71,1.24,0.52,36.09
2020-06-15,84.073502,138808800.0,1202.609985,0.33,0.71,1.24,0.52,34.4
2020-06-16,86.301636,165428800.0,1206.900024,0.34,0.75,1.31,0.54,33.67
2020-06-17,86.181526,114406400.0,1211.150024,0.34,0.74,1.3,0.55,33.47
2020-06-18,86.215851,96820400.0,1214.349976,0.34,0.71,1.24,0.52,32.94
2020-06-19,85.72316,264476000.0,1211.359985,0.33,0.7,1.23,0.51,35.12
2020-06-22,87.966011,135445200.0,1210.890015,0.34,0.71,1.23,0.52,31.77
2020-06-23,89.843628,212155600.0,1208.0,0.33,0.72,1.25,0.54,31.37
2020-06-24,88.257713,192623200.0,1207.949951,0.33,0.69,1.21,0.5,33.84
2020-06-25,89.429375,137522400.0,1205.25,0.32,0.68,1.2,0.51,32.22
2020-06-26,86.681595,205256800.0,1201.52002,0.3,0.64,1.15,0.47,34.73
2020-06-29,88.679314,130646000.0,1202.630005,0.28,0.64,1.16,0.48,31.78
2020-06-30,89.419563,140223200.0,1198.48999,0.29,0.66,1.18,0.5,30.43
2020-07-01,89.250427,110737200.0,1198.390015,0.31,0.69,1.2,0.52,28.62
2020-07-02,89.250427,114041600.0,1200.699951,0.29,0.68,1.2,0.52,27.68
2020-07-06,91.637886,118655600.0,1198.5,0.31,0.69,1.21,0.53,27.94
2020-07-07,91.353561,112424400.0,1190.930054,0.29,0.65,1.15,0.49,29.43
2020-07-08,93.481201,117092000.0,1195.699951,0.3,0.67,1.16,0.51,28.08
2020-07-09,93.883179,125642800.0,1192.02002,0.28,0.62,1.09,0.46,29.26
2020-07-10,94.047424,90257200.0,1195.77002,0.3,0.65,1.12,0.49,27.29
2020-07-13,93.613564,191649200.0,1199.52002,0.3,0.64,1.11,0.48,32.19
2020-07-14,95.16272,170989200.0,1203.780029,0.28,0.63,1.09,0.49,29.52
2020-07-15,95.817184,153198000.0,1203.97998,0.28,0.64,1.11,0.48,27.76
2020-07-16,94.638145,110577600.0,1200.469971,0.28,0.62,1.09,0.46,28.0
2020-07-17,94.446953,92186800.0,1204.22998,0.29,0.64,1.11,0.5,25.68
2020-07-20,96.43734,90318000.0,1202.530029,0.29,0.62,1.1,0.46,24.46
2020-07-21,95.106346,103433200.0,1200.030029,0.27,0.61,1.09,0.47,24.84
2020-07-22,95.373512,89001600.0,1192.73999,0.27,0.6,1.08,0.46,24.32
2020-07-23,91.03244,197004400.0,1197.22998,0.27,0.59,1.03,0.43,26.08
2020-07-24,90.806931,185438800.0,1200.939941,0.27,0.59,1.03,0.45,25.84
2020-07-27,92.959076,121214000.0,1200.48999,0.3,0.62,1.05,0.47,24.74
2020-07-28,91.431999,103625600.0,1195.920044,0.26,0.59,1.01,0.45,25.44
2020-07-29,93.184608,90329200.0,1199.369995,0.25,0.58,1.03,0.46,24.1
2020-07-30,94.312157,158130000.0,1190.72998,0.23,0.55,0.98,0.44,24.76
2020-07-31,104.185555,374336800.0,1189.560059,0.21,0.55,0.98,0.44,24.46
2020-08-03,106.810799,308151200.0,1193.390015,0.22,0.56,1.01,0.45,24.28
2020-08-04,107.524094,173071600.0,1191.76001,0.19,0.52,0.96,0.41,23.76
2020-08-05,107.913826,121776800.0,1192.25,0.22,0.55,1.0,0.44,22.99
2020-08-06,111.678848,202428800.0,1185.180054,0.21,0.55,0.98,0.44,22.65
2020-08-07,109.139755,198045600.0,1183.170044,0.23,0.57,1.01,0.44,22.21
2020-08-10,110.726074,212403600.0,1188.150024,0.24,0.59,1.04,0.45,22.13
2020-08-11,107.433121,187902400.0,1185.189941,0.27,0.64,1.1,0.48,24.03
2020-08-12,111.003578,165598000.0,1184.97998,0.3,0.69,1.15,0.53,22.28
2020-08-13,112.968063,210082000.0,1182.75,0.32,0.71,1.2,0.55,22.13
2020-08-14,112.867378,165565200.0,1184.119995,0.29,0.71,1.21,0.57,22.05
2020-08-17,112.572693,119561600.0,1186.040039,0.29,0.69,1.19,0.55,21.35
2020-08-18,113.51075,105633600.0,1183.099976,0.27,0.67,1.16,0.53,21.51
2020-08-19,113.653175,145538000.0,1183.640015,0.29,0.68,1.2,0.54,22.54
2020-08-20,116.175095,126907200.0,1181.209961,0.26,0.65,1.15,0.52,22.72
2020-08-21,122.161873,338054800.0,1184.290039,0.27,0.64,1.13,0.48,22.54
2020-08-24,123.622971,345937600.0,1191.199951,0.28,0.65,1.14,0.51,22.37
2020-08-25,122.608803,211495600.0,1188.25,0.3,0.69,1.18,0.54,22.03
2020-08-26,124.276161,163022400.0,1186.459961,0.28,0.69,1.2,0.53,23.27
2020-08-27,122.79052,155552400.0,1183.849976,0.31,0.74,1.28,0.58,24.47
2020-08-28,122.591614,187630000.0,1186.579956,0.28,0.74,1.29,0.6,22.96
2020-08-31,126.748955,225702700.0,1179.589966,0.28,0.72,1.26,0.58,26.41
2020-09-01,131.797699,151948100.0,1187.040039,0.26,0.68,1.2,0.55,26.12
2020-09-02,129.067047,200119000.0,1184.920044,0.26,0.66,1.16,0.52,26.57
2020-09-03,118.733849,257599600.0,1188.650024,0.24,0.63,1.13,0.5,33.6
2020-09-04,118.812424,332607200.0,1190.780029,0.3,0.72,1.25,0.58,30.75
2020-09-08,110.816933,231366600.0,1186.810059,0.28,0.69,1.22,0.55,31.46
2020-09-09,115.237038,176940500.0,1189.23999,0.28,0.71,1.25,0.57,28.81
2020-09-10,111.475037,182274400.0,1184.380005,0.26,0.68,1.22,0.54,29.71
2020-09-11,110.011497,180860300.0,1187.22998,0.26,0.67,1.21,0.54,26.87
2020-09-14,113.311852,140150100.0,1186.969971,0.27,0.68,1.21,0.54,25.85
2020-09-15,113.48864,184642000.0,1180.839966,0.27,0.68,1.21,0.54,25.59
2020-09-16,110.139191,154679000.0,1179.25,0.28,0.69,1.23,0.55,26.04
2020-09-17,108.380951,178011000.0,1172.069946,0.28,0.69,1.22,0.56,26.46
2020-09-18,104.943092,287104900.0,1168.650024,0.29,0.7,1.24,0.56,25.83
2020-09-21,108.125587,195713800.0,1163.98999,0.27,0.68,1.22,0.54,27.78
2020-09-22,109.82486,183055400.0,1163.849976,0.27,0.68,1.21,0.55,26.86
2020-09-23,105.21814,150718700.0,1162.5,0.28,0.68,1.21,0.54,28.58
2020-09-24,106.298615,167743300.0,1169.72998,0.27,0.67,1.19,0.53,28.51
2020-09-25,110.286522,149981400.0,1168.5,0.26,0.66,1.19,0.54,26.38
2020-09-28,112.918961,137672400.0,1173.439941,0.26,0.67,1.2,0.53,26.19
2020-09-29,112.0644,99382200.0,1166.410034,0.24,0.66,1.19,0.55,26.27
2020-09-30,113.753845,142675200.0,1167.859985,0.28,0.69,1.23,0.56,26.37
2020-10-01,114.716461,116120400.0,1163.780029,0.27,0.68,1.23,0.54,26.7
2020-10-02,111.01339,144712000.0,1161.97998,0.28,0.7,1.25,0.57,27.63
2020-10-05,114.431602,106243800.0,1165.359985,0.33,0.78,1.34,0.64,27.96
2020-10-06,111.150909,161498200.0,1156.089966,0.32,0.76,1.33,0.62,29.48
2020-10-07,113.036819,96849000.0,1163.890015,0.35,0.81,1.37,0.65,28.06
2020-10-08,112.928764,83477200.0,1156.5,0.33,0.78,1.34,0.65,26.36
2020-10-09,114.89325,100506900.0,1150.359985,0.34,0.79,1.34,0.63,25.0
2020-10-12,122.19136,240226800.0,1142.650024,,,,0.63,25.07
2020-10-13,118.949936,262330500.0,1146.400024,0.31,0.74,1.29,0.58,26.07
2020-10-14,119.038345,150712000.0,1147.890015,0.3,0.73,1.28,0.59,26.4
2020-10-15,118.566849,112559200.0,1146.310059,0.32,0.74,1.29,0.6,26.97
2020-10-16,116.906853,115393800.0,1144.130005,0.32,0.76,1.3,0.62,27.41
2020-10-19,113.920845,120639300.0,1141.180054,0.34,0.78,1.32,0.62,29.18
2020-10-20,115.423683,124423700.0,1137.0,0.34,0.81,1.37,0.67,29.35
2020-10-21,114.795029,89946000.0,1136.0,0.36,0.83,1.4,0.69,28.65
2020-10-22,113.694916,101988000.0,1132.030029,0.38,0.87,1.43,0.71,28.11
2020-10-23,112.99752,82572600.0,1134.150024,0.37,0.85,1.41,0.67,27.55
2020-10-26,113.007339,111850700.0,1127.76001,0.35,0.81,1.37,0.65,32.46
2020-10-27,114.529816,92276800.0,1131.640015,0.34,0.79,1.34,0.63,33.35
2020-10-28,109.225685,143937800.0,1128.22998,0.34,0.79,1.34,0.63,40.28
2020-10-29,113.27256,146129200.0,1134.180054,0.38,0.85,1.39,0.69,37.59
2020-10-30,106.927246,190272600.0,1129.52002,0.38,0.88,1.43,0.74,38.02
2020-11-02,106.838829,122866900.0,1135.609985,0.38,0.87,1.41,0.71,37.13
2020-11-03,108.479202,107624400.0,1132.140015,0.39,0.9,1.44,0.73,35.55
2020-11-04,112.909119,138235500.0,1130.329956,0.33,0.78,1.33,0.64,29.57
2020-11-05,116.916679,126387100.0,1129.73999,0.33,0.79,1.32,0.65,27.58
2020-11-06,116.783867,114457900.0,1122.630005,0.36,0.83,1.37,0.67,24.86
2020-11-09,114.45192,154515300.0,1121.150024,0.44,0.96,1.51,0.79,25.75
2020-11-10,114.107513,138023400.0,1118.689941,0.46,0.98,1.53,0.79,24.8
2020-11-11,117.570992,112295000.0,1116.079956,,,,0.79,23.45
2020-11-12,117.295486,103162300.0,1111.449951,0.4,0.88,1.42,0.71,25.35
2020-11-13,117.344688,81581900.0,1114.910034,0.41,0.89,1.43,0.72,23.1
2020-11-16,118.368011,91183000.0,1107.76001,0.41,0.91,1.44,0.72,22.45
2020-11-17,117.472618,74271000.0,1106.089966,0.39,0.87,1.4,0.69,22.71
2020-11-18,116.134453,76322100.0,1104.949951,0.4,0.88,1.42,0.72,23.84
2020-11-19,116.734657,74113000.0,1105.900024,0.39,0.86,1.38,0.68,23.11
2020-11-20,115.455528,73604300.0,1114.140015,0.38,0.83,1.33,0.67,23.7
2020-11-23,112.021591,127959300.0,1113.829956,0.39,0.86,1.36,0.7,22.66
2020-11-24,113.320381,113874200.0,1113.079956,0.39,0.88,1.4,0.72,21.64
2020-11-25,114.166573,76499200.0,1109.709961,0.39,0.88,1.41,0.71,21.25
2020-11-27,114.717567,46691300.0,1105.560059,0.37,0.84,1.36,0.68,20.84
2020-11-30,117.138077,169410200.0,1104.329956,0.36,0.84,1.37,0.68,20.57
2020-12-01,120.749138,127728200.0,1108.51001,0.42,0.92,1.46,0.75,20.77
2020-12-02,121.103355,89004200.0,1106.280029,0.42,0.95,1.5,0.79,21.17
2020-12-03,120.965607,78967600.0,1099.380005,0.4,0.92,1.46,0.76,21.28
2020-12-04,120.28669,78260400.0,1091.319946,0.42,0.97,1.53,0.81,20.79
2020-12-07,121.762581,86712000.0,1083.780029,0.4,0.94,1.49,0.8,21.3
2020-12-08,122.382462,82225500.0,1083.680054,0.39,0.92,1.46,0.78,20.68
2020-12-09,119.824219,115089200.0,1084.859985,0.41,0.95,1.48,0.79,22.27
2020-12-10,121.260765,81312200.0,1086.359985,0.39,0.92,1.44,0.78,22.52
2020-12-11,120.444107,86939800.0,1086.369995,0.37,0.9,1.42,0.79,23.31
2020-12-14,119.824219,79184500.0,1091.579956,0.37,0.9,1.43,0.77,24.72
2020-12-15,125.826263,157243700.0,1092.060059,0.37,0.92,1.45,0.81,22.89
2020-12-16,125.757378,98208600.0,1088.209961,0.37,0.92,1.46,0.79,22.5
2020-12-17,126.633087,94359800.0,1091.650024,0.38,0.94,1.47,0.81,21.93
2020-12-18,124.625854,192541500.0,1092.160034,0.39,0.95,1.49,0.82,21.57
2020-12-21,126.170639,121251600.0,1098.97998,0.39,0.95,1.48,0.82,25.16
2020-12-22,129.762039,168904800.0,1101.859985,0.37,0.93,1.45,0.8,24.23
2020-12-23,128.856781,88223700.0,1107.97998,0.38,0.96,1.49,0.83,23.31
2020-12-24,129.850571,54930100.0,1104.800049,0.37,0.94,1.46,0.81,21.53
2020-12-28,134.494766,124486200.0,1099.089966,0.38,0.94,1.46,0.81,21.7
2020-12-29,132.703964,121047300.0,1095.0,0.37,0.94,1.47,0.82,23.08
2020-12-30,131.572464,96452100.0,1092.619995,0.37,0.93,1.46,0.81,22.77
2020-12-31,130.559036,99116600.0,1086.420044,0.36,0.93,1.45,0.8,22.75
2021-01-04,127.33168,143301900.0,1084.72998,0.36,0.93,1.46,0.82,26.97
2021-01-05,128.906036,97664900.0,1086.619995,0.38,0.96,1.49,0.83,25.34
2021-01-06,124.566826,155088000.0,1086.449951,0.43,1.04,1.6,0.9,25.07
2021-01-07,128.817413,109578200.0,1086.949951,0.46,1.08,1.64,0.94,22.37
2021-01-08,129.929291,105158200.0,1093.069946,0.49,1.13,1.67,0.99,21.56
2021-01-11,126.9086,100384500.0,1092.819946,0.5,1.15,1.68,1.01,24.08
2021-01-12,126.731499,91951100.0,1096.449951,0.5,1.15,1.68,1.01,23.33
2021-01-13,128.787857,88636800.0,1093.540039,0.48,1.1,1.63,0.96,22.21
2021-01-14,126.839722,90221800.0,1097.109985,0.49,1.15,1.69,0.99,23.25
2021-01-15,125.098137,111598500.0,1094.900024,0.46,1.11,1.66,0.98,24.34
2021-01-19,125.777069,90757300.0,1103.099976,0.45,1.1,1.65,0.96,23.24
2021-01-20,129.909622,104319500.0,1100.98999,0.45,1.1,1.65,0.97,21.58
2021-01-21,134.671875,120150900.0,1096.25,0.45,1.12,1.68,0.99,21.32
2021-01-22,136.836594,114459400.0,1099.900024,0.44,1.1,1.66,0.97,21.91
2021-01-25,140.62471,157611700.0,1104.640015,0.42,1.05,1.61,0.92,23.19
2021-01-26,140.86087,98390600.0,1101.72998,0.42,1.05,1.61,0.94,23.02
2021-01-27,139.778549,140843800.0,1101.0,0.41,1.04,1.6,0.92,37.21
2021-01-28,134.888351,142621100.0,1107.5,0.42,1.07,1.63,0.95,30.21
2021-01-29,129.840729,177523800.0,1112.290039,0.45,1.11,1.68,1.0,33.09
2021-02-01,131.985703,106239800.0,1117.430054,0.42,1.09,1.66,0.98,30.24
2021-02-02,132.822098,83305400.0,1116.880005,0.45,1.12,1.69,1.01,25.56
2021-02-03,131.78894,89880900.0,1113.609985,0.46,1.15,1.73,1.04,22.91
2021-02-04,135.183517,84183100.0,1113.150024,0.46,1.15,1.75,1.04,21.77
2021-02-05,134.764771,75693800.0,1119.130005,0.47,1.19,1.79,1.1,20.87
2021-02-08,134.912537,71297200.0,1116.849976,0.48,1.19,1.78,1.08,21.24
2021-02-09,134.02565,76774200.0,1116.329956,0.48,1.18,1.78,1.07,21.63
2021-02-10,133.414688,73046600.0,1110.0,0.46,1.15,1.75,1.04,21.99
2021-02-11,133.158539,64280000.0,1103.97998,0.46,1.16,1.77,1.05,21.25
2021-02-12,133.394989,60145100.0,1102.219971,0.5,1.2,1.83,1.09,19.97
2021-02-16,131.246796,80576300.0,1102.23999,0.57,1.3,1.92,1.17,21.46
2021-02-17,128.931076,97918500.0,1106.459961,0.57,1.29,1.92,1.18,21.5
2021-02-18,127.817596,96856700.0,1104.550049,0.56,1.29,1.91,1.18,22.49
2021-02-19,127.975273,87668800.0,1106.219971,0.59,1.34,1.98,1.23,22.05
2021-02-22,124.161713,103916400.0,1103.939941,0.61,1.37,2.02,1.26,23.45
2021-02-23,124.023758,158273000.0,1110.670044,0.59,1.37,2.03,1.26,23.11
2021-02-24,123.521194,111039900.0,1109.310059,0.62,1.38,2.07,1.26,21.34
2021-02-25,119.2248,148199500.0,1107.209961,0.81,1.54,2.25,1.37,28.89
2021-02-26,119.490868,164560400.0,1119.130005,0.75,1.44,2.08,1.3,27.95
2021-03-01,125.925606,116307900.0,1123.369995,0.71,1.45,2.11,1.32,23.35
2021-03-02,123.294548,102260900.0,1101.829956,0.67,1.42,2.09,1.29,24.1
2021-03-03,120.27919,112966300.0,1124.329956,0.73,1.47,2.12,1.33,26.67
2021-03-04,118.377357,178155000.0,1129.5,0.77,1.54,2.18,1.4,28.57
2021-03-05,119.648537,153766600.0,1133.349976,0.79,1.56,2.18,1.42,24.66
2021-03-08,114.662354,154376600.0,1127.48999,0.86,1.59,2.2,1.42,25.47
2021-03-09,119.323349,129525800.0,1140.22998,0.83,1.55,2.16,1.38,24.03
2021-03-10,118.229553,111943300.0,1134.910034,0.8,1.53,2.15,1.37,22.56
2021-03-11,120.180641,103026500.0,1136.01001,0.78,1.54,2.18,1.4,21.91
2021-03-12,119.264214,88105100.0,1129.640015,0.85,1.64,2.31,1.5,20.69
2021-03-15,122.181038,92403800.0,1134.5,0.84,1.62,2.27,1.48,20.03
2021-03-16,123.737991,115227900.0,1131.390015,0.83,1.62,2.3,1.47,19.79
2021-03-17,122.939804,111932600.0,1129.839966,0.8,1.63,2.32,1.5,19.23
2021-03-18,118.771515,121229700.0,1121.130005,0.86,1.71,2.36,1.55,21.58
2021-03-19,118.239395,185549500.0,1126.109985,0.9,1.74,2.36,1.58,20.95
2021-03-22,121.589783,111912300.0,1127.47998,0.87,1.69,2.29,1.54,18.88
2021-03-23,120.752197,95467100.0,1125.119995,0.83,1.63,2.24,1.48,20.3
2021-03-24,118.337936,88530500.0,1133.199951,0.83,1.62,2.21,1.48,21.2
2021-03-25,118.830643,98844700.0,1134.47998,0.82,1.63,2.24,1.49,19.81
2021-03-26,119.441597,94071200.0,1134.209961,0.85,1.67,2.27,1.53,18.86
2021-03-29,119.618988,80819200.0,1127.959961,0.89,1.73,2.32,1.59,20.74
2021-03-30,118.150711,85671900.0,1131.650024,0.9,1.73,2.29,1.57,19.61
2021-03-31,120.367882,118323800.0,1132.319946,0.92,1.74,2.31,1.58,19.4
2021-04-01,121.205482,75089100.0,1127.199951,0.9,1.69,2.24,1.52,17.33
2021-04-05,124.063171,88651200.0,1128.790039,0.94,1.73,2.28,1.56,17.91
2021-04-06,124.368652,80171300.0,1124.109985,0.88,1.67,2.24,1.51,18.12
2021-04-07,126.033989,83466700.0,1117.5,0.87,1.68,2.26,1.52,17.16
2021-04-08,128.458115,88844600.0,1117.859985,0.85,1.64,2.22,1.5,16.95
2021-04-09,131.059555,106686700.0,1115.839966,0.87,1.67,2.23,1.51,16.69
2021-04-12,129.325226,91420000.0,1122.060059,0.89,1.69,2.24,1.51,16.91
2021-04-13,132.468719,91266500.0,1124.449951,0.85,1.64,2.21,1.48,16.65
2021-04-14,130.10376,87222800.0,1120.689941,0.87,1.64,2.22,1.48,16.99
2021-04-15,132.537735,89347100.0,1116.109985,0.81,1.56,2.13,1.4,16.57
2021-04-16,132.202652,84922400.0,1115.670044,0.84,1.59,2.15,1.43,16.25
2021-04-19,132.872742,94264200.0,1115.650024,0.85,1.61,2.18,1.45,17.29
2021-04-20,131.167984,94812300.0,1114.469971,0.81,1.58,2.16,1.43,18.68
2021-04-21,131.552277,68847100.0,1116.109985,0.81,1.57,2.16,1.42,17.5
2021-04-22,130.015076,84566500.0,1115.660034,0.81,1.57,2.13,1.41,18.71
2021-04-23,132.360321,78657500.0,1118.589966,0.83,1.58,2.14,1.42,17.33
2021-04-26,132.754486,66905100.0,1114.130005,0.85,1.58,2.13,1.4,17.64
2021-04-27,132.429321,66015800.0,1109.22998,0.88,1.63,2.18,1.46,17.56
2021-04-28,131.631119,107760100.0,1112.150024,0.86,1.63,2.19,1.46,17.28
2021-04-29,131.532562,151101000.0,1108.660034,0.86,1.65,2.2,1.49,17.61
2021-04-30,129.542068,109839500.0,1106.630005,0.86,1.65,2.19,1.49,18.61
2021-05-03,130.606293,75135100.0,1116.76001,0.84,1.63,2.18,1.47,18.31
2021-05-04,125.984718,137564700.0,1120.400024,0.82,1.61,2.16,1.45,19.48
2021-05-05,126.231094,84000900.0,1124.910034,0.8,1.59,2.14,1.43,19.15
2021-05-06,127.84716,78128300.0,1123.98999,0.81,1.58,2.14,1.42,18.39
2021-05-07,128.528229,78973300.0,1119.390015,0.77,1.6,2.17,1.46,16.69
2021-05-10,125.211639,88071200.0,1111.969971,0.8,1.63,2.2,1.47,19.66
2021-05-11,124.283783,126142800.0,1115.540039,0.8,1.64,2.23,1.48,21.84
2021-05-12,121.184326,112172300.0,1118.22998,0.87,1.69,2.29,1.53,27.59
2021-05-13,123.355919,105861300.0,1131.599976,0.84,1.66,2.28,1.5,23.13
2021-05-14,125.803879,81918000.0,1125.699951,0.82,1.63,2.25,1.47,18.81
2021-05-17,124.639122,74244600.0,1125.530029,0.84,1.64,2.27,1.48,19.72
2021-05-18,123.237473,63342900.0,1135.51001,0.83,1.64,2.27,1.48,21.34
2021-05-19,123.079529,92612000.0,1127.140015,0.87,1.68,2.3,1.52,22.18
2021-05-20,125.665688,76857100.0,1130.369995,0.83,1.63,2.25,1.48,20.67
2021-05-21,123.809975,79295400.0,1127.050049,0.84,1.63,2.24,1.46,20.15
2021-05-24,125.458397,63092900.0,1126.790039,0.82,1.61,2.22,1.46,18.4
2021-05-25,125.261002,72009500.0,1122.189941,0.79,1.56,2.16,1.41,18.84
2021-05-26,125.211639,56575900.0,1121.380005,0.8,1.58,2.17,1.44,17.36
2021-05-27,123.661926,94625600.0,1115.52002,0.81,1.61,2.2,1.47,16.74
2021-05-28,123.000565,71311100.0,1117.300049,0.79,1.58,2.18,1.44,16.76
2021-06-01,122.67482,67637100.0,1106.97998,0.81,1.62,2.22,1.46,17.9
2021-06-02,123.444756,59278900.0,1107.209961,0.8,1.59,2.21,1.46,17.48
2021-06-03,121.944389,76229200.0,1109.880005,0.84,1.63,2.22,1.47,18.04
2021-06-04,124.264038,75169300.0,1115.439941,0.78,1.56,2.16,1.42,16.42
2021-06-07,124.273903,71057600.0,1109.680054,0.79,1.57,2.17,1.41,16.42
2021-06-08,125.103043,74403800.0,1109.319946,0.77,1.53,2.13,1.39,17.07
2021-06-09,125.488007,56877900.0,1116.890015,0.75,1.5,2.1,1.34,17.89
2021-06-10,124.481171,71186400.0,1116.410034,0.73,1.45,2.07,1.31,16.1
2021-06-11,125.705177,53522400.0,1111.26001,0.76,1.47,2.08,1.31,15.65
2021-06-14,128.794769,96906500.0,1115.550049,0.8,1.51,2.12,1.35,16.39
2021-06-15,127.965599,62746300.0,1116.319946,0.79,1.51,2.12,1.35,17.02
2021-06-16,128.469009,91815000.0,1116.030029,0.89,1.57,2.13,1.36,18.15
2021-06-17,130.087799,96721700.0,1131.949951,0.9,1.52,2.05,1.29,17.75
2021-06-18,128.77504,108953300.0,1133.540039,0.89,1.45,1.97,1.19,20.7
2021-06-21,130.591248,79663300.0,1134.25,0.9,1.5,2.05,1.23,17.89
2021-06-22,132.249542,74783600.0,1130.339966,0.87,1.48,2.03,1.23,16.66
2021-06-23,131.973145,60214200.0,1132.51001,0.9,1.5,2.04,1.24,16.32
2021-06-24,131.686905,68711000.0,1132.609985,0.9,1.49,2.03,1.23,15.97
2021-06-25,131.390778,70783700.0,1130.800049,0.92,1.54,2.09,1.26,15.62
2021-06-28,133.0392,62111300.0,1125.339966,0.9,1.49,2.04,1.24,15.76
2021-06-29,134.569199,64556100.0,1129.040039,0.89,1.49,2.03,1.22,16.02
2021-06-30,135.191071,63261400.0,1130.51001,0.87,1.45,2.0,1.2,15.83
2021-07-01,135.49707,52485800.0,1129.599976,0.89,1.48,2.01,1.23,15.48
2021-07-02,138.152328,78852600.0,1132.410034,0.86,1.44,1.98,1.2,15.07
2021-07-06,140.18573,108181800.0,1129.439941,0.81,1.37,1.92,1.15,16.44
2021-07-07,142.702789,104911600.0,1135.47998,0.79,1.33,1.87,1.11,16.2
2021-07-08,141.389969,105575500.0,1140.52002,0.74,1.3,1.84,1.11,19.0
2021-07-09,143.235794,99890800.0,1146.280029,0.79,1.37,1.91,1.14,16.18
2021-07-12,142.633667,76299700.0,1144.310059,0.81,1.38,1.93,1.15,16.17
2021-07-13,143.758957,100827100.0,1141.099976,0.85,1.42,1.96,1.16,17.12
2021-07-14,147.223587,127050800.0,1148.699951,0.8,1.37,1.91,1.14,16.33
2021-07-15,146.562271,106820300.0,1143.410034,0.78,1.31,1.85,1.08,17.01
2021-07-16,144.499252,93251400.0,1140.119995,0.79,1.31,1.86,1.06,18.45
2021-07-19,140.610153,121434600.0,1141.5,0.7,1.19,1.74,0.98,22.5
2021-07-20,144.262375,96350000.0,1150.069946,0.69,1.23,1.79,1.03,19.73
2021-07-21,143.522064,74993500.0,1147.47998,0.74,1.3,1.87,1.08,17.91
2021-07-22,144.903961,77338200.0,1148.689941,0.71,1.27,1.82,1.07,17.69
2021-07-23,146.641235,71447400.0,1149.910034,0.72,1.3,1.85,1.08,17.2
2021-07-26,147.065689,72434100.0,1151.119995,0.73,1.29,1.85,1.07,17.58
2021-07-27,144.874359,104818600.0,1151.76001,0.71,1.25,1.81,1.05,19.36
2021-07-28,143.107468,118931200.0,1153.560059,0.72,1.26,1.83,1.06,18.31
2021-07-29,143.758957,56699500.0,1149.410034,0.73,1.28,1.84,1.08,17.7
2021-07-30,143.976105,70440600.0,1142.119995,0.69,1.24,1.81,1.05,18.24
2021-08-02,143.640488,62880000.0,1150.930054,0.66,1.2,1.77,1.03,19.46
2021-08-03,145.456741,64786600.0,1149.560059,0.65,1.19,1.76,1.02,18.04
2021-08-04,145.052017,56368300.0,1148.579956,0.67,1.19,1.74,1.02,17.97
2021-08-05,145.160568,46397700.0,1144.060059,0.72,1.23,1.77,1.02,17.28
2021-08-06,144.468643,54126800.0,1143.119995,0.77,1.31,1.85,1.1,16.15
2021-08-09,144.419189,48908700.0,1144.920044,0.79,1.33,1.87,1.1,16.72
2021-08-10,143.934784,69023100.0,1145.890015,0.82,1.36,1.9,1.12,16.79
2021-08-11,144.191818,48493500.0,1152.47998,0.81,1.35,1.9,1.12,16.06
2021-08-12,147.187149,72282600.0,1152.849976,0.83,1.36,1.92,1.13,15.59
2021-08-13,147.394775,59375000.0,1162.060059,0.79,1.29,1.85,1.06,15.45
2021-08-16,149.391647,103296000.0,1161.380005,0.75,1.26,1.82,1.05,16.12
2021-08-17,148.472275,92229700.0,1164.5,0.77,1.26,1.82,1.03,17.91
2021-08-18,144.686111,86326000.0,1176.449951,0.79,1.27,1.84,1.04,21.57
2021-08-19,145.022202,86960300.0,1169.680054,0.78,1.24,1.8,1.02,21.67
2021-08-20,146.495163,60549600.0,1175.390015,0.8,1.26,1.79,1.03,18.56
2021-08-23,147.997803,60131800.0,1174.23999,0.78,1.25,1.79,1.02,17.15
2021-08-24,147.908813,48606400.0,1167.609985,0.8,1.29,1.83,1.05,17.22
2021-08-25,146.663239,58991300.0,1163.469971,0.84,1.35,1.88,1.12,16.79
2021-08-26,145.8526,48597200.0,1163.329956,0.84,1.34,1.87,1.09,18.84
2021-08-27,146.900482,55802400.0,1170.0,0.79,1.31,1.84,1.09,16.39
2021-08-30,151.36879,90956700.0,1161.329956,0.77,1.29,1.82,1.09,16.19
2021-08-31,150.093552,86453100.0,1165.51001,0.77,1.3,1.85,1.1,16.48
2021-09-01,150.765732,80313700.0,1158.410034,0.78,1.31,1.84,1.11,16.11
2021-09-02,151.892731,71115500.0,1155.280029,0.78,1.29,1.83,1.09,16.41
2021-09-03,152.535278,57808700.0,1157.130005,0.78,1.33,1.87,1.12,16.41
2021-09-07,154.897964,82278300.0,1155.540039,0.82,1.38,1.91,1.16,18.14
2021-09-08,153.336029,74420200.0,1161.0,0.81,1.35,1.88,1.13,17.96
2021-09-09,152.307922,57305700.0,1166.48999,0.79,1.3,1.83,1.07,18.8
2021-09-10,147.266251,140893200.0,1169.130005,0.82,1.35,1.86,1.12,20.95
2021-09-13,147.839615,102404300.0,1169.380005,0.81,1.33,1.83,1.12,19.37
2021-09-14,146.42598,109296300.0,1171.109985,0.79,1.28,1.78,1.07,19.46
2021-09-15,147.325546,83281300.0,1170.800049,0.81,1.31,1.8,1.1,18.18
2021-09-16,147.088287,68034100.0,1165.219971,0.84,1.34,1.83,1.11,18.69
2021-09-17,144.389542,129868800.0,1174.420044,0.88,1.37,1.85,1.14,20.81
2021-09-20,141.305222,123478900.0,1181.109985,0.83,1.31,1.79,1.08,25.71
2021-09-21,141.789597,75834000.0,1186.319946,0.84,1.33,1.81,1.11,24.36
2021-09-22,144.181946,76404300.0,1182.920044,0.86,1.32,1.78,1.07,20.87
2021-09-23,145.150711,64838200.0,1181.030029,0.94,1.41,1.87,1.14,18.63
2021-09-24,145.2397,53477900.0,1174.699951,0.97,1.47,1.94,1.18,17.75
2021-09-27,143.707397,74150700.0,1179.199951,0.98,1.48,1.95,1.17,18.76
2021-09-28,140.287003,108972300.0,1176.959961,1.02,1.54,2.02,1.23,23.25
2021-09-29,141.196472,74602000.0,1186.890015,1.01,1.55,2.04,1.25,22.56
2021-09-30,139.881683,89056700.0,1187.430054,0.98,1.52,2.02,1.24,23.14
2021-10-01,141.018524,94639600.0,1183.719971,0.93,1.48,1.99,1.21,21.15
2021-10-04,137.548691,98322000.0,1180.0,0.95,1.49,1.99,1.22,22.96
2021-10-05,139.49614,80861100.0,1183.780029,0.98,1.54,2.04,1.26,21.3
2021-10-06,140.375961,83221100.0,1187.170044,0.99,1.53,2.02,1.23,21.0
2021-10-07,141.651215,61732700.0,1191.380005,1.02,1.58,2.08,1.26,19.54
2021-10-08,141.265656,58773200.0,1191.150024,1.05,1.61,2.11,1.29,18.77
2021-10-11,141.176682,64452200.0,1195.579956,,,,1.29,20.0
2021-10-12,139.891571,73035900.0,1195.800049,1.08,1.59,2.05,1.24,19.85
2021-10-13,139.298447,78762700.0,1196.890015,1.09,1.56,2.0,1.19,18.64
2021-10-14,142.115845,69907100.0,1186.709961,1.05,1.52,1.97,1.16,16.86
2021-10-15,143.183487,67940300.0,1182.130005,1.13,1.59,2.02,1.18,16.3
2021-10-18,144.873947,85589200.0,1181.790039,1.16,1.59,1.99,1.15,16.31
2021-10-19,147.058655,76378900.0,1185.680054,1.17,1.65,2.07,1.24,15.7
2021-10-20,147.552917,58418800.0,1175.650024,1.16,1.65,2.09,1.25,15.49
2021-10-21,147.770416,61421000.0,1174.589966,1.23,1.68,2.1,1.23,15.01
2021-10-22,146.989471,58883400.0,1176.550049,1.22,1.66,2.06,1.18,15.43
2021-10-25,146.940018,50720600.0,1176.540039,1.19,1.64,2.07,1.17,15.24
2021-10-26,147.612274,60893400.0,1167.060059,1.2,1.63,2.03,1.16,15.98
2021-10-27,147.147629,56094900.0,1167.329956,1.16,1.54,1.93,1.04,16.98
2021-10-28,150.825089,100077900.0,1172.170044,1.18,1.57,1.98,1.07,16.53
2021-10-29,148.086777,124953200.0,1167.369995,1.18,1.55,1.98,1.07,16.26
2021-11-01,147.256378,74588300.0,1174.380005,1.2,1.58,2.01,1.08,16.41
2021-11-02,148.304245,69122000.0,1176.569946,1.15,1.56,1.97,1.1,16.03
2021-11-03,149.757446,54511500.0,1178.040039,1.19,1.6,2.01,1.13,15.1
2021-11-04,149.23349,60394600.0,1179.339966,1.1,1.53,1.96,1.12,15.44
2021-11-05,149.768112,65463900.0,1185.829956,1.04,1.45,1.88,1.06,16.48
2021-11-08,148.936478,55020900.0,1180.5,1.13,1.51,1.91,1.06,17.22
2021-11-09,149.302795,56787900.0,1199.859985,1.08,1.46,1.86,1.05,17.78
2021-11-10,146.441666,65187100.0,1177.5,1.23,1.56,1.96,1.05,18.73
2021-11-11,146.392197,41000000.0,1184.140015,,,,1.05,17.66
2021-11-12,148.491028,63804000.0,1183.109985,1.24,1.58,1.99,1.05,16.29
2021-11-15,148.500916,59222800.0,1179.109985,1.26,1.63,2.05,1.1,16.49
2021-11-16,149.490891,59256200.0,1183.51001,1.27,1.63,2.06,1.09,16.37
2021-11-17,151.955994,88807000.0,1184.050049,1.24,1.6,2.04,1.08,17.11
2021-11-18,156.292221,137827700.0,1181.22998,1.22,1.59,2.01,1.07,17.59
2021-11-19,158.94545,117305600.0,1182.900024,1.22,1.54,1.95,1.02,17.91
2021-11-22,159.410736,117467900.0,1191.630005,1.33,1.63,2.03,1.0,19.17
2021-11-23,159.79686,96041900.0,1189.5,1.33,1.67,2.08,1.07,19.38
2021-11-24,160.321579,69463600.0,1189.949951,1.34,1.64,2.03,1.0,18.58
2021-11-26,155.242813,76959800.0,1190.219971,1.16,1.48,1.89,0.98,28.62
2021-11-29,158.638565,88748200.0,1194.609985,1.18,1.52,1.93,1.01,22.96
2021-11-30,163.64798,174048100.0,1190.73999,1.14,1.43,1.85,0.91,27.19
2021-12-01,163.123276,152052500.0,1182.859985,1.15,1.43,1.84,0.87,31.12
2021-12-02,162.123367,136739200.0,1177.109985,1.21,1.44,1.87,0.81,27.95
2021-12-03,160.222549,118023100.0,1176.77002,1.13,1.35,1.77,0.75,30.67
2021-12-06,163.667786,107497000.0,1183.140015,1.21,1.43,1.84,0.78,27.18
2021-12-07,169.469193,120405400.0,1180.560059,1.26,1.48,1.88,0.78,21.89
2021-12-08,173.330261,116998900.0,1176.839966,1.27,1.52,1.93,0.84,19.9
2021-12-09,172.815414,108923700.0,1172.560059,1.26,1.49,1.91,0.79,21.58
2021-12-10,177.65657,115402700.0,1177.329956,1.25,1.48,1.91,0.81,18.69
2021-12-13,173.983643,153237000.0,1178.969971,1.21,1.42,1.86,0.76,20.31
2021-12-14,172.587723,139380400.0,1185.099976,1.23,1.44,1.87,0.77,21.89
2021-12-15,177.508057,131063300.0,1184.22998,1.26,1.47,1.91,0.78,19.29
2021-12-16,170.538406,150185800.0,1184.400024,1.19,1.44,1.91,0.8,20.57
2021-12-17,169.429626,195432700.0,1186.150024,1.18,1.41,1.87,0.75,21.57
2021-12-20,168.053513,107499100.0,1186.390015,1.17,1.43,1.9,0.78,22.87
2021-12-21,171.261124,91185900.0,1190.119995,1.24,1.48,1.92,0.78,21.01
2021-12-22,173.884628,92135300.0,1191.27002,1.23,1.46,1.89,0.78,18.63
2021-12-23,174.518219,68356600.0,1187.77002,1.25,1.5,1.94,0.79,17.96
2021-12-27,178.527786,74919600.0,1185.920044,1.26,1.48,1.92,0.72,17.68
2021-12-28,177.498154,79144300.0,1185.650024,1.27,1.49,1.94,0.75,17.54
2021-12-29,177.587265,62348900.0,1187.849976,1.29,1.55,2.0,0.8,16.95
2021-12-30,176.419022,59773000.0,1183.670044,1.27,1.52,1.97,0.79,17.33
2021-12-31,175.795349,64062300.0,1189.890015,1.26,1.52,1.94,0.79,17.22
2022-01-03,180.190948,104487900.0,1187.780029,1.37,1.63,2.05,0.85,16.6
2022-01-04,177.904053,99310400.0,1194.680054,1.37,1.66,2.1,0.89,16.91
2022-01-05,173.171844,94537600.0,1196.5,1.43,1.71,2.12,0.88,19.73
2022-01-06,170.280991,96904000.0,1199.25,1.47,1.73,2.12,0.85,19.61
2022-01-07,170.449326,86709100.0,1205.780029,1.5,1.76,2.15,0.89,18.76
2022-01-10,170.469116,106765600.0,1196.880005,1.53,1.78,2.15,0.86,19.4
2022-01-11,173.330261,76138300.0,1198.089966,1.51,1.75,2.13,0.85,18.41
2022-01-12,173.775726,74805200.0,1189.430054,1.5,1.74,2.13,0.82,17.62
2022-01-13,170.469116,84505800.0,1185.880005,1.47,1.7,2.1,0.79,20.31
2022-01-14,171.340332,80440800.0,1186.609985,1.55,1.78,2.18,0.79,19.19
2022-01-18,168.102997,90956700.0,1190.060059,1.65,1.87,2.24,0.81,22.79
2022-01-19,164.56868,94815000.0,1192.97998,1.62,1.83,2.2,0.79,23.85
2022-01-20,162.865875,91420500.0,1188.160034,1.62,1.83,2.19,0.75,25.59
2022-01-21,160.78688,122848900.0,1192.430054,1.54,1.75,2.13,0.74,28.85
2022-01-24,160.004745,162294600.0,1191.5,1.53,1.75,2.15,0.76,29.9
2022-01-25,158.183121,115798400.0,1195.660034,1.56,1.78,2.18,0.76,31.16
2022-01-26,158.094025,108275300.0,1196.099976,1.66,1.85,2.22,0.72,31.96
2022-01-27,157.628738,121954600.0,1200.630005,1.66,1.81,2.17,0.63,30.49
2022-01-28,168.627716,179935700.0,1203.459961,1.61,1.78,2.14,0.63,27.66
2022-01-31,173.033234,115541600.0,1207.709961,1.62,1.79,2.17,0.61,24.83
2022-02-01,172.864929,86213900.0,1205.119995,1.63,1.81,2.19,0.63,21.96
2022-02-02,174.082626,84914300.0,1202.5,1.6,1.78,2.17,0.62,22.09
2022-02-03,171.172028,89418100.0,1199.959961,1.66,1.82,2.2,0.63,24.35
2022-02-04,170.884567,82465400.0,1200.329956,1.78,1.93,2.29,0.62,23.22
2022-02-07,170.160934,77251200.0,1197.089966,1.76,1.92,2.28,0.62,22.86
2022-02-08,173.303238,74829200.0,1196.849976,1.81,1.96,2.31,0.61,21.44
2022-02-09,174.74057,71285000.0,1196.359985,1.82,1.94,2.31,0.58,19.96
2022-02-10,170.616913,90865900.0,1194.030029,1.96,2.03,2.37,0.42,23.91
2022-02-11,167.167297,98670700.0,1199.349976,1.84,1.92,2.3,0.42,27.36
2022-02-14,167.405197,86185500.0,1199.23999,1.9,1.98,2.35,0.4,28.33
2022-02-15,171.281067,62527400.0,1197.359985,1.94,2.05,2.42,0.47,25.7
2022-02-16,171.043182,61177400.0,1196.829956,1.9,2.03,2.39,0.51,24.29
2022-02-17,167.405197,69589300.0,1196.75,1.85,1.97,2.35,0.48,28.11
2022-02-18,165.83902,82772700.0,1198.660034,1.82,1.92,2.3,0.45,27.75
2022-02-22,162.88504,91162800.0,1194.680054,1.85,1.94,2.31,0.38,28.81
2022-02-23,158.67215,90009200.0,1192.680054,1.89,1.99,2.36,0.41,31.02
2022-02-24,161.318848,141147500.0,1192.400024,1.84,1.96,2.36,0.42,30.32
2022-02-25,163.4104,91974200.0,1206.0,1.86,1.97,2.37,0.42,27.59
2022-02-28,163.67804,95056600.0,1197.589966,1.71,1.83,2.25,0.39,30.15
2022-03-01,161.774811,83474400.0,1200.930054,1.56,1.72,2.19,0.41,33.32
2022-03-02,165.105469,79724800.0,1205.369995,1.74,1.86,2.32,0.36,30.74
2022-03-03,164.778351,76678400.0,1203.150024,1.74,1.86,2.32,0.33,30.48
2022-03-04,161.745056,83737200.0,1205.98999,1.65,1.74,2.23,0.24,31.98
2022-03-07,157.90889,96418800.0,1216.709961,1.71,1.78,2.29,0.23,36.45
2022-03-08,156.065109,131148300.0,1232.300049,1.8,1.86,2.34,0.23,35.13
2022-03-09,161.526993,91454900.0,1233.109985,1.87,1.94,2.38,0.26,32.45
2022-03-10,157.135696,105342000.0,1223.22998,1.92,1.98,2.45,0.26,30.23
2022-03-11,153.378769,96970100.0,1228.599976,1.96,2.0,2.45,0.25,30.75
2022-03-14,149.304657,108732100.0,1236.890015,2.1,2.14,2.56,0.27,31.77
2022-03-15,153.735626,92964300.0,1242.050049,2.1,2.15,2.57,0.3,29.83
2022-03-16,158.196335,102300200.0,1241.680054,2.18,2.19,2.56,0.24,26.67
2022-03-17,159.217361,75615400.0,1223.0,2.17,2.2,2.6,0.26,25.67
2022-03-18,162.548019,123511700.0,1210.329956,2.14,2.14,2.53,0.17,23.87
2022-03-21,163.935791,95811400.0,1210.369995,2.33,2.32,2.67,0.18,23.53
2022-03-22,167.345734,81532000.0,1219.780029,2.39,2.38,2.71,0.2,22.94
2022-03-23,168.723587,98062700.0,1214.949951,2.34,2.32,2.65,0.19,23.57
2022-03-24,172.549896,90131400.0,1218.01001,2.37,2.34,2.63,0.21,21.67
2022-03-25,173.194214,80546200.0,1217.550049,2.55,2.48,2.74,0.18,20.81
2022-03-28,174.066528,90371900.0,1224.380005,2.54,2.46,2.72,0.11,19.63
2022-03-29,177.397186,100589400.0,1223.660034,2.49,2.41,2.68,0.06,18.9
2022-03-30,176.217575,92633200.0,1209.130005,2.44,2.35,2.63,0.04,19.33
2022-03-31,173.085159,103049300.0,1210.439941,2.42,2.32,2.59,0.04,20.56
2022-04-01,172.787796,78751300.0,1214.5,2.55,2.39,2.6,-0.05,19.63
2022-04-04,176.881714,76468400.0,1218.780029,2.56,2.42,2.64,-0.01,18.57
2022-04-05,173.53125,73401800.0,1213.900024,2.69,2.54,2.74,0.03,21.03
2022-04-06,170.329437,89058800.0,1218.75,2.7,2.61,2.81,0.11,22.1
2022-04-07,170.636734,77594700.0,1217.599976,2.7,2.66,2.87,0.19,21.55
2022-04-08,168.60463,76575500.0,1222.660034,2.76,2.72,2.94,0.19,21.16
2022-04-11,164.302536,72246700.0,1228.23999,2.79,2.79,3.02,0.29,24.37
2022-04-12,166.195877,79265200.0,1235.050049,2.66,2.72,2.99,0.33,24.26
2022-04-13,168.911926,70618900.0,1228.599976,2.66,2.7,2.97,0.33,21.82
2022-04-14,163.846573,75329400.0,1223.119995,2.79,2.83,3.09,0.36,22.7
2022-04-18,163.628494,69023900.0,1228.089966,2.79,2.85,3.12,0.39,22.17
2022-04-19,165.938141,67723800.0,1235.349976,2.91,2.93,3.19,0.32,21.37
2022-04-20,165.769608,67929800.0,1239.599976,2.87,2.85,3.08,0.25,20.32
2022-04-21,164.966705,87227800.0,1234.089966,2.96,2.9,3.12,0.22,22.68
2022-04-22,160.377121,84882400.0,1242.48999,2.94,2.9,3.14,0.18,28.21
2022-04-25,161.457596,96046400.0,1243.160034,2.84,2.81,3.06,0.18,27.02
2022-04-26,155.43071,95623200.0,1249.209961,2.79,2.77,3.03,0.23,33.52
2022-04-27,155.202728,88063200.0,1260.709961,2.81,2.82,3.08,0.24,31.6
2022-04-28,162.210968,130216800.0,1266.280029,2.86,2.85,3.1,0.22,29.99
2022-04-29,156.27327,131747600.0,1272.290039,2.92,2.89,3.14,0.19,33.4
2022-05-02,156.580566,123055300.0,1262.530029,3.01,2.99,3.26,0.26,32.34
2022-05-03,158.087296,88966500.0,1266.75,3.01,2.97,3.21,0.19,29.25
2022-05-04,164.570175,108256500.0,1261.060059,2.93,2.93,3.21,0.27,25.42
2022-05-05,155.40097,130525300.0,1251.5,3.01,3.05,3.35,0.34,31.2
2022-05-06,156.13559,116124600.0,1268.699951,3.06,3.12,3.43,0.4,30.19
2022-05-09,150.953568,131577900.0,1270.130005,2.95,3.05,3.38,0.44,34.75
2022-05-10,153.385727,115366700.0,1274.859985,2.91,2.99,3.31,0.37,32.99
2022-05-11,145.434021,142689800.0,1276.550049,2.89,2.91,3.25,0.25,32.56
2022-05-12,141.522675,182602000.0,1278.150024,2.81,2.84,3.22,0.28,31.77
2022-05-13,146.039581,113990900.0,1290.75,2.89,2.93,3.32,0.32,28.87
2022-05-16,144.480988,86643800.0,1277.569946,2.83,2.88,3.3,0.3,27.47
2022-05-17,148.154083,78336300.0,1279.849976,2.96,2.98,3.36,0.27,26.1
2022-05-18,139.795349,109742900.0,1266.660034,2.89,2.89,3.24,0.21,30.96
2022-05-19,136.350601,136095600.0,1275.579956,2.84,2.84,3.24,0.21,29.35
2022-05-20,136.588852,137426100.0,1263.550049,2.8,2.78,3.17,0.18,29.43
2022-05-23,142.068695,117726300.0,1273.209961,2.88,2.86,3.26,0.21,28.48
2022-05-24,139.338715,104132700.0,1258.819946,2.76,2.76,3.16,0.26,29.45
2022-05-25,139.497543,92482700.0,1260.98999,2.71,2.75,3.14,0.27,28.37
2022-05-26,142.733795,90601500.0,1266.599976,2.7,2.75,3.18,0.29,27.5
2022-05-27,148.551147,90978500.0,1258.890015,2.71,2.74,3.16,0.27,25.72
2022-05-31,147.756989,103718400.0,1236.170044,2.81,2.85,3.28,0.32,26.19
2022-06-01,147.627945,74286600.0,1241.73999,2.94,2.94,3.31,0.28,25.69
2022-06-02,150.109756,72348100.0,1246.949951,2.92,2.92,3.3,0.27,24.72
2022-06-03,144.322174,88570300.0,1240.839966,2.95,2.96,3.33,0.3,24.79
2022-06-06,145.076645,71598400.0,1250.530029,3.03,3.04,3.41,0.31,25.07
2022-06-07,147.627945,67808200.0,1254.47998,2.99,2.98,3.35,0.23,24.02
2022-06-08,146.883408,53950200.0,1254.579956,3.03,3.03,3.4,0.25,23.96
2022-06-09,141.602112,69473000.0,1256.73999,3.07,3.04,3.4,0.21,26.09
2022-06-10,136.132217,91437900.0,1264.02002,3.25,3.15,3.45,0.09,27.75
2022-06-13,130.920395,122207100.0,1278.280029,3.56,3.43,3.68,0.03,34.02
2022-06-14,131.793991,84784300.0,1291.800049,3.61,3.49,3.72,0.04,32.69
2022-06-15,134.444565,91533000.0,1289.47998,3.38,3.33,3.64,0.13,29.62
2022-06-16,129.113632,108123900.0,1278.160034,3.35,3.28,3.59,0.14,32.95
2022-06-17,130.602722,134520300.0,1288.180054,3.34,3.25,3.55,0.08,31.13
2022-06-21,134.881348,81000500.0,1292.380005,3.38,3.31,3.63,0.1,30.19
2022-06-22,134.365158,73409200.0,1291.599976,3.22,3.16,3.49,0.1,28.95
2022-06-23,137.263885,72433800.0,1297.680054,3.14,3.09,3.45,0.08,29.05
2022-06-24,140.629242,89116800.0,1299.810059,3.18,3.13,3.51,0.09,27.23
2022-06-27,140.629242,70207900.0,1288.290039,3.24,3.2,3.56,0.12,26.95
2022-06-28,136.439941,67083400.0,1286.199951,3.25,3.2,3.55,0.1,28.36
2022-06-29,138.216919,66242400.0,1292.030029,3.15,3.1,3.46,0.04,28.16
2022-06-30,135.725189,98964500.0,1301.72998,3.01,2.98,3.38,0.06,28.71
2022-07-01,137.919083,71051600.0,1287.709961,2.88,2.88,3.35,0.04,26.7
2022-07-05,140.529953,73353800.0,1295.680054,2.82,2.82,3.31,0.0,27.54
2022-07-06,141.880066,74064300.0,1308.660034,2.96,2.93,3.42,-0.04,26.73
2022-07-07,145.285126,66253700.0,1304.849976,3.05,3.01,3.45,-0.02,26.08
2022-07-08,145.970078,64547800.0,1297.650024,3.13,3.09,3.53,-0.03,24.64
2022-07-11,143.815887,63141600.0,1293.790039,3.05,2.99,3.43,-0.08,26.17
2022-07-12,144.79866,77588800.0,1310.859985,3.01,2.96,3.37,-0.07,27.29
2022-07-13,144.431366,71185600.0,1305.829956,3.02,2.91,3.35,-0.22,26.82
2022-07-14,147.389694,78140700.0,1304.849976,3.06,2.96,3.36,-0.19,26.4
2022-07-15,149.077301,76259900.0,1316.180054,3.05,2.93,3.34,-0.2,24.23
2022-07-18,145.999878,81420900.0,1318.119995,3.06,2.96,3.39,-0.19,25.3
2022-07-19,149.901276,82982400.0,1318.910034,3.14,3.01,3.42,-0.22,24.5
2022-07-20,151.926422,64823400.0,1305.5,3.18,3.04,3.43,-0.21,23.88
2022-07-21,154.219635,65086600.0,1312.869995,3.0,2.91,3.33,-0.19,23.11
2022-07-22,152.968796,66675400.0,1306.849976,2.87,2.77,3.23,-0.21,23.03
2022-07-25,151.837097,53623900.0,1309.319946,2.89,2.81,3.28,-0.19,23.36
2022-07-26,150.496902,55138700.0,1310.400024,2.89,2.81,3.27,-0.21,24.69
2022-07-27,155.649124,78620700.0,1310.900024,2.82,2.78,3.26,-0.18,23.24
2022-07-28,156.205078,81378700.0,1305.949951,2.69,2.68,3.23,-0.17,22.33
2022-07-29,161.327515,101786900.0,1295.150024,2.7,2.67,3.2,-0.22,21.33
2022-08-01,160.334793,67829400.0,1302.280029,2.66,2.6,3.12,-0.3,22.84
2022-08-02,158.845688,59907000.0,1306.75,2.85,2.75,3.22,-0.31,23.93
2022-08-03,164.921188,82507500.0,1314.630005,2.86,2.73,3.17,-0.37,21.95
2022-08-04,164.603516,55474100.0,1307.380005,2.76,2.68,3.15,-0.35,21.44
2022-08-05,164.374878,56697000.0,1302.079956,2.97,2.83,3.27,-0.41,21.15
2022-08-08,163.89769,60276900.0,1302.73999,2.91,2.77,3.22,-0.44,21.29
2022-08-09,163.947403,63135500.0,1299.030029,2.97,2.8,3.24,-0.48,21.77
2022-08-10,168.241943,70170500.0,1307.560059,2.93,2.78,3.27,-0.45,19.74
2022-08-11,167.496353,57149200.0,1296.699951,2.98,2.87,3.38,-0.36,20.2
2022-08-12,171.085068,68039400.0,1306.829956,2.97,2.84,3.34,-0.41,19.53
2022-08-15,172.168625,54091700.0,1301.380005,2.91,2.79,3.31,-0.41,19.95
2022-08-16,172.009567,56377100.0,1313.180054,2.95,2.82,3.31,-0.43,19.69
2022-08-17,173.520615,79542000.0,1311.0,3.04,2.89,3.37,-0.39,19.9
2022-08-18,173.122955,62290100.0,1314.829956,3.02,2.88,3.35,-0.34,19.56
2022-08-19,170.508469,70346300.0,1326.910034,3.11,2.98,3.44,-0.27,20.6
2022-08-22,166.581787,69026800.0,1334.859985,3.17,3.03,3.48,-0.29,23.8
2022-08-23,166.24379,54147100.0,1343.359985,3.18,3.05,3.49,-0.24,24.11
2022-08-24,166.542007,53841500.0,1339.079956,3.2,3.11,3.55,-0.25,22.82
2022-08-25,169.027267,51218200.0,1340.0,3.15,3.03,3.47,-0.32,21.78
2022-08-26,162.655045,78961000.0,1334.439941,3.2,3.04,3.44,-0.33,25.56
2022-08-29,160.428284,73314000.0,1341.180054,3.27,3.12,3.5,-0.3,26.21
2022-08-30,157.972855,77906200.0,1345.72998,3.27,3.11,3.49,-0.35,26.21
2022-08-31,156.292801,87991100.0,1350.189941,3.3,3.15,3.53,-0.3,25.87
2022-09-01,157.028458,74229900.0,1342.26001,3.39,3.26,3.64,-0.25,25.56
2022-09-02,154.891113,76957800.0,1355.099976,3.3,3.2,3.61,-0.2,25.47
2022-09-06,153.618683,73714800.0,1361.810059,3.43,3.33,3.74,-0.17,26.91
2022-09-07,155.040237,87449600.0,1378.109985,3.37,3.27,3.67,-0.18,24.64
2022-09-08,153.549103,84923800.0,1374.310059,3.39,3.29,3.69,-0.19,23.61
2022-09-09,156.441925,68028800.0,1383.0,3.45,3.33,3.71,-0.23,22.79
2022-09-12,162.466171,104956000.0,1379.060059,3.47,3.37,3.76,-0.21,23.87
2022-09-13,152.932739,122656600.0,1375.810059,3.58,3.42,3.75,-0.33,27.27
2022-09-14,154.394058,87965400.0,1393.469971,3.6,3.41,3.73,-0.37,26.16
2022-09-15,151.471405,90481100.0,1391.180054,3.66,3.45,3.75,-0.42,26.27
2022-09-16,149.811264,162278800.0,1398.630005,3.62,3.45,3.79,-0.4,26.3
2022-09-19,153.568954,81474200.0,1385.22998,3.69,3.49,3.77,-0.46,25.76
2022-09-20,155.974701,107689800.0,1390.109985,3.75,3.57,3.83,-0.39,27.16
2022-09-21,152.813446,101696800.0,1392.51001,3.74,3.51,3.73,-0.51,27.99
2022-09-22,151.839218,86652500.0,1397.560059,3.91,3.7,3.9,-0.41,27.35
2022-09-23,149.542847,96029900.0,1403.660034,3.96,3.69,3.87,-0.51,29.92
2022-09-26,149.880844,93339400.0,1421.810059,4.15,3.88,4.01,-0.39,32.26
2022-09-27,150.865021,84442700.0,1429.77002,4.21,3.97,4.15,-0.33,32.6
2022-09-28,148.956329,146691400.0,1426.26001,3.92,3.72,3.98,-0.35,30.18
2022-09-29,141.63974,128138200.0,1421.949951,3.98,3.76,4.0,-0.4,31.84
2022-09-30,137.384964,124925300.0,1430.170044,4.06,3.83,4.08,-0.39,31.62
2022-10-03,141.609909,114311700.0,1439.22998,3.9,3.67,4.0,-0.45,30.1
2022-10-04,145.238388,87830100.0,1433.339966,3.84,3.62,3.95,-0.48,29.07
2022-10-05,145.536606,79471000.0,1416.530029,3.96,3.76,4.05,-0.39,28.55
2022-10-06,144.572342,68402200.0,1416.76001,4.05,3.83,4.08,-0.4,30.52
2022-10-07,139.263824,85925600.0,1408.449951,4.14,3.89,4.13,-0.41,31.36
2022-10-10,139.591873,74899000.0,1415.97998,,,,-0.41,32.45
2022-10-11,138.160385,77033700.0,1428.349976,4.14,3.93,4.19,-0.37,33.63
2022-10-12,137.524139,70433700.0,1430.800049,4.12,3.91,4.18,-0.37,33.57
2022-10-13,142.146729,113224000.0,1423.900024,4.21,3.97,4.25,-0.5,31.94
2022-10-14,137.563919,88598000.0,1430.300049,4.25,4.0,4.26,-0.48,32.02
2022-10-17,141.57016,85250900.0,1440.76001,4.24,4.02,4.29,-0.43,31.37
2022-10-18,142.902252,99136600.0,1430.150024,4.21,4.01,4.27,-0.42,30.5
2022-10-19,143.011612,61758300.0,1425.02002,4.35,4.14,4.38,-0.41,30.76
2022-10-20,142.544357,64522000.0,1435.01001,4.45,4.24,4.47,-0.38,29.98
2022-10-21,146.401505,86548600.0,1430.310059,4.34,4.21,4.54,-0.28,29.69
2022-10-24,148.568634,75981900.0,1428.109985,4.36,4.25,4.59,-0.25,29.85
2022-10-25,151.441589,74732300.0,1443.959961,4.25,4.1,4.45,-0.32,28.46
2022-10-26,148.469238,88194300.0,1426.930054,4.2,4.04,4.38,-0.35,27.28
2022-10-27,143.94606,109180200.0,1412.689941,4.09,3.96,4.32,-0.34,27.39
2022-10-28,154.821548,164762400.0,1420.650024,4.19,4.02,4.38,-0.39,25.75
2022-10-31,152.435684,97943200.0,1421.650024,4.27,4.1,4.44,-0.41,25.88
2022-11-01,149.761536,80379300.0,1424.670044,4.27,4.07,4.37,-0.47,25.81
2022-11-02,144.174698,93604600.0,1416.599976,4.3,4.1,4.41,-0.51,25.86
2022-11-03,138.060989,97918500.0,1423.099976,4.36,4.14,4.42,-0.57,25.3
2022-11-04,137.79213,140814800.0,1423.650024,4.33,4.17,4.49,-0.49,24.55
2022-11-07,138.329819,83374600.0,1402.109985,4.39,4.22,4.55,-0.5,24.35
2022-11-08,138.907364,89908500.0,1392.699951,4.31,4.14,4.47,-0.53,25.54
2022-11-09,134.297028,74917800.0,1374.150024,4.27,4.12,4.5,-0.49,26.09
2022-11-10,146.246033,118854000.0,1370.550049,3.95,3.82,4.24,-0.52,23.53
2022-11-11,149.064026,93979700.0,1349.369995,,,,-0.52,22.52
2022-11-14,147.650055,73374100.0,1313.030029,4.0,3.88,4.28,-0.52,23.73
2022-11-15,149.402573,89868300.0,1324.079956,3.93,3.8,4.2,-0.57,24.54
2022-11-16,148.157883,64218300.0,1316.26001,3.83,3.67,4.03,-0.68,24.11
2022-11-17,150.079681,80389400.0,1336.430054,3.93,3.77,4.1,-0.66,23.93
2022-11-18,150.647263,74829600.0,1342.75,3.99,3.82,4.13,-0.69,23.12
2022-11-21,147.38121,58724100.0,1339.030029,3.97,3.83,4.14,-0.65,22.36
2022-11-22,149.541977,51804100.0,1359.75,3.93,3.76,4.05,-0.71,21.29
2022-11-23,150.428207,58301400.0,1352.689941,3.88,3.71,3.97,-0.75,20.35
2022-11-25,147.480789,35195900.0,1317.890015,3.85,3.68,3.97,-0.74,20.5
2022-11-28,143.607315,69246000.0,1334.560059,3.88,3.69,3.97,-0.77,22.21
2022-11-29,140.570267,83763800.0,1340.119995,3.92,3.75,4.02,-0.73,21.89
2022-11-30,147.401123,111380900.0,1325.369995,3.82,3.68,4.0,-0.7,20.58
2022-12-01,147.679932,71250400.0,1279.800049,3.68,3.53,3.85,-0.72,19.84
2022-12-02,147.182068,65447400.0,1303.25,3.67,3.51,3.79,-0.77,19.06
2022-12-05,146.00708,68826400.0,1299.170044,3.8,3.6,3.84,-0.81,20.75
2022-12-06,142.302872,64727200.0,1304.369995,3.73,3.51,3.77,-0.83,22.17
2022-12-07,140.341248,69721100.0,1319.709961,3.62,3.42,3.66,-0.84,22.68
2022-12-08,142.043976,62128300.0,1314.099976,3.71,3.48,3.71,-0.83,22.29
2022-12-09,141.556061,76097000.0,1316.630005,3.75,3.57,3.82,-0.76,22.83
2022-12-12,143.87616,70462700.0,1303.170044,3.8,3.61,3.84,-0.78,25.0
2022-12-13,144.852005,93886200.0,1305.920044,3.66,3.51,3.74,-0.71,22.55
2022-12-14,142.601608,82291200.0,1288.97998,3.64,3.49,3.74,-0.74,21.14
2022-12-15,135.920105,98931900.0,1295.680054,3.62,3.44,3.69,-0.79,22.83
2022-12-16,133.938568,160156900.0,1317.099976,3.61,3.48,3.73,-0.69,22.62
2022-12-19,131.807632,79592600.0,1308.859985,3.7,3.57,3.82,-0.68,22.42
2022-12-20,131.737946,77432800.0,1301.329956,3.79,3.69,3.94,-0.56,21.48
2022-12-21,134.874573,85928000.0,1283.640015,3.78,3.68,3.93,-0.53,20.07
2022-12-22,131.668243,77852100.0,1280.77002,3.79,3.67,3.91,-0.57,21.97
2022-12-23,131.29982,63814900.0,1290.199951,3.86,3.75,3.99,-0.56,20.87
2022-12-27,129.477585,69007800.0,1275.130005,3.94,3.84,4.1,-0.48,21.65
2022-12-28,125.504539,85438400.0,1272.280029,3.97,3.88,4.13,-0.43,22.14
2022-12-29,129.059372,75703700.0,1274.319946,3.94,3.83,4.09,-0.51,21.44
2022-12-30,129.378006,77034200.0,1260.26001,3.99,3.88,4.14,-0.53,21.67
2023-01-03,124.538658,112117500.0,1270.099976,3.94,3.79,4.06,-0.61,22.9
2023-01-04,125.823189,89113600.0,1279.079956,3.85,3.69,3.97,-0.67,22.01
2023-01-05,124.488876,80962700.0,1271.079956,3.9,3.71,3.96,-0.74,22.46
2023-01-06,129.069336,87754700.0,1274.180054,3.69,3.55,3.84,-0.69,21.13
2023-01-09,129.597076,70790800.0,1252.880005,3.66,3.53,3.83,-0.66,21.97
2023-01-10,130.174622,63896200.0,1239.280029,3.72,3.61,3.91,-0.63,20.58
2023-01-11,132.922897,69458900.0,1240.160034,3.66,3.54,3.84,-0.66,21.09
2023-01-12,132.843231,71379600.0,1241.599976,3.53,3.43,3.73,-0.69,18.83
2023-01-13,134.1875,57809700.0,1239.130005,3.6,3.49,3.79,-0.73,18.35
2023-01-17,135.362488,63646600.0,1240.709961,3.6,3.53,3.81,-0.65,19.36
2023-01-18,134.63559,69672800.0,1237.0,3.43,3.37,3.65,-0.69,20.34
2023-01-19,134.695343,58280400.0,1237.880005,3.48,3.39,3.69,-0.7,20.52
2023-01-20,137.284286,80223600.0,1232.180054,3.56,3.48,3.77,-0.66,19.85
2023-01-23,140.510513,81760300.0,1230.030029,3.61,3.52,3.8,-0.69,19.81
2023-01-24,141.924484,66435100.0,1229.280029,3.58,3.46,3.73,-0.66,19.2
2023-01-25,141.257324,65799300.0,1232.660034,3.54,3.46,3.74,-0.65,19.08
2023-01-26,143.348419,54105100.0,1232.589966,3.58,3.49,3.75,-0.68,18.73
2023-01-27,145.310028,70555800.0,1231.849976,3.62,3.52,3.77,-0.67,18.51
2023-01-30,142.392502,64015300.0,1228.949951,3.68,3.55,3.79,-0.7,19.94
2023-01-31,143.677002,65874500.0,1231.5,3.63,3.52,3.78,-0.69,19.4
2023-02-01,144.812149,77663600.0,1232.150024,3.48,3.39,3.67,-0.7,17.87
2023-02-02,150.17926,118339000.0,1221.949951,3.49,3.4,3.67,-0.69,18.73
2023-02-03,153.843628,154357300.0,1224.900024,3.67,3.53,3.77,-0.77,18.33
2023-02-06,151.085403,69858300.0,1246.75,3.81,3.63,3.82,-0.81,19.43
2023-02-07,153.992996,83322600.0,1261.22998,3.85,3.67,3.87,-0.8,18.66
2023-02-08,151.274597,64120100.0,1255.349976,3.82,3.63,3.86,-0.82,19.63
2023-02-09,150.22905,56007100.0,1260.469971,3.87,3.67,3.9,-0.81,20.71
2023-02-10,150.598038,57450700.0,1264.550049,3.93,3.74,3.96,-0.76,20.53
2023-02-13,153.430313,62199000.0,1266.869995,3.93,3.72,3.92,-0.8,20.34
2023-02-14,152.782074,61707600.0,1272.939941,4.0,3.77,3.94,-0.83,18.91
2023-02-15,154.906265,65573800.0,1272.25,4.04,3.81,3.97,-0.81,18.23
2023-02-16,153.290695,68167900.0,1283.719971,4.06,3.86,4.05,-0.76,20.17
2023-02-17,152.13385,59144100.0,1288.959961,4.03,3.82,4.01,-0.78,20.02
2023-02-21,148.074951,58867200.0,1296.109985,4.16,3.95,4.12,-0.72,22.87
2023-02-22,148.503784,51011300.0,1305.829956,4.13,3.93,4.09,-0.73,22.29
2023-02-23,148.992432,48394200.0,1302.829956,4.09,3.88,4.04,-0.78,21.14
2023-02-24,146.309784,55469600.0,1298.079956,4.19,3.95,4.11,-0.83,21.67
2023-02-27,147.516479,44998500.0,1313.699951,4.17,3.92,4.11,-0.86,20.95
2023-02-28,147.007874,50547000.0,1318.349976,4.18,3.92,4.1,-0.89,20.7
2023-03-01,144.913589,55479000.0,1321.599976,4.27,4.01,4.17,-0.88,20.58
2023-03-02,145.511963,52238100.0,1305.72998,4.32,4.08,4.24,-0.81,19.59
2023-03-03,150.617996,70732300.0,1311.060059,4.26,3.97,4.12,-0.89,18.49
2023-03-06,153.410355,87558000.0,1294.780029,4.27,3.98,4.14,-0.91,18.61
2023-03-07,151.186447,56182000.0,1299.0,4.31,3.97,4.11,-1.03,19.59
2023-03-08,152.452972,47204800.0,1317.900024,4.34,3.98,4.11,-1.07,19.11
2023-03-09,150.179184,53833600.0,1316.449951,4.22,3.93,4.09,-0.97,22.61
2023-03-10,148.094894,68572400.0,1325.550049,3.96,3.7,3.9,-0.9,24.8
2023-03-13,150.059525,84457100.0,1319.540039,3.68,3.55,3.85,-0.48,26.52
2023-03-14,152.173737,73695900.0,1296.380005,3.78,3.64,3.91,-0.56,23.73
2023-03-15,152.572662,77167900.0,1304.579956,3.59,3.51,3.82,-0.42,26.14
2023-03-16,155.42485,76161100.0,1311.73999,3.72,3.56,3.87,-0.58,22.99
2023-03-17,154.577164,98944600.0,1301.619995,3.44,3.39,3.76,-0.42,25.51
2023-03-20,156.970612,73641400.0,1307.650024,3.56,3.47,3.83,-0.45,24.15
2023-03-21,158.845474,73938300.0,1304.939941,3.73,3.59,3.9,-0.58,21.38
2023-03-22,157.399445,75701800.0,1303.439941,3.54,3.48,3.83,-0.48,22.26
2023-03-23,158.496429,67622100.0,1298.25,3.39,3.38,3.78,-0.38,22.61
2023-03-24,159.812851,59196500.0,1286.290039,3.41,3.38,3.77,-0.38,21.74
2023-03-27,157.848221,52390300.0,1294.829956,3.59,3.53,3.9,-0.41,20.6
2023-03-28,157.219925,45992200.0,1297.800049,3.63,3.55,3.9,-0.47,19.97
2023-03-29,160.331436,51305700.0,1296.97998,3.67,3.57,3.91,-0.51,19.12
2023-03-30,161.917099,49501700.0,1307.130005,3.66,3.55,3.88,-0.55,19.02
2023-03-31,164.45015,68749800.0,1296.5,3.6,3.48,3.81,-0.58,18.7
2023-04-03,165.71669,56976200.0,1305.47998,3.52,3.43,3.78,-0.54,18.55
2023-04-04,165.178177,46278300.0,1308.050049,3.39,3.35,3.72,-0.49,19.0
2023-04-05,163.313263,51511700.0,1312.410034,3.36,3.3,3.67,-0.49,19.08
2023-04-06,164.210815,45390100.0,1316.209961,3.37,3.3,3.66,-0.52,18.4
2023-04-10,161.587982,47716900.0,1315.449951,3.52,3.41,3.74,-0.59,18.97
2023-04-11,160.361343,47644200.0,1320.880005,3.54,3.43,3.75,-0.6,19.1
2023-04-12,159.663254,50133100.0,1322.089966,3.46,3.41,3.75,-0.54,19.09
2023-04-13,165.108353,68445600.0,1322.829956,3.51,3.45,3.8,-0.51,17.8
2023-04-14,164.759323,49386500.0,1301.430054,3.6,3.52,3.85,-0.56,17.07
2023-04-17,164.779251,41516200.0,1303.380005,3.69,3.6,3.92,-0.58,16.95
2023-04-18,166.015884,49923000.0,1316.069946,3.69,3.58,3.91,-0.61,16.83
2023-04-19,167.172729,47720200.0,1315.900024,3.71,3.6,3.9,-0.64,16.46
2023-04-20,166.195374,52456400.0,1326.76001,3.63,3.54,3.87,-0.6,17.17
2023-04-21,164.569839,58337300.0,1323.599976,3.66,3.57,3.9,-0.6,16.77
2023-04-24,164.878983,41949600.0,1329.380005,3.6,3.52,3.85,-0.6,16.89
2023-04-25,163.323242,48714100.0,1332.800049,3.43,3.4,3.77,-0.46,18.76
2023-04-26,163.313263,45498800.0,1341.0,3.46,3.43,3.81,-0.47,18.84
2023-04-27,167.950592,64902300.0,1337.829956,3.6,3.53,3.88,-0.54,17.03
2023-04-28,169.217117,55209200.0,1339.390015,3.51,3.44,3.8,-0.6,15.78
2023-05-01,169.127365,52472900.0,1337.170044,3.64,3.59,3.95,-0.55,16.08
2023-05-02,168.080215,48425700.0,1342.790039,3.46,3.44,3.82,-0.53,17.78
2023-05-03,166.993195,65136000.0,1342.300049,3.37,3.38,3.79,-0.51,18.34
2023-05-04,165.337723,81235400.0,1335.22998,3.29,3.37,3.8,-0.38,20.09
2023-05-05,173.096512,113316400.0,1320.150024,3.41,3.44,3.85,-0.48,17.19
2023-05-08,173.026688,55962800.0,1316.959961,3.49,3.52,3.92,-0.48,16.98
2023-05-09,171.301422,45326900.0,1322.410034,3.51,3.53,3.94,-0.48,17.71
2023-05-10,173.086533,53724500.0,1326.050049,3.37,3.43,3.88,-0.47,16.94
2023-05-11,173.276016,49514700.0,1318.050049,3.36,3.39,3.82,-0.5,16.93
2023-05-12,172.33728,45497800.0,1329.880005,3.45,3.46,3.87,-0.52,17.03
2023-05-15,171.837967,37266700.0,1341.52002,3.46,3.5,3.92,-0.49,17.12
2023-05-16,171.837967,42110300.0,1335.400024,3.52,3.54,3.96,-0.52,17.99
2023-05-17,172.457123,57951600.0,1342.430054,3.58,3.57,3.96,-0.55,16.87
2023-05-18,174.813934,65496700.0,1334.150024,3.69,3.65,4.02,-0.59,16.05
2023-05-19,174.923798,55772400.0,1334.73999,3.76,3.7,4.07,-0.58,16.81
2023-05-22,173.965073,43570900.0,1324.209961,3.77,3.72,4.09,-0.57,17.21
2023-05-23,171.328644,50747300.0,1313.829956,3.76,3.7,4.08,-0.56,18.53
2023-05-24,171.608261,45143500.0,1319.839966,3.75,3.73,4.1,-0.58,20.03
2023-05-25,172.756714,56058300.0,1318.52002,3.9,3.83,4.16,-0.67,19.14
2023-05-26,175.19342,54835000.0,1330.890015,3.92,3.8,4.13,-0.74,17.95
2023-05-30,177.060898,55964400.0,1324.589966,3.81,3.69,4.06,-0.77,17.46
2023-05-31,177.010971,99625300.0,1319.790039,3.74,3.64,4.01,-0.76,17.94
2023-06-01,179.847137,68901800.0,1321.73999,3.7,3.61,3.98,-0.72,15.65
2023-06-02,180.705978,61945900.0,1312.849976,3.84,3.69,4.03,-0.81,14.6
2023-06-05,179.33783,121946500.0,1305.140015,3.82,3.69,4.03,-0.77,14.73
2023-06-06,178.968338,64848400.0,1299.790039,3.85,3.7,4.02,-0.81,13.96
2023-06-07,177.5802,61944600.0,1299.199951,3.93,3.79,4.12,-0.77,13.94
2023-06-08,180.326492,50214900.0,1308.339966,3.87,3.73,4.05,-0.79,13.65
2023-06-09,180.715973,48870700.0,1296.329956,3.92,3.75,4.05,-0.84,13.83
2023-06-12,183.542145,54274900.0,1286.689941,3.89,3.73,4.04,-0.82,15.01
2023-06-13,183.06279,54929100.0,1284.579956,4.01,3.84,4.12,-0.83,14.61
2023-06-14,183.701935,57462900.0,1267.619995,4.06,3.83,4.09,-0.91,13.88
2023-06-15,185.759155,65433200.0,1273.98999,3.91,3.72,4.02,-0.9,14.5
2023-06-16,184.670624,101235600.0,1270.050049,3.99,3.77,4.05,-0.93,13.54
2023-06-20,184.760498,49799100.0,1283.23999,3.96,3.74,4.01,-0.94,13.88
2023-06-21,183.711929,49515700.0,1287.540039,3.95,3.72,3.99,-0.96,13.2
2023-06-22,186.747818,51245300.0,1288.380005,4.03,3.8,4.06,-0.97,12.91
2023-06-23,186.428238,53079300.0,1298.209961,3.99,3.74,4.01,-0.97,13.44
2023-06-26,185.020157,48088700.0,1307.670044,3.96,3.72,4.01,-0.93,14.25
2023-06-27,187.806381,50730800.0,1302.660034,4.02,3.77,4.03,-0.97,13.74
2023-06-28,188.994781,51216800.0,1296.599976,3.97,3.71,4.0,-1.0,13.43
2023-06-29,189.33432,46347300.0,1309.01001,4.14,3.85,4.11,-1.02,13.54
2023-06-30,193.70842,85069600.0,1323.069946,4.13,3.81,4.06,-1.06,13.59
2023-07-03,192.20047,31458200.0,1315.300049,4.19,3.86,4.08,-1.08,13.57
2023-07-05,191.071976,46920300.0,1295.5,4.25,3.95,4.17,-0.99,14.18
2023-07-06,191.551331,45094300.0,1302.969971,4.37,4.05,4.23,-0.94,15.44
2023-07-07,190.422852,46778000.0,1309.219971,4.35,4.06,4.27,-0.88,14.83
2023-07-10,188.355652,59922200.0,1297.369995,4.25,4.01,4.24,-0.84,15.07
2023-07-11,187.82637,46638100.0,1299.540039,4.24,3.99,4.22,-0.89,14.84
2023-07-12,189.514084,60750200.0,1291.51001,4.07,3.86,4.14,-0.86,13.54
2023-07-13,190.283035,41342300.0,1274.699951,3.93,3.76,4.07,-0.83,13.61
2023-07-14,190.432846,41573900.0,1266.829956,4.04,3.83,4.11,-0.91,13.34
2023-07-17,193.728394,50520200.0,1268.339966,4.02,3.81,4.1,-0.93,13.48
2023-07-18,193.468735,48353800.0,1265.449951,4.0,3.8,4.08,-0.94,13.3
2023-07-19,194.836899,80507300.0,1264.939941,3.98,3.75,4.01,-0.99,13.76
2023-07-20,192.869553,59581200.0,1265.089966,4.08,3.85,4.1,-0.95,13.99
2023-07-21,191.681168,71917800.0,1278.400024,4.09,3.84,4.1,-0.98,13.6
2023-07-24,192.490067,45377800.0,1285.650024,4.13,3.86,4.11,-0.95,13.91
2023-07-25,193.358887,37283200.0,1280.530029,4.15,3.91,4.14,-0.94,13.86
2023-07-26,194.237701,47471900.0,1274.119995,4.09,3.86,4.12,-0.96,13.19
2023-07-27,192.959427,47460200.0,1275.170044,4.24,4.01,4.26,-0.9,14.41
2023-07-28,195.565918,48291400.0,1283.880005,4.18,3.96,4.22,-0.91,13.33
2023-07-31,196.185074,38824100.0,1272.390015,4.18,3.97,4.22,-0.91,13.63
2023-08-01,195.346207,35175100.0,1277.930054,4.24,4.05,4.3,-0.87,13.93
2023-08-02,192.320297,50389300.0,1289.050049,4.24,4.08,4.35,-0.8,16.09
2023-08-03,190.912201,61235200.0,1295.369995,4.3,4.2,4.49,-0.7,15.92
2023-08-04,181.744583,115799700.0,1296.400024,4.15,4.05,4.36,-0.73,17.1
2023-08-07,178.60881,97576100.0,1303.050049,4.16,4.09,4.42,-0.67,15.77
2023-08-08,179.557526,67823000.0,1307.75,4.1,4.02,4.35,-0.72,15.99
2023-08-09,177.949707,60378500.0,1316.670044,4.12,4.0,4.33,-0.79,15.96
2023-08-10,177.729996,54686900.0,1313.640015,4.21,4.09,4.41,-0.73,15.85
2023-08-11,177.789993,51988100.0,1318.329956,4.31,4.16,4.45,-0.73,14.84
2023-08-14,179.460007,43675600.0,1329.609985,4.36,4.19,4.46,-0.77,14.82
2023-08-15,177.449997,43622600.0,1334.73999,4.36,4.21,4.49,-0.71,16.46
2023-08-16,176.570007,46964900.0,1338.73999,4.42,4.28,4.55,-0.69,16.78
2023-08-17,174.0,66062900.0,1343.329956,4.42,4.3,4.58,-0.64,17.89
2023-08-18,174.490005,61114200.0,1339.079956,4.38,4.26,4.55,-0.66,17.3
2023-08-21,175.839996,46311900.0,1339.170044,4.46,4.34,4.64,-0.63,17.13
2023-08-22,177.229996,42084200.0,1339.73999,4.49,4.34,4.61,-0.68,16.97
2023-08-23,181.119995,52722800.0,1339.689941,4.36,4.19,4.46,-0.76,15.98
2023-08-24,176.380005,54945800.0,1327.780029,4.39,4.23,4.49,-0.75,17.2
2023-08-25,178.610001,51449600.0,1326.619995,4.44,4.25,4.5,-0.78,15.68
2023-08-28,180.190002,43820700.0,1323.609985,4.38,4.2,4.48,-0.78,15.08
2023-08-29,184.119995,53003900.0,1322.819946,4.26,4.12,4.42,-0.75,14.45
2023-08-30,187.649994,60813900.0,1321.069946,4.27,4.12,4.42,-0.78,13.88
2023-08-31,187.869995,60794500.0,1323.030029,4.23,4.09,4.39,-0.76,13.57
2023-09-01,189.460007,45732600.0,1324.640015,4.29,4.18,4.48,-0.69,13.09
2023-09-05,189.699997,45280000.0,1317.949951,4.37,4.27,4.56,-0.67,14.01
2023-09-06,182.910004,81755800.0,1331.72998,4.44,4.3,4.56,-0.71,14.45
2023-09-07,177.559998,112488800.0,1333.459961,4.38,4.27,4.55,-0.67,14.4
