Date,Adj Close,2-year,5-year,10-year,T10Y2Y,VIXCLS
2020-01-02,73.249023,1.58,1.67,1.88,0.3,12.47
2020-01-03,72.536888,1.53,1.59,1.8,0.27,14.02
2020-01-06,73.114899,1.54,1.61,1.81,0.27,13.85
2020-01-07,72.771034,1.54,1.62,1.83,0.29,13.79
2020-01-08,73.941628,1.58,1.67,1.87,0.29,13.45
2020-01-09,75.51223,1.58,1.65,1.85,0.27,12.54
2020-01-10,75.68293,1.56,1.63,1.83,0.27,12.56
2020-01-13,77.299858,1.58,1.65,1.85,0.27,12.32
2020-01-14,76.256035,1.58,1.63,1.82,0.24,12.39
2020-01-15,75.929245,1.56,1.6,1.79,0.23,12.42
2020-01-16,76.880371,1.58,1.63,1.81,0.23,12.32
2020-01-17,77.731514,1.58,1.63,1.84,0.26,12.1
2020-01-21,77.204727,1.53,1.57,1.78,0.25,12.85
2020-01-22,77.480339,1.53,1.57,1.77,0.24,12.91
2020-01-23,77.853462,1.51,1.55,1.74,0.23,12.98
2020-01-24,77.629059,1.49,1.51,1.7,0.21,14.56
2020-01-27,75.346375,1.44,1.44,1.61,0.17,18.23
2020-01-28,77.477882,1.45,1.47,1.65,0.2,16.28
2020-01-29,79.099678,1.42,1.41,1.6,0.18,16.39
2020-01-30,78.985069,1.41,1.39,1.57,0.16,15.49
2020-01-31,75.482956,1.33,1.32,1.51,0.18,18.84
2020-02-03,75.275658,1.36,1.35,1.54,0.18,17.97
2020-02-04,77.760796,1.41,1.42,1.61,0.2,16.05
2020-02-05,78.394875,1.44,1.46,1.66,0.22,15.15
2020-02-06,79.311852,1.44,1.45,1.65,0.21,14.96
2020-02-07,78.233795,1.41,1.41,1.59,0.18,15.47
2020-02-10,78.605354,1.37,1.38,1.56,0.19,15.04
2020-02-11,78.131119,1.41,1.4,1.59,0.18,15.18
2020-02-12,79.986549,1.44,1.45,1.62,0.18,13.74
2020-02-13,79.416969,1.44,1.43,1.61,0.17,14.15
2020-02-14,79.436523,1.42,1.42,1.59,0.17,13.68
2020-02-18,77.98201,1.41,1.39,1.55,0.14,14.83
2020-02-19,79.111397,1.42,1.41,1.56,0.14,14.38
2020-02-20,78.299789,1.39,1.37,1.52,0.13,15.56
2020-02-21,76.527473,1.34,1.3,1.46,0.12,17.08
2020-02-24,72.89238,1.26,1.21,1.38,0.12,25.03
2020-02-25,70.42337,1.2,1.16,1.33,0.13,27.85
2020-02-26,71.540535,1.16,1.14,1.33,0.17,27.56
2020-02-27,66.864059,1.11,1.11,1.3,0.19,39.16
2020-02-28,66.824944,0.86,0.89,1.13,0.27,40.11
2020-03-02,73.046394,0.84,0.88,1.1,0.26,33.42
2020-03-03,70.726509,0.71,0.77,1.02,0.31,36.82
2020-03-04,74.007126,0.67,0.75,1.02,0.35,31.99
2020-03-05,71.606544,0.59,0.67,0.92,0.33,39.62
2020-03-06,70.655617,0.49,0.58,0.74,0.25,41.94
2020-03-09,65.067307,0.38,0.46,0.54,0.16,54.46
2020-03-10,69.753563,0.5,0.63,0.76,0.26,47.3
2020-03-11,67.330971,0.5,0.66,0.82,0.32,53.9
2020-03-12,60.681728,0.5,0.66,0.88,0.38,75.47
2020-03-13,67.951904,0.49,0.7,0.94,0.45,57.83
2020-03-16,59.210098,0.36,0.49,0.73,0.37,82.69
2020-03-17,61.813572,0.47,0.66,1.02,0.55,75.91
2020-03-18,60.300381,0.54,0.79,1.18,0.64,76.45
2020-03-19,59.838352,0.44,0.66,1.12,0.68,72.0
2020-03-20,56.03949,0.37,0.52,0.92,0.55,66.04
2020-03-23,54.848965,0.28,0.38,0.76,0.48,61.59
2020-03-24,60.351715,0.38,0.52,0.84,0.46,61.67
2020-03-25,60.019253,0.34,0.56,0.88,0.54,63.95
2020-03-26,63.177647,0.3,0.51,0.83,0.53,61.0
2020-03-27,60.561947,0.25,0.41,0.72,0.47,65.54
2020-03-30,62.290264,0.23,0.39,0.7,0.47,57.08
2020-03-31,62.163143,0.23,0.37,0.7,0.47,53.54
2020-04-01,58.8923,0.23,0.37,0.62,0.39,57.06
2020-04-02,59.875015,0.23,0.39,0.63,0.4,50.91
2020-04-03,59.01453,0.23,0.39,0.62,0.39,46.8
2020-04-06,64.162811,0.27,0.44,0.67,0.4,45.24
2020-04-07,63.419659,0.28,0.48,0.75,0.47,46.7
2020-04-08,65.042862,0.27,0.47,0.77,0.5,43.35
2020-04-09,65.512222,0.23,0.41,0.73,0.5,41.67
2020-04-13,66.798073,0.25,0.44,0.76,0.51,41.17
2020-04-14,70.171562,0.23,0.42,0.76,0.53,37.76
2020-04-15,69.531105,0.2,0.34,0.63,0.43,40.84
2020-04-16,70.08358,0.2,0.35,0.61,0.41,40.11
2020-04-17,69.132645,0.2,0.36,0.65,0.45,38.15
2020-04-20,67.697662,0.2,0.35,0.63,0.43,43.83
2020-04-21,65.60511,0.2,0.34,0.58,0.38,45.41
2020-04-22,67.494766,0.22,0.37,0.63,0.41,41.98
2020-04-23,67.233215,0.22,0.37,0.61,0.39,41.38
2020-04-24,69.174194,0.22,0.36,0.6,0.38,35.93
2020-04-27,69.223083,0.24,0.41,0.67,0.43,33.29
2020-04-28,68.101028,0.2,0.37,0.62,0.42,33.57
2020-04-29,70.337822,0.2,0.36,0.63,0.43,31.23
2020-04-30,71.821671,0.2,0.36,0.64,0.44,34.15
2020-05-01,70.665375,0.2,0.36,0.64,0.44,37.19
2020-05-04,71.665199,0.19,0.36,0.64,0.45,35.97
2020-05-05,72.740814,0.19,0.36,0.66,0.47,33.61
2020-05-06,73.491295,0.17,0.37,0.72,0.55,34.12
2020-05-07,74.251564,0.13,0.29,0.63,0.5,31.44
2020-05-08,76.01889,0.16,0.33,0.69,0.53,27.98
2020-05-11,77.215065,0.17,0.36,0.73,0.56,27.57
2020-05-12,76.332642,0.17,0.34,0.69,0.52,33.04
2020-05-13,75.411003,0.16,0.31,0.64,0.48,35.28
2020-05-14,75.87426,0.16,0.31,0.63,0.47,32.61
2020-05-15,75.425705,0.16,0.31,0.64,0.48,31.89
2020-05-18,77.202805,0.18,0.38,0.73,0.55,29.3
2020-05-19,76.756699,0.17,0.35,0.7,0.53,30.53
2020-05-20,78.249474,0.16,0.34,0.68,0.52,27.99
2020-05-21,77.666092,0.17,0.35,0.68,0.51,29.53
2020-05-22,78.166145,0.17,0.34,0.66,0.49,28.16
2020-05-26,77.636688,0.18,0.35,0.69,0.51,28.01
2020-05-27,77.974937,0.19,0.34,0.68,0.49,27.62
2020-05-28,78.009262,0.17,0.34,0.7,0.53,28.59
2020-05-29,77.933266,0.16,0.3,0.65,0.49,27.51
2020-06-01,78.891678,0.14,0.31,0.66,0.52,28.23
2020-06-02,79.256927,0.17,0.32,0.68,0.51,26.84
2020-06-03,79.693222,0.19,0.38,0.77,0.58,25.66
2020-06-04,79.006897,0.19,0.4,0.82,0.63,25.81
2020-06-05,81.257103,0.22,0.47,0.91,0.69,24.52
2020-06-08,81.737526,0.22,0.45,0.88,0.66,25.81
2020-06-09,84.318626,0.2,0.4,0.84,0.64,27.57
2020-06-10,86.48793,0.17,0.33,0.75,0.58,27.57
2020-06-11,82.335609,0.19,0.32,0.66,0.47,40.79
2020-06-12,83.046455,0.19,0.33,0.71,0.52,36.09
2020-06-15,84.073524,0.19,0.33,0.71,0.52,34.4
2020-06-16,86.301651,0.21,0.34,0.75,0.54,33.67
2020-06-17,86.181541,0.19,0.34,0.74,0.55,33.47
2020-06-18,86.215866,0.19,0.34,0.71,0.52,32.94
2020-06-19,85.723167,0.19,0.33,0.7,0.51,35.12
2020-06-22,87.966003,0.19,0.34,0.71,0.52,31.77
2020-06-23,89.843628,0.18,0.33,0.72,0.54,31.37
2020-06-24,88.257698,0.19,0.33,0.69,0.5,33.84
2020-06-25,89.429367,0.17,0.32,0.68,0.51,32.22
2020-06-26,86.681572,0.17,0.3,0.64,0.47,34.73
2020-06-29,88.679314,0.16,0.28,0.64,0.48,31.78
2020-06-30,89.419556,0.16,0.29,0.66,0.5,30.43
2020-07-01,89.250427,0.17,0.31,0.69,0.52,28.62
2020-07-02,89.250427,0.16,0.29,0.68,0.52,27.68
2020-07-06,91.637901,0.16,0.31,0.69,0.53,27.94
2020-07-07,91.353554,0.16,0.29,0.65,0.49,29.43
2020-07-08,93.481186,0.16,0.3,0.67,0.51,28.08
2020-07-09,93.883186,0.16,0.28,0.62,0.46,29.26
2020-07-10,94.047417,0.16,0.3,0.65,0.49,27.29
2020-07-13,93.613564,0.16,0.3,0.64,0.48,32.19
2020-07-14,95.16272,0.14,0.28,0.63,0.49,29.52
2020-07-15,95.817192,0.16,0.28,0.64,0.48,27.76
2020-07-16,94.638168,0.16,0.28,0.62,0.46,28.0
2020-07-17,94.446968,0.14,0.29,0.64,0.5,25.68
2020-07-20,96.43734,0.16,0.29,0.62,0.46,24.46
2020-07-21,95.106331,0.14,0.27,0.61,0.47,24.84
2020-07-22,95.373528,0.14,0.27,0.6,0.46,24.32
2020-07-23,91.032455,0.16,0.27,0.59,0.43,26.08
2020-07-24,90.806931,0.14,0.27,0.59,0.45,25.84
2020-07-27,92.959091,0.15,0.3,0.62,0.47,24.74
2020-07-28,91.431984,0.14,0.26,0.59,0.45,25.44
2020-07-29,93.184616,0.12,0.25,0.58,0.46,24.1
2020-07-30,94.312149,0.11,0.23,0.55,0.44,24.76
2020-07-31,104.185562,0.11,0.21,0.55,0.44,24.46
2020-08-03,106.810791,0.11,0.22,0.56,0.45,24.28
2020-08-04,107.524078,0.11,0.19,0.52,0.41,23.76
2020-08-05,107.913826,0.11,0.22,0.55,0.44,22.99
2020-08-06,111.678856,0.11,0.21,0.55,0.44,22.65
2020-08-07,109.139755,0.13,0.23,0.57,0.44,22.21
2020-08-10,110.726082,0.14,0.24,0.59,0.45,22.13
2020-08-11,107.433105,0.16,0.27,0.64,0.48,24.03
2020-08-12,111.003578,0.16,0.3,0.69,0.53,22.28
2020-08-13,112.968063,0.16,0.32,0.71,0.55,22.13
2020-08-14,112.867371,0.14,0.29,0.71,0.57,22.05
2020-08-17,112.572708,0.14,0.29,0.69,0.55,21.35
2020-08-18,113.510742,0.14,0.27,0.67,0.53,21.51
2020-08-19,113.653168,0.14,0.29,0.68,0.54,22.54
2020-08-20,116.175095,0.13,0.26,0.65,0.52,22.72
2020-08-21,122.161865,0.16,0.27,0.64,0.48,22.54
2020-08-24,123.622971,0.14,0.28,0.65,0.51,22.37
2020-08-25,122.608795,0.15,0.3,0.69,0.54,22.03
2020-08-26,124.276146,0.16,0.28,0.69,0.53,23.27
2020-08-27,122.790512,0.16,0.31,0.74,0.58,24.47
2020-08-28,122.591606,0.14,0.28,0.74,0.6,22.96
2020-08-31,126.748955,0.14,0.28,0.72,0.58,26.41
2020-09-01,131.797699,0.13,0.26,0.68,0.55,26.12
2020-09-02,129.067047,0.14,0.26,0.66,0.52,26.57
2020-09-03,118.733833,0.13,0.24,0.63,0.5,33.6
2020-09-04,118.812416,0.14,0.3,0.72,0.58,30.75
2020-09-08,110.816948,0.14,0.28,0.69,0.55,31.46
2020-09-09,115.23703,0.14,0.28,0.71,0.57,28.81
2020-09-10,111.475029,0.14,0.26,0.68,0.54,29.71
2020-09-11,110.011497,0.13,0.26,0.67,0.54,26.87
2020-09-14,113.311836,0.14,0.27,0.68,0.54,25.85
2020-09-15,113.48864,0.14,0.27,0.68,0.54,25.59
2020-09-16,110.139183,0.14,0.28,0.69,0.55,26.04
2020-09-17,108.380959,0.13,0.28,0.69,0.56,26.46
2020-09-18,104.943115,0.14,0.29,0.7,0.56,25.83
2020-09-21,108.12558,0.14,0.27,0.68,0.54,27.78
2020-09-22,109.824875,0.13,0.27,0.68,0.55,26.86
2020-09-23,105.21814,0.14,0.28,0.68,0.54,28.58
2020-09-24,106.298599,0.14,0.27,0.67,0.53,28.51
2020-09-25,110.28653,0.12,0.26,0.66,0.54,26.38
2020-09-28,112.918945,0.14,0.26,0.67,0.53,26.19
2020-09-29,112.064392,0.11,0.24,0.66,0.55,26.27
2020-09-30,113.75386,0.13,0.28,0.69,0.56,26.37
2020-10-01,114.716446,0.14,0.27,0.68,0.54,26.7
2020-10-02,111.013382,0.13,0.28,0.7,0.57,27.63
2020-10-05,114.431602,0.14,0.33,0.78,0.64,27.96
2020-10-06,111.150909,0.14,0.32,0.76,0.62,29.48
2020-10-07,113.036812,0.16,0.35,0.81,0.65,28.06
2020-10-08,112.928757,0.13,0.33,0.78,0.65,26.36
2020-10-09,114.893265,0.16,0.34,0.79,0.63,25.0
2020-10-12,122.191345,,,,0.63,25.07
2020-10-13,118.949928,0.16,0.31,0.74,0.58,26.07
2020-10-14,119.038345,0.14,0.3,0.73,0.59,26.4
2020-10-15,118.566849,0.14,0.32,0.74,0.6,26.97
2020-10-16,116.906853,0.14,0.32,0.76,0.62,27.41
2020-10-19,113.92083,0.16,0.34,0.78,0.62,29.18
2020-10-20,115.423683,0.14,0.34,0.81,0.67,29.35
2020-10-21,114.795036,0.14,0.36,0.83,0.69,28.65
2020-10-22,113.694923,0.16,0.38,0.87,0.71,28.11
2020-10-23,112.997528,0.18,0.37,0.85,0.67,27.55
2020-10-26,113.007347,0.16,0.35,0.81,0.65,32.46
2020-10-27,114.529831,0.16,0.34,0.79,0.63,33.35
2020-10-28,109.2257,0.16,0.34,0.79,0.63,40.28
2020-10-29,113.272552,0.16,0.38,0.85,0.69,37.59
2020-10-30,106.927246,0.14,0.38,0.88,0.74,38.02
2020-11-02,106.838844,0.16,0.38,0.87,0.71,37.13
2020-11-03,108.479195,0.17,0.39,0.9,0.73,35.55
2020-11-04,112.909126,0.14,0.33,0.78,0.64,29.57
2020-11-05,116.916679,0.14,0.33,0.79,0.65,27.58
2020-11-06,116.783844,0.16,0.36,0.83,0.67,24.86
2020-11-09,114.451897,0.17,0.44,0.96,0.79,25.75
2020-11-10,114.107521,0.19,0.46,0.98,0.79,24.8
2020-11-11,117.570999,,,,0.79,23.45
2020-11-12,117.295509,0.17,0.4,0.88,0.71,25.35
2020-11-13,117.344696,0.17,0.41,0.89,0.72,23.1
2020-11-16,118.367996,0.19,0.41,0.91,0.72,22.45
2020-11-17,117.47261,0.18,0.39,0.87,0.69,22.71
2020-11-18,116.134445,0.16,0.4,0.88,0.72,23.84
2020-11-19,116.734657,0.18,0.39,0.86,0.68,23.11
2020-11-20,115.455528,0.16,0.38,0.83,0.67,23.7
2020-11-23,112.021584,0.16,0.39,0.86,0.7,22.66
2020-11-24,113.320374,0.16,0.39,0.88,0.72,21.64
2020-11-25,114.166573,0.17,0.39,0.88,0.71,21.25
2020-11-27,114.717575,0.16,0.37,0.84,0.68,20.84
2020-11-30,117.138077,0.16,0.36,0.84,0.68,20.57
2020-12-01,120.74913,0.17,0.42,0.92,0.75,20.77
2020-12-02,121.103348,0.16,0.42,0.95,0.79,21.17
2020-12-03,120.965607,0.16,0.4,0.92,0.76,21.28
2020-12-04,120.286682,0.16,0.42,0.97,0.81,20.79
2020-12-07,121.762596,0.14,0.4,0.94,0.8,21.3
2020-12-08,122.382477,0.14,0.39,0.92,0.78,20.68
2020-12-09,119.824226,0.16,0.41,0.95,0.79,22.27
2020-12-10,121.26078,0.14,0.39,0.92,0.78,22.52
2020-12-11,120.444122,0.11,0.37,0.9,0.79,23.31
2020-12-14,119.824226,0.13,0.37,0.9,0.77,24.72
2020-12-15,125.826263,0.11,0.37,0.92,0.81,22.89
2020-12-16,125.757385,0.13,0.37,0.92,0.79,22.5
2020-12-17,126.633087,0.13,0.38,0.94,0.81,21.93
2020-12-18,124.625854,0.13,0.39,0.95,0.82,21.57
2020-12-21,126.170647,0.13,0.39,0.95,0.82,25.16
2020-12-22,129.762024,0.13,0.37,0.93,0.8,24.23
2020-12-23,128.856796,0.13,0.38,0.96,0.83,23.31
2020-12-24,129.850555,0.13,0.37,0.94,0.81,21.53
2020-12-28,134.494797,0.13,0.38,0.94,0.81,21.7
2020-12-29,132.70401,0.12,0.37,0.94,0.82,23.08
2020-12-30,131.572479,0.12,0.37,0.93,0.81,22.77
2020-12-31,130.559021,0.13,0.36,0.93,0.8,22.75
2021-01-04,127.33168,0.11,0.36,0.93,0.82,26.97
2021-01-05,128.905991,0.13,0.38,0.96,0.83,25.34
2021-01-06,124.566803,0.14,0.43,1.04,0.9,25.07
2021-01-07,128.817444,0.14,0.46,1.08,0.94,22.37
2021-01-08,129.929291,0.14,0.49,1.13,0.99,21.56
2021-01-11,126.908592,0.14,0.5,1.15,1.01,24.08
2021-01-12,126.731506,0.14,0.5,1.15,1.01,23.33
2021-01-13,128.787933,0.14,0.48,1.1,0.96,22.21
2021-01-14,126.839722,0.16,0.49,1.15,0.99,23.25
2021-01-15,125.098137,0.13,0.46,1.11,0.98,24.34
2021-01-19,125.777061,0.14,0.45,1.1,0.96,23.24
2021-01-20,129.909607,0.13,0.45,1.1,0.97,21.58
2021-01-21,134.671844,0.13,0.45,1.12,0.99,21.32
2021-01-22,136.836548,0.13,0.44,1.1,0.97,21.91
2021-01-25,140.62471,0.13,0.42,1.05,0.92,23.19
2021-01-26,140.860855,0.11,0.42,1.05,0.94,23.02
2021-01-27,139.778534,0.12,0.41,1.04,0.92,37.21
2021-01-28,134.888351,0.12,0.42,1.07,0.95,30.21
2021-01-29,129.840744,0.11,0.45,1.11,1.0,33.09
2021-02-01,131.985718,0.11,0.42,1.09,0.98,30.24
2021-02-02,132.822067,0.11,0.45,1.12,1.01,25.56
2021-02-03,131.788956,0.11,0.46,1.15,1.04,22.91
2021-02-04,135.183533,0.11,0.46,1.15,1.04,21.77
2021-02-05,134.764709,0.09,0.47,1.19,1.1,20.87
2021-02-08,134.912537,0.11,0.48,1.19,1.08,21.24
2021-02-09,134.025681,0.11,0.48,1.18,1.07,21.63
2021-02-10,133.414703,0.11,0.46,1.15,1.04,21.99
2021-02-11,133.158524,0.11,0.46,1.16,1.05,21.25
2021-02-12,133.394989,0.11,0.5,1.2,1.09,19.97
2021-02-16,131.246811,0.13,0.57,1.3,1.17,21.46
2021-02-17,128.931107,0.11,0.57,1.29,1.18,21.5
2021-02-18,127.817574,0.11,0.56,1.29,1.18,22.49
2021-02-19,127.975258,0.11,0.59,1.34,1.23,22.05
2021-02-22,124.16172,0.11,0.61,1.37,1.26,23.45
2021-02-23,124.02375,0.11,0.59,1.37,1.26,23.11
2021-02-24,123.521194,0.12,0.62,1.38,1.26,21.34
2021-02-25,119.224808,0.17,0.81,1.54,1.37,28.89
2021-02-26,119.490868,0.14,0.75,1.44,1.3,27.95
2021-03-01,125.925591,0.13,0.71,1.45,1.32,23.35
2021-03-02,123.294548,0.13,0.67,1.42,1.29,24.1
2021-03-03,120.279198,0.14,0.73,1.47,1.33,26.67
2021-03-04,118.37735,0.14,0.77,1.54,1.4,28.57
2021-03-05,119.648529,0.14,0.79,1.56,1.42,24.66
2021-03-08,114.662354,0.17,0.86,1.59,1.42,25.47
2021-03-09,119.323349,0.17,0.83,1.55,1.38,24.03
2021-03-10,118.229553,0.16,0.8,1.53,1.37,22.56
2021-03-11,120.180656,0.14,0.78,1.54,1.4,21.91
2021-03-12,119.264214,0.14,0.85,1.64,1.5,20.69
2021-03-15,122.181046,0.14,0.84,1.62,1.48,20.03
2021-03-16,123.737984,0.15,0.83,1.62,1.47,19.79
2021-03-17,122.939812,0.13,0.8,1.63,1.5,19.23
2021-03-18,118.771523,0.16,0.86,1.71,1.55,21.58
2021-03-19,118.23941,0.16,0.9,1.74,1.58,20.95
2021-03-22,121.58979,0.15,0.87,1.69,1.54,18.88
2021-03-23,120.752197,0.15,0.83,1.63,1.48,20.3
2021-03-24,118.337936,0.14,0.83,1.62,1.48,21.2
2021-03-25,118.830643,0.14,0.82,1.63,1.49,19.81
2021-03-26,119.441597,0.14,0.85,1.67,1.53,18.86
2021-03-29,119.618965,0.14,0.89,1.73,1.59,20.74
2021-03-30,118.150719,0.16,0.9,1.73,1.57,19.61
2021-03-31,120.367889,0.16,0.92,1.74,1.58,19.4
2021-04-01,121.205475,0.17,0.9,1.69,1.52,17.33
2021-04-05,124.063171,0.17,0.94,1.73,1.56,17.91
2021-04-06,124.368645,0.16,0.88,1.67,1.51,18.12
2021-04-07,126.033997,0.16,0.87,1.68,1.52,17.16
2021-04-08,128.458099,0.14,0.85,1.64,1.5,16.95
2021-04-09,131.059586,0.16,0.87,1.67,1.51,16.69
2021-04-12,129.325287,0.18,0.89,1.69,1.51,16.91
2021-04-13,132.468719,0.16,0.85,1.64,1.48,16.65
2021-04-14,130.103729,0.16,0.87,1.64,1.48,16.99
2021-04-15,132.537689,0.16,0.81,1.56,1.4,16.57
2021-04-16,132.202667,0.16,0.84,1.59,1.43,16.25
2021-04-19,132.872757,0.16,0.85,1.61,1.45,17.29
2021-04-20,131.167999,0.15,0.81,1.58,1.43,18.68
2021-04-21,131.552292,0.15,0.81,1.57,1.42,17.5
2021-04-22,130.01506,0.16,0.81,1.57,1.41,18.71
2021-04-23,132.360306,0.16,0.83,1.58,1.42,17.33
2021-04-26,132.754471,0.18,0.85,1.58,1.4,17.64
2021-04-27,132.429291,0.17,0.88,1.63,1.46,17.56
2021-04-28,131.631119,0.17,0.86,1.63,1.46,17.28
2021-04-29,131.532593,0.16,0.86,1.65,1.49,17.61
2021-04-30,129.542084,0.16,0.86,1.65,1.49,18.61
2021-05-03,130.606308,0.16,0.84,1.63,1.47,18.31
2021-05-04,125.984726,0.16,0.82,1.61,1.45,19.48
2021-05-05,126.231079,0.16,0.8,1.59,1.43,19.15
2021-05-06,127.84716,0.16,0.81,1.58,1.42,18.39
2021-05-07,128.528229,0.14,0.77,1.6,1.46,16.69
2021-05-10,125.211632,0.16,0.8,1.63,1.47,19.66
2021-05-11,124.283783,0.16,0.8,1.64,1.48,21.84
2021-05-12,121.184311,0.16,0.87,1.69,1.53,27.59
2021-05-13,123.355919,0.16,0.84,1.66,1.5,23.13
2021-05-14,125.803879,0.16,0.82,1.63,1.47,18.81
2021-05-17,124.639114,0.16,0.84,1.64,1.48,19.72
2021-05-18,123.237465,0.16,0.83,1.64,1.48,21.34
2021-05-19,123.079521,0.16,0.87,1.68,1.52,22.18
2021-05-20,125.665688,0.15,0.83,1.63,1.48,20.67
2021-05-21,123.809982,0.17,0.84,1.63,1.46,20.15
2021-05-24,125.458405,0.15,0.82,1.61,1.46,18.4
2021-05-25,125.260986,0.15,0.79,1.56,1.41,18.84
2021-05-26,125.211632,0.14,0.8,1.58,1.44,17.36
2021-05-27,123.661911,0.14,0.81,1.61,1.47,16.74
2021-05-28,123.000565,0.14,0.79,1.58,1.44,16.76
2021-06-01,122.674835,0.16,0.81,1.62,1.46,17.9
2021-06-02,123.444756,0.13,0.8,1.59,1.46,17.48
2021-06-03,121.944389,0.16,0.84,1.63,1.47,18.04
2021-06-04,124.26403,0.14,0.78,1.56,1.42,16.42
2021-06-07,124.273903,0.16,0.79,1.57,1.41,16.42
2021-06-08,125.103065,0.14,0.77,1.53,1.39,17.07
2021-06-09,125.488014,0.16,0.75,1.5,1.34,17.89
2021-06-10,124.481186,0.14,0.73,1.45,1.31,16.1
2021-06-11,125.705177,0.16,0.76,1.47,1.31,15.65
2021-06-14,128.794739,0.16,0.8,1.51,1.35,16.39
2021-06-15,127.965607,0.16,0.79,1.51,1.35,17.02
2021-06-16,128.469009,0.21,0.89,1.57,1.36,18.15
2021-06-17,130.08783,0.23,0.9,1.52,1.29,17.75
2021-06-18,128.775009,0.26,0.89,1.45,1.19,20.7
2021-06-21,130.591248,0.27,0.9,1.5,1.23,17.89
2021-06-22,132.249542,0.25,0.87,1.48,1.23,16.66
2021-06-23,131.973175,0.26,0.9,1.5,1.24,16.32
2021-06-24,131.686905,0.26,0.9,1.49,1.23,15.97
2021-06-25,131.390778,0.28,0.92,1.54,1.26,15.62
2021-06-28,133.039215,0.25,0.9,1.49,1.24,15.76
2021-06-29,134.569183,0.27,0.89,1.49,1.22,16.02
2021-06-30,135.19104,0.25,0.87,1.45,1.2,15.83
2021-07-01,135.497055,0.25,0.89,1.48,1.23,15.48
2021-07-02,138.152313,0.24,0.86,1.44,1.2,15.07
2021-07-06,140.185715,0.22,0.81,1.37,1.15,16.44
2021-07-07,142.702774,0.22,0.79,1.33,1.11,16.2
2021-07-08,141.389954,0.19,0.74,1.3,1.11,19.0
2021-07-09,143.235794,0.23,0.79,1.37,1.14,16.18
2021-07-12,142.633682,0.23,0.81,1.38,1.15,16.17
2021-07-13,143.758942,0.26,0.85,1.42,1.16,17.12
2021-07-14,147.223618,0.23,0.8,1.37,1.14,16.33
2021-07-15,146.562256,0.23,0.78,1.31,1.08,17.01
2021-07-16,144.499268,0.25,0.79,1.31,1.06,18.45
2021-07-19,140.610153,0.21,0.7,1.19,0.98,22.5
2021-07-20,144.262375,0.2,0.69,1.23,1.03,19.73
2021-07-21,143.522034,0.22,0.74,1.3,1.08,17.91
2021-07-22,144.903946,0.2,0.71,1.27,1.07,17.69
2021-07-23,146.64122,0.22,0.72,1.3,1.08,17.2
2021-07-26,147.065674,0.22,0.73,1.29,1.07,17.58
2021-07-27,144.874344,0.2,0.71,1.25,1.05,19.36
2021-07-28,143.107468,0.2,0.72,1.26,1.06,18.31
2021-07-29,143.758942,0.2,0.73,1.28,1.08,17.7
2021-07-30,143.976105,0.19,0.69,1.24,1.05,18.24
2021-08-02,143.640503,0.17,0.66,1.2,1.03,19.46
2021-08-03,145.456757,0.17,0.65,1.19,1.02,18.04
2021-08-04,145.052032,0.17,0.67,1.19,1.02,17.97
2021-08-05,145.160614,0.21,0.72,1.23,1.02,17.28
2021-08-06,144.468613,0.21,0.77,1.31,1.1,16.15
2021-08-09,144.419174,0.23,0.79,1.33,1.1,16.72
2021-08-10,143.934784,0.24,0.82,1.36,1.12,16.79
2021-08-11,144.191818,0.23,0.81,1.35,1.12,16.06
2021-08-12,147.187164,0.23,0.83,1.36,1.13,15.59
2021-08-13,147.394775,0.23,0.79,1.29,1.06,15.45
2021-08-16,149.391663,0.21,0.75,1.26,1.05,16.12
2021-08-17,148.472321,0.23,0.77,1.26,1.03,17.91
2021-08-18,144.686081,0.23,0.79,1.27,1.04,21.57
2021-08-19,145.022232,0.22,0.78,1.24,1.02,21.67
2021-08-20,146.495209,0.23,0.8,1.26,1.03,18.56
2021-08-23,147.997803,0.23,0.78,1.25,1.02,17.15
2021-08-24,147.908813,0.24,0.8,1.29,1.05,17.22
2021-08-25,146.663223,0.23,0.84,1.35,1.12,16.79
2021-08-26,145.8526,0.25,0.84,1.34,1.09,18.84
2021-08-27,146.900497,0.22,0.79,1.31,1.09,16.39
2021-08-30,151.368774,0.2,0.77,1.29,1.09,16.19
2021-08-31,150.093552,0.2,0.77,1.3,1.1,16.48
2021-09-01,150.765747,0.2,0.78,1.31,1.11,16.11
2021-09-02,151.892731,0.2,0.78,1.29,1.09,16.41
2021-09-03,152.535278,0.21,0.78,1.33,1.12,16.41
2021-09-07,154.897964,0.22,0.82,1.38,1.16,18.14
2021-09-08,153.336029,0.22,0.81,1.35,1.13,17.96
2021-09-09,152.307922,0.23,0.79,1.3,1.07,18.8
2021-09-10,147.266235,0.23,0.82,1.35,1.12,20.95
2021-09-13,147.839615,0.21,0.81,1.33,1.12,19.37
2021-09-14,146.42598,0.21,0.79,1.28,1.07,19.46
2021-09-15,147.325562,0.21,0.81,1.31,1.1,18.18
2021-09-16,147.088303,0.23,0.84,1.34,1.11,18.69
2021-09-17,144.389542,0.23,0.88,1.37,1.14,20.81
2021-09-20,141.305222,0.23,0.83,1.31,1.08,25.71
2021-09-21,141.789581,0.22,0.84,1.33,1.11,24.36
2021-09-22,144.181946,0.25,0.86,1.32,1.07,20.87
2021-09-23,145.150726,0.27,0.94,1.41,1.14,18.63
2021-09-24,145.2397,0.29,0.97,1.47,1.18,17.75
2021-09-27,143.707397,0.31,0.98,1.48,1.17,18.76
2021-09-28,140.286987,0.31,1.02,1.54,1.23,23.25
2021-09-29,141.196487,0.3,1.01,1.55,1.25,22.56
2021-09-30,139.881683,0.28,0.98,1.52,1.24,23.14
2021-10-01,141.018539,0.27,0.93,1.48,1.21,21.15
2021-10-04,137.54866,0.27,0.95,1.49,1.22,22.96
2021-10-05,139.496155,0.28,0.98,1.54,1.26,21.3
2021-10-06,140.375946,0.3,0.99,1.53,1.23,21.0
2021-10-07,141.651215,0.32,1.02,1.58,1.26,19.54
2021-10-08,141.265671,0.32,1.05,1.61,1.29,18.77
2021-10-11,141.176712,,,,1.29,20.0
2021-10-12,139.891586,0.35,1.08,1.59,1.24,19.85
2021-10-13,139.298431,0.37,1.09,1.56,1.19,18.64
2021-10-14,142.11586,0.36,1.05,1.52,1.16,16.86
2021-10-15,143.183502,0.41,1.13,1.59,1.18,16.3
2021-10-18,144.873917,0.44,1.16,1.59,1.15,16.31
2021-10-19,147.05864,0.41,1.17,1.65,1.24,15.7
2021-10-20,147.552948,0.4,1.16,1.65,1.25,15.49
2021-10-21,147.770416,0.45,1.23,1.68,1.23,15.01
2021-10-22,146.989441,0.48,1.22,1.66,1.18,15.43
2021-10-25,146.940033,0.47,1.19,1.64,1.17,15.24
2021-10-26,147.612244,0.47,1.2,1.63,1.16,15.98
2021-10-27,147.147629,0.5,1.16,1.54,1.04,16.98
2021-10-28,150.825089,0.5,1.18,1.57,1.07,16.53
2021-10-29,148.086761,0.48,1.18,1.55,1.07,16.26
2021-11-01,147.256363,0.5,1.2,1.58,1.08,16.41
2021-11-02,148.304245,0.46,1.15,1.56,1.1,16.03
2021-11-03,149.757446,0.47,1.19,1.6,1.13,15.1
2021-11-04,149.233475,0.41,1.1,1.53,1.12,15.44
2021-11-05,149.768097,0.39,1.04,1.45,1.06,16.48
2021-11-08,148.936508,0.45,1.13,1.51,1.06,17.22
2021-11-09,149.30278,0.41,1.08,1.46,1.05,17.78
2021-11-10,146.441635,0.51,1.23,1.56,1.05,18.73
2021-11-11,146.392181,,,,1.05,17.66
2021-11-12,148.490997,0.53,1.24,1.58,1.05,16.29
2021-11-15,148.500885,0.53,1.26,1.63,1.1,16.49
2021-11-16,149.490891,0.54,1.27,1.63,1.09,16.37
2021-11-17,151.956009,0.52,1.24,1.6,1.08,17.11
2021-11-18,156.292236,0.52,1.22,1.59,1.07,17.59
2021-11-19,158.94545,0.52,1.22,1.54,1.02,17.91
2021-11-22,159.410751,0.63,1.33,1.63,1.0,19.17
2021-11-23,159.796844,0.6,1.33,1.67,1.07,19.38
2021-11-24,160.321564,0.64,1.34,1.64,1.0,18.58
2021-11-26,155.242828,0.5,1.16,1.48,0.98,28.62
2021-11-29,158.63855,0.51,1.18,1.52,1.01,22.96
2021-11-30,163.647964,0.52,1.14,1.43,0.91,27.19
2021-12-01,163.123291,0.56,1.15,1.43,0.87,31.12
2021-12-02,162.123352,0.63,1.21,1.44,0.81,27.95
2021-12-03,160.222534,0.6,1.13,1.35,0.75,30.67
2021-12-06,163.66777,0.65,1.21,1.43,0.78,27.18
2021-12-07,169.469208,0.7,1.26,1.48,0.78,21.89
2021-12-08,173.330231,0.68,1.27,1.52,0.84,19.9
2021-12-09,172.815445,0.7,1.26,1.49,0.79,21.58
2021-12-10,177.656555,0.67,1.25,1.48,0.81,18.69
2021-12-13,173.983627,0.66,1.21,1.42,0.76,20.31
2021-12-14,172.587738,0.67,1.23,1.44,0.77,21.89
2021-12-15,177.508087,0.69,1.26,1.47,0.78,19.29
2021-12-16,170.538406,0.64,1.19,1.44,0.8,20.57
2021-12-17,169.429611,0.66,1.18,1.41,0.75,21.57
2021-12-20,168.053482,0.65,1.17,1.43,0.78,22.87
2021-12-21,171.261124,0.7,1.24,1.48,0.78,21.01
2021-12-22,173.884644,0.68,1.23,1.46,0.78,18.63
2021-12-23,174.518265,0.71,1.25,1.5,0.79,17.96
2021-12-27,178.527771,0.76,1.26,1.48,0.72,17.68
2021-12-28,177.498154,0.74,1.27,1.49,0.75,17.54
2021-12-29,177.587265,0.75,1.29,1.55,0.8,16.95
2021-12-30,176.419052,0.73,1.27,1.52,0.79,17.33
2021-12-31,175.795364,0.73,1.26,1.52,0.79,17.22
2022-01-03,180.190964,0.78,1.37,1.63,0.85,16.6
2022-01-04,177.904053,0.77,1.37,1.66,0.89,16.91
2022-01-05,173.171814,0.83,1.43,1.71,0.88,19.73
2022-01-06,170.281006,0.88,1.47,1.73,0.85,19.61
2022-01-07,170.44931,0.87,1.5,1.76,0.89,18.76
2022-01-10,170.469131,0.92,1.53,1.78,0.86,19.4
2022-01-11,173.330231,0.9,1.51,1.75,0.85,18.41
2022-01-12,173.775742,0.92,1.5,1.74,0.82,17.62
2022-01-13,170.469131,0.91,1.47,1.7,0.79,20.31
2022-01-14,171.340332,0.99,1.55,1.78,0.79,19.19
2022-01-18,168.102997,1.06,1.65,1.87,0.81,22.79
2022-01-19,164.56868,1.04,1.62,1.83,0.79,23.85
2022-01-20,162.86586,1.08,1.62,1.83,0.75,25.59
2022-01-21,160.786865,1.01,1.54,1.75,0.74,28.85
2022-01-24,160.004745,0.99,1.53,1.75,0.76,29.9
2022-01-25,158.183151,1.02,1.56,1.78,0.76,31.16
2022-01-26,158.09404,1.13,1.66,1.85,0.72,31.96
2022-01-27,157.628738,1.18,1.66,1.81,0.63,30.49
2022-01-28,168.627701,1.15,1.61,1.78,0.63,27.66
2022-01-31,173.033234,1.18,1.62,1.79,0.61,24.83
2022-02-01,172.864929,1.18,1.63,1.81,0.63,21.96
2022-02-02,174.082626,1.16,1.6,1.78,0.62,22.09
2022-02-03,171.172012,1.19,1.66,1.82,0.63,24.35
2022-02-04,170.884583,1.31,1.78,1.93,0.62,23.22
2022-02-07,170.160934,1.3,1.76,1.92,0.62,22.86
2022-02-08,173.303253,1.35,1.81,1.96,0.61,21.44
2022-02-09,174.740585,1.36,1.82,1.94,0.58,19.96
2022-02-10,170.616898,1.61,1.96,2.03,0.42,23.91
2022-02-11,167.167313,1.5,1.84,1.92,0.42,27.36
2022-02-14,167.405212,1.58,1.9,1.98,0.4,28.33
2022-02-15,171.281036,1.58,1.94,2.05,0.47,25.7
2022-02-16,171.043167,1.52,1.9,2.03,0.51,24.29
2022-02-17,167.405212,1.49,1.85,1.97,0.48,28.11
2022-02-18,165.839005,1.47,1.82,1.92,0.45,27.75
2022-02-22,162.88504,1.56,1.85,1.94,0.38,28.81
2022-02-23,158.672165,1.58,1.89,1.99,0.41,31.02
2022-02-24,161.318832,1.54,1.84,1.96,0.42,30.32
2022-02-25,163.410416,1.55,1.86,1.97,0.42,27.59
2022-02-28,163.678024,1.44,1.71,1.83,0.39,30.15
2022-03-01,161.774811,1.31,1.56,1.72,0.41,33.32
2022-03-02,165.105469,1.5,1.74,1.86,0.36,30.74
2022-03-03,164.778351,1.53,1.74,1.86,0.33,30.48
2022-03-04,161.745071,1.5,1.65,1.74,0.24,31.98
2022-03-07,157.908875,1.55,1.71,1.78,0.23,36.45
2022-03-08,156.065109,1.63,1.8,1.86,0.23,35.13
2022-03-09,161.526978,1.68,1.87,1.94,0.26,32.45
2022-03-10,157.135666,1.72,1.92,1.98,0.26,30.23
2022-03-11,153.378769,1.75,1.96,2.0,0.25,30.75
2022-03-14,149.304642,1.87,2.1,2.14,0.27,31.77
2022-03-15,153.735626,1.85,2.1,2.15,0.3,29.83
2022-03-16,158.196335,1.95,2.18,2.19,0.24,26.67
2022-03-17,159.217346,1.94,2.17,2.2,0.26,25.67
2022-03-18,162.547989,1.97,2.14,2.14,0.17,23.87
2022-03-21,163.935776,2.14,2.33,2.32,0.18,23.53
2022-03-22,167.345734,2.18,2.39,2.38,0.2,22.94
2022-03-23,168.723602,2.13,2.34,2.32,0.19,23.57
2022-03-24,172.549896,2.13,2.37,2.34,0.21,21.67
2022-03-25,173.194199,2.3,2.55,2.48,0.18,20.81
2022-03-28,174.066528,2.35,2.54,2.46,0.11,19.63
2022-03-29,177.397186,2.35,2.49,2.41,0.06,18.9
2022-03-30,176.217575,2.31,2.44,2.35,0.04,19.33
2022-03-31,173.085175,2.28,2.42,2.32,0.04,20.56
2022-04-01,172.787781,2.44,2.55,2.39,-0.05,19.63
2022-04-04,176.881744,2.43,2.56,2.42,-0.01,18.57
2022-04-05,173.531219,2.51,2.69,2.54,0.03,21.03
2022-04-06,170.329437,2.5,2.7,2.61,0.11,22.1
2022-04-07,170.636749,2.47,2.7,2.66,0.19,21.55
2022-04-08,168.604614,2.53,2.76,2.72,0.19,21.16
2022-04-11,164.302536,2.5,2.79,2.79,0.29,24.37
2022-04-12,166.195862,2.39,2.66,2.72,0.33,24.26
2022-04-13,168.911926,2.37,2.66,2.7,0.33,21.82
2022-04-14,163.846542,2.47,2.79,2.83,0.36,22.7
2022-04-18,163.628494,2.46,2.79,2.85,0.39,22.17
2022-04-19,165.93811,2.61,2.91,2.93,0.32,21.37
2022-04-20,165.769608,2.6,2.87,2.85,0.25,20.32
2022-04-21,164.96669,2.68,2.96,2.9,0.22,22.68
2022-04-22,160.377121,2.72,2.94,2.9,0.18,28.21
2022-04-25,161.457611,2.63,2.84,2.81,0.18,27.02
2022-04-26,155.43071,2.54,2.79,2.77,0.23,33.52
2022-04-27,155.202728,2.58,2.81,2.82,0.24,31.6
2022-04-28,162.210983,2.63,2.86,2.85,0.22,29.99
2022-04-29,156.273254,2.7,2.92,2.89,0.19,33.4
2022-05-02,156.580582,2.73,3.01,2.99,0.26,32.34
2022-05-03,158.087296,2.78,3.01,2.97,0.19,29.25
2022-05-04,164.57019,2.66,2.93,2.93,0.27,25.42
2022-05-05,155.400955,2.71,3.01,3.05,0.34,31.2
2022-05-06,156.13559,2.72,3.06,3.12,0.4,30.19
2022-05-09,150.953552,2.61,2.95,3.05,0.44,34.75
2022-05-10,153.385727,2.62,2.91,2.99,0.37,32.99
2022-05-11,145.434006,2.66,2.89,2.91,0.25,32.56
2022-05-12,141.52269,2.56,2.81,2.84,0.28,31.77
2022-05-13,146.039566,2.61,2.89,2.93,0.32,28.87
2022-05-16,144.480988,2.58,2.83,2.88,0.3,27.47
2022-05-17,148.154083,2.71,2.96,2.98,0.27,26.1
2022-05-18,139.795349,2.68,2.89,2.89,0.21,30.96
2022-05-19,136.350601,2.63,2.84,2.84,0.21,29.35
2022-05-20,136.588867,2.6,2.8,2.78,0.18,29.43
2022-05-23,142.068695,2.65,2.88,2.86,0.21,28.48
2022-05-24,139.338699,2.5,2.76,2.76,0.26,29.45
2022-05-25,139.497528,2.48,2.71,2.75,0.27,28.37
2022-05-26,142.733826,2.46,2.7,2.75,0.29,27.5
2022-05-27,148.551163,2.47,2.71,2.74,0.27,25.72
2022-05-31,147.757004,2.53,2.81,2.85,0.32,26.19
2022-06-01,147.627945,2.66,2.94,2.94,0.28,25.69
2022-06-02,150.109756,2.65,2.92,2.92,0.27,24.72
2022-06-03,144.322174,2.66,2.95,2.96,0.3,24.79
2022-06-06,145.076645,2.73,3.03,3.04,0.31,25.07
2022-06-07,147.627945,2.75,2.99,2.98,0.23,24.02
2022-06-08,146.883392,2.78,3.03,3.03,0.25,23.96
2022-06-09,141.602112,2.83,3.07,3.04,0.21,26.09
2022-06-10,136.132202,3.06,3.25,3.15,0.09,27.75
2022-06-13,130.920395,3.4,3.56,3.43,0.03,34.02
2022-06-14,131.793976,3.45,3.61,3.49,0.04,32.69
2022-06-15,134.44455,3.2,3.38,3.33,0.13,29.62
2022-06-16,129.113632,3.14,3.35,3.28,0.14,32.95
2022-06-17,130.602722,3.17,3.34,3.25,0.08,31.13
2022-06-21,134.881348,3.21,3.38,3.31,0.1,30.19
2022-06-22,134.365143,3.06,3.22,3.16,0.1,28.95
2022-06-23,137.263901,3.01,3.14,3.09,0.08,29.05
2022-06-24,140.629242,3.04,3.18,3.13,0.09,27.23
2022-06-27,140.629242,3.08,3.24,3.2,0.12,26.95
2022-06-28,136.439941,3.1,3.25,3.2,0.1,28.36
2022-06-29,138.216919,3.06,3.15,3.1,0.04,28.16
2022-06-30,135.725189,2.92,3.01,2.98,0.06,28.71
2022-07-01,137.919083,2.84,2.88,2.88,0.04,26.7
2022-07-05,140.529968,2.82,2.82,2.82,0.0,27.54
2022-07-06,141.880051,2.97,2.96,2.93,-0.04,26.73
2022-07-07,145.28511,3.03,3.05,3.01,-0.02,26.08
2022-07-08,145.970078,3.12,3.13,3.09,-0.03,24.64
2022-07-11,143.815857,3.07,3.05,2.99,-0.08,26.17
2022-07-12,144.79866,3.03,3.01,2.96,-0.07,27.29
2022-07-13,144.431381,3.13,3.02,2.91,-0.22,26.82
2022-07-14,147.389694,3.15,3.06,2.96,-0.19,26.4
2022-07-15,149.077301,3.13,3.05,2.93,-0.2,24.23
2022-07-18,145.999893,3.15,3.06,2.96,-0.19,25.3
2022-07-19,149.90126,3.23,3.14,3.01,-0.22,24.5
2022-07-20,151.926437,3.25,3.18,3.04,-0.21,23.88
2022-07-21,154.21962,3.1,3.0,2.91,-0.19,23.11
2022-07-22,152.968781,2.98,2.87,2.77,-0.21,23.03
2022-07-25,151.837097,3.0,2.89,2.81,-0.19,23.36
2022-07-26,150.496918,3.02,2.89,2.81,-0.21,24.69
2022-07-27,155.649124,2.96,2.82,2.78,-0.18,23.24
2022-07-28,156.205093,2.85,2.69,2.68,-0.17,22.33
2022-07-29,161.327515,2.89,2.7,2.67,-0.22,21.33
2022-08-01,160.334778,2.9,2.66,2.6,-0.3,22.84
2022-08-02,158.845688,3.06,2.85,2.75,-0.31,23.93
2022-08-03,164.921188,3.1,2.86,2.73,-0.37,21.95
2022-08-04,164.6035,3.03,2.76,2.68,-0.35,21.44
2022-08-05,164.374878,3.24,2.97,2.83,-0.41,21.15
2022-08-08,163.89769,3.21,2.91,2.77,-0.44,21.29
2022-08-09,163.947403,3.28,2.97,2.8,-0.48,21.77
2022-08-10,168.241943,3.23,2.93,2.78,-0.45,19.74
2022-08-11,167.496353,3.23,2.98,2.87,-0.36,20.2
2022-08-12,171.085068,3.25,2.97,2.84,-0.41,19.53
2022-08-15,172.168625,3.2,2.91,2.79,-0.41,19.95
2022-08-16,172.009567,3.25,2.95,2.82,-0.43,19.69
2022-08-17,173.520615,3.28,3.04,2.89,-0.39,19.9
2022-08-18,173.122971,3.22,3.02,2.88,-0.34,19.56
2022-08-19,170.508469,3.25,3.11,2.98,-0.27,20.6
2022-08-22,166.581787,3.32,3.17,3.03,-0.29,23.8
2022-08-23,166.243774,3.29,3.18,3.05,-0.24,24.11
2022-08-24,166.541992,3.36,3.2,3.11,-0.25,22.82
2022-08-25,169.027283,3.35,3.15,3.03,-0.32,21.78
2022-08-26,162.655045,3.37,3.2,3.04,-0.33,25.56
2022-08-29,160.428284,3.42,3.27,3.12,-0.3,26.21
2022-08-30,157.972855,3.46,3.27,3.11,-0.35,26.21
2022-08-31,156.292816,3.45,3.3,3.15,-0.3,25.87
2022-09-01,157.028458,3.51,3.39,3.26,-0.25,25.56
2022-09-02,154.891113,3.4,3.3,3.2,-0.2,25.47
2022-09-06,153.618668,3.5,3.43,3.33,-0.17,26.91
2022-09-07,155.040237,3.45,3.37,3.27,-0.18,24.64
2022-09-08,153.549103,3.48,3.39,3.29,-0.19,23.61
2022-09-09,156.441925,3.56,3.45,3.33,-0.23,22.79
2022-09-12,162.466171,3.58,3.47,3.37,-0.21,23.87
2022-09-13,152.932739,3.75,3.58,3.42,-0.33,27.27
2022-09-14,154.394073,3.78,3.6,3.41,-0.37,26.16
2022-09-15,151.47139,3.87,3.66,3.45,-0.42,26.27
2022-09-16,149.811249,3.85,3.62,3.45,-0.4,26.3
2022-09-19,153.568954,3.95,3.69,3.49,-0.46,25.76
2022-09-20,155.974701,3.96,3.75,3.57,-0.39,27.16
2022-09-21,152.813461,4.02,3.74,3.51,-0.51,27.99
2022-09-22,151.839233,4.11,3.91,3.7,-0.41,27.35
2022-09-23,149.542831,4.2,3.96,3.69,-0.51,29.92
2022-09-26,149.880859,4.27,4.15,3.88,-0.39,32.26
2022-09-27,150.865005,4.3,4.21,3.97,-0.33,32.6
2022-09-28,148.956329,4.07,3.92,3.72,-0.35,30.18
2022-09-29,141.63974,4.16,3.98,3.76,-0.4,31.84
2022-09-30,137.384964,4.22,4.06,3.83,-0.39,31.62
2022-10-03,141.609909,4.12,3.9,3.67,-0.45,30.1
2022-10-04,145.238388,4.1,3.84,3.62,-0.48,29.07
2022-10-05,145.536606,4.15,3.96,3.76,-0.39,28.55
2022-10-06,144.572342,4.23,4.05,3.83,-0.4,30.52
2022-10-07,139.26384,4.3,4.14,3.89,-0.41,31.36
2022-10-10,139.591873,,,,-0.41,32.45
2022-10-11,138.16037,4.3,4.14,3.93,-0.37,33.63
2022-10-12,137.524155,4.28,4.12,3.91,-0.37,33.57
2022-10-13,142.146744,4.47,4.21,3.97,-0.5,31.94
2022-10-14,137.563919,4.48,4.25,4.0,-0.48,32.02
2022-10-17,141.57016,4.45,4.24,4.02,-0.43,31.37
2022-10-18,142.902252,4.43,4.21,4.01,-0.42,30.5
2022-10-19,143.011597,4.55,4.35,4.14,-0.41,30.76
2022-10-20,142.544373,4.62,4.45,4.24,-0.38,29.98
2022-10-21,146.401505,4.49,4.34,4.21,-0.28,29.69
2022-10-24,148.568634,4.5,4.36,4.25,-0.25,29.85
2022-10-25,151.441589,4.42,4.25,4.1,-0.32,28.46
2022-10-26,148.469223,4.39,4.2,4.04,-0.35,27.28
2022-10-27,143.94606,4.3,4.09,3.96,-0.34,27.39
2022-10-28,154.821548,4.41,4.19,4.02,-0.39,25.75
2022-10-31,152.435684,4.51,4.27,4.1,-0.41,25.88
2022-11-01,149.761551,4.54,4.27,4.07,-0.47,25.81
2022-11-02,144.174698,4.61,4.3,4.1,-0.51,25.86
2022-11-03,138.060974,4.71,4.36,4.14,-0.57,25.3
2022-11-04,137.792114,4.66,4.33,4.17,-0.49,24.55
2022-11-07,138.329803,4.72,4.39,4.22,-0.5,24.35
2022-11-08,138.907364,4.67,4.31,4.14,-0.53,25.54
2022-11-09,134.297028,4.61,4.27,4.12,-0.49,26.09
2022-11-10,146.246048,4.34,3.95,3.82,-0.52,23.53
2022-11-11,149.064026,,,,-0.52,22.52
2022-11-14,147.650055,4.4,4.0,3.88,-0.52,23.73
2022-11-15,149.402573,4.37,3.93,3.8,-0.57,24.54
2022-11-16,148.157883,4.35,3.83,3.67,-0.68,24.11
2022-11-17,150.079712,4.43,3.93,3.77,-0.66,23.93
2022-11-18,150.647263,4.51,3.99,3.82,-0.69,23.12
2022-11-21,147.38121,4.48,3.97,3.83,-0.65,22.36
2022-11-22,149.541977,4.47,3.93,3.76,-0.71,21.29
2022-11-23,150.428223,4.46,3.88,3.71,-0.75,20.35
2022-11-25,147.480789,4.42,3.85,3.68,-0.74,20.5
2022-11-28,143.6073,4.46,3.88,3.69,-0.77,22.21
2022-11-29,140.570267,4.48,3.92,3.75,-0.73,21.89
2022-11-30,147.401123,4.38,3.82,3.68,-0.7,20.58
2022-12-01,147.679947,4.25,3.68,3.53,-0.72,19.84
2022-12-02,147.182068,4.28,3.67,3.51,-0.77,19.06
2022-12-05,146.007065,4.41,3.8,3.6,-0.81,20.75
2022-12-06,142.302887,4.34,3.73,3.51,-0.83,22.17
2022-12-07,140.341248,4.26,3.62,3.42,-0.84,22.68
2022-12-08,142.043976,4.31,3.71,3.48,-0.83,22.29
2022-12-09,141.556076,4.33,3.75,3.57,-0.76,22.83
2022-12-12,143.87616,4.39,3.8,3.61,-0.78,25.0
2022-12-13,144.852005,4.22,3.66,3.51,-0.71,22.55
2022-12-14,142.601608,4.23,3.64,3.49,-0.74,21.14
2022-12-15,135.92009,4.23,3.62,3.44,-0.79,22.83
2022-12-16,133.938553,4.17,3.61,3.48,-0.69,22.62
2022-12-19,131.807648,4.25,3.7,3.57,-0.68,22.42
2022-12-20,131.737946,4.25,3.79,3.69,-0.56,21.48
2022-12-21,134.874557,4.21,3.78,3.68,-0.53,20.07
2022-12-22,131.668243,4.24,3.79,3.67,-0.57,21.97
2022-12-23,131.29982,4.31,3.86,3.75,-0.56,20.87
2022-12-27,129.477585,4.32,3.94,3.84,-0.48,21.65
2022-12-28,125.504539,4.31,3.97,3.88,-0.43,22.14
2022-12-29,129.059372,4.34,3.94,3.83,-0.51,21.44
2022-12-30,129.378006,4.41,3.99,3.88,-0.53,21.67
2023-01-03,124.538666,4.4,3.94,3.79,-0.61,22.9
2023-01-04,125.823189,4.36,3.85,3.69,-0.67,22.01
2023-01-05,124.488876,4.45,3.9,3.71,-0.74,22.46
2023-01-06,129.069321,4.24,3.69,3.55,-0.69,21.13
2023-01-09,129.597061,4.19,3.66,3.53,-0.66,21.97
2023-01-10,130.174606,4.24,3.72,3.61,-0.63,20.58
2023-01-11,132.922882,4.2,3.66,3.54,-0.66,21.09
2023-01-12,132.843231,4.12,3.53,3.43,-0.69,18.83
2023-01-13,134.1875,4.22,3.6,3.49,-0.73,18.35
2023-01-17,135.362488,4.18,3.6,3.53,-0.65,19.36
2023-01-18,134.63559,4.06,3.43,3.37,-0.69,20.34
2023-01-19,134.695328,4.09,3.48,3.39,-0.7,20.52
2023-01-20,137.284271,4.14,3.56,3.48,-0.66,19.85
2023-01-23,140.510513,4.21,3.61,3.52,-0.69,19.81
2023-01-24,141.924484,4.12,3.58,3.46,-0.66,19.2
2023-01-25,141.257339,4.11,3.54,3.46,-0.65,19.08
2023-01-26,143.348419,4.17,3.58,3.49,-0.68,18.73
2023-01-27,145.310043,4.19,3.62,3.52,-0.67,18.51
2023-01-30,142.392502,4.25,3.68,3.55,-0.7,19.94
2023-01-31,143.677002,4.21,3.63,3.52,-0.69,19.4
2023-02-01,144.812164,4.09,3.48,3.39,-0.7,17.87
2023-02-02,150.179291,4.09,3.49,3.4,-0.69,18.73
2023-02-03,153.843628,4.3,3.67,3.53,-0.77,18.33
2023-02-06,151.085388,4.44,3.81,3.63,-0.81,19.43
2023-02-07,153.992981,4.47,3.85,3.67,-0.8,18.66
2023-02-08,151.274582,4.45,3.82,3.63,-0.82,19.63
2023-02-09,150.22905,4.48,3.87,3.67,-0.81,20.71
2023-02-10,150.598038,4.5,3.93,3.74,-0.76,20.53
2023-02-13,153.430313,4.52,3.93,3.72,-0.8,20.34
2023-02-14,152.782074,4.6,4.0,3.77,-0.83,18.91
2023-02-15,154.906265,4.62,4.04,3.81,-0.81,18.23
2023-02-16,153.29068,4.62,4.06,3.86,-0.76,20.17
2023-02-17,152.13385,4.6,4.03,3.82,-0.78,20.02
2023-02-21,148.074951,4.67,4.16,3.95,-0.72,22.87
2023-02-22,148.503769,4.66,4.13,3.93,-0.73,22.29
2023-02-23,148.992432,4.66,4.09,3.88,-0.78,21.14
2023-02-24,146.309784,4.78,4.19,3.95,-0.83,21.67
2023-02-27,147.516479,4.78,4.17,3.92,-0.86,20.95
2023-02-28,147.007874,4.81,4.18,3.92,-0.89,20.7
2023-03-01,144.913605,4.89,4.27,4.01,-0.88,20.58
2023-03-02,145.511978,4.89,4.32,4.08,-0.81,19.59
2023-03-03,150.617996,4.86,4.26,3.97,-0.89,18.49
2023-03-06,153.41037,4.89,4.27,3.98,-0.91,18.61
2023-03-07,151.186447,5.0,4.31,3.97,-1.03,19.59
2023-03-08,152.452972,5.05,4.34,3.98,-1.07,19.11
2023-03-09,150.179184,4.9,4.22,3.93,-0.97,22.61
2023-03-10,148.094894,4.6,3.96,3.7,-0.9,24.8
2023-03-13,150.059525,4.03,3.68,3.55,-0.48,26.52
2023-03-14,152.173737,4.2,3.78,3.64,-0.56,23.73
2023-03-15,152.572647,3.93,3.59,3.51,-0.42,26.14
2023-03-16,155.42485,4.14,3.72,3.56,-0.58,22.99
2023-03-17,154.577164,3.81,3.44,3.39,-0.42,25.51
2023-03-20,156.970612,3.92,3.56,3.47,-0.45,24.15
2023-03-21,158.84549,4.17,3.73,3.59,-0.58,21.38
2023-03-22,157.399445,3.96,3.54,3.48,-0.48,22.26
2023-03-23,158.496445,3.76,3.39,3.38,-0.38,22.61
2023-03-24,159.812836,3.76,3.41,3.38,-0.38,21.74
2023-03-27,157.848206,3.94,3.59,3.53,-0.41,20.6
2023-03-28,157.219925,4.02,3.63,3.55,-0.47,19.97
2023-03-29,160.331421,4.08,3.67,3.57,-0.51,19.12
2023-03-30,161.917084,4.1,3.66,3.55,-0.55,19.02
2023-03-31,164.45015,4.06,3.6,3.48,-0.58,18.7
2023-04-03,165.71669,3.97,3.52,3.43,-0.54,18.55
2023-04-04,165.178177,3.84,3.39,3.35,-0.49,19.0
2023-04-05,163.313263,3.79,3.36,3.3,-0.49,19.08
2023-04-06,164.210831,3.82,3.37,3.3,-0.52,18.4
2023-04-10,161.587982,4.0,3.52,3.41,-0.59,18.97
2023-04-11,160.361343,4.03,3.54,3.43,-0.6,19.1
2023-04-12,159.663269,3.95,3.46,3.41,-0.54,19.09
2023-04-13,165.108353,3.96,3.51,3.45,-0.51,17.8
2023-04-14,164.759323,4.08,3.6,3.52,-0.56,17.07
2023-04-17,164.779251,4.18,3.69,3.6,-0.58,16.95
2023-04-18,166.015884,4.19,3.69,3.58,-0.61,16.83
2023-04-19,167.172714,4.24,3.71,3.6,-0.64,16.46
2023-04-20,166.195389,4.14,3.63,3.54,-0.6,17.17
2023-04-21,164.569839,4.17,3.66,3.57,-0.6,16.77
2023-04-24,164.878983,4.12,3.6,3.52,-0.6,16.89
2023-04-25,163.323242,3.86,3.43,3.4,-0.46,18.76
2023-04-26,163.313263,3.9,3.46,3.43,-0.47,18.84
2023-04-27,167.950592,4.07,3.6,3.53,-0.54,17.03
2023-04-28,169.217117,4.04,3.51,3.44,-0.6,15.78
2023-05-01,169.127365,4.14,3.64,3.59,-0.55,16.08
2023-05-02,168.080231,3.97,3.46,3.44,-0.53,17.78
2023-05-03,166.993195,3.89,3.37,3.38,-0.51,18.34
2023-05-04,165.337723,3.75,3.29,3.37,-0.38,20.09
2023-05-05,173.096512,3.92,3.41,3.44,-0.48,17.19
2023-05-08,173.026688,4.0,3.49,3.52,-0.48,16.98
2023-05-09,171.301422,4.01,3.51,3.53,-0.48,17.71
2023-05-10,173.086533,3.9,3.37,3.43,-0.47,16.94
2023-05-11,173.276016,3.89,3.36,3.39,-0.5,16.93
2023-05-12,172.33728,3.98,3.45,3.46,-0.52,17.03
2023-05-15,171.837967,3.99,3.46,3.5,-0.49,17.12
2023-05-16,171.837967,4.06,3.52,3.54,-0.52,17.99
2023-05-17,172.457123,4.12,3.58,3.57,-0.55,16.87
2023-05-18,174.813934,4.24,3.69,3.65,-0.59,16.05
2023-05-19,174.923798,4.28,3.76,3.7,-0.58,16.81
2023-05-22,173.965073,4.29,3.77,3.72,-0.57,17.21
2023-05-23,171.328644,4.26,3.76,3.7,-0.56,18.53
2023-05-24,171.608261,4.31,3.75,3.73,-0.58,20.03
2023-05-25,172.756714,4.5,3.9,3.83,-0.67,19.14
2023-05-26,175.19342,4.54,3.92,3.8,-0.74,17.95
2023-05-30,177.060898,4.46,3.81,3.69,-0.77,17.46
2023-05-31,177.010971,4.4,3.74,3.64,-0.76,17.94
2023-06-01,179.847137,4.33,3.7,3.61,-0.72,15.65
2023-06-02,180.705978,4.5,3.84,3.69,-0.81,14.6
2023-06-05,179.33783,4.46,3.82,3.69,-0.77,14.73
2023-06-06,178.968338,4.51,3.85,3.7,-0.81,13.96
2023-06-07,177.5802,4.56,3.93,3.79,-0.77,13.94
2023-06-08,180.326492,4.52,3.87,3.73,-0.79,13.65
2023-06-09,180.715973,4.59,3.92,3.75,-0.84,13.83
2023-06-12,183.542145,4.55,3.89,3.73,-0.82,15.01
2023-06-13,183.06279,4.67,4.01,3.84,-0.83,14.61
2023-06-14,183.701935,4.74,4.06,3.83,-0.91,13.88
2023-06-15,185.759155,4.62,3.91,3.72,-0.9,14.5
2023-06-16,184.670624,4.7,3.99,3.77,-0.93,13.54
2023-06-20,184.760498,4.68,3.96,3.74,-0.94,13.88
2023-06-21,183.711929,4.68,3.95,3.72,-0.96,13.2
2023-06-22,186.747818,4.77,4.03,3.8,-0.97,12.91
2023-06-23,186.428238,4.71,3.99,3.74,-0.97,13.44
2023-06-26,185.020157,4.65,3.96,3.72,-0.93,14.25
2023-06-27,187.806381,4.74,4.02,3.77,-0.97,13.74
2023-06-28,188.994781,4.71,3.97,3.71,-1.0,13.43
2023-06-29,189.33432,4.87,4.14,3.85,-1.02,13.54
2023-06-30,193.70842,4.87,4.13,3.81,-1.06,13.59
2023-07-03,192.20047,4.94,4.19,3.86,-1.08,13.57
2023-07-05,191.071976,4.94,4.25,3.95,-0.99,14.18
2023-07-06,191.551331,4.99,4.37,4.05,-0.94,15.44
2023-07-07,190.422852,4.94,4.35,4.06,-0.88,14.83
2023-07-10,188.355652,4.85,4.25,4.01,-0.84,15.07
2023-07-11,187.82637,4.88,4.24,3.99,-0.89,14.84
2023-07-12,189.514084,4.72,4.07,3.86,-0.86,13.54
2023-07-13,190.283035,4.59,3.93,3.76,-0.83,13.61
2023-07-14,190.432846,4.74,4.04,3.83,-0.91,13.34
2023-07-17,193.728394,4.74,4.02,3.81,-0.93,13.48
2023-07-18,193.468735,4.74,4.0,3.8,-0.94,13.3
2023-07-19,194.836899,4.74,3.98,3.75,-0.99,13.76
2023-07-20,192.869553,4.8,4.08,3.85,-0.95,13.99
2023-07-21,191.681168,4.82,4.09,3.84,-0.98,13.6
2023-07-24,192.490067,4.81,4.13,3.86,-0.95,13.91
2023-07-25,193.358887,4.85,4.15,3.91,-0.94,13.86
2023-07-26,194.237701,4.82,4.09,3.86,-0.96,13.19
2023-07-27,192.959427,4.91,4.24,4.01,-0.9,14.41
2023-07-28,195.565918,4.87,4.18,3.96,-0.91,13.33
2023-07-31,196.185074,4.88,4.18,3.97,-0.91,13.63
2023-08-01,195.346207,4.92,4.24,4.05,-0.87,13.93
2023-08-02,192.320297,4.88,4.24,4.08,-0.8,16.09
2023-08-03,190.912201,4.9,4.3,4.2,-0.7,15.92
2023-08-04,181.744583,4.78,4.15,4.05,-0.73,17.1
2023-08-07,178.60881,4.76,4.16,4.09,-0.67,15.77
2023-08-08,179.557526,4.74,4.1,4.02,-0.72,15.99
2023-08-09,177.949707,4.79,4.12,4.0,-0.79,15.96
2023-08-10,177.729996,4.82,4.21,4.09,-0.73,15.85
2023-08-11,177.789993,4.89,4.31,4.16,-0.73,14.84
2023-08-14,179.460007,4.96,4.36,4.19,-0.77,14.82
2023-08-15,177.449997,4.92,4.36,4.21,-0.71,16.46
2023-08-16,176.570007,4.97,4.42,4.28,-0.69,16.78
2023-08-17,174.0,4.94,4.42,4.3,-0.64,17.89
2023-08-18,174.490005,4.92,4.38,4.26,-0.66,17.3
2023-08-21,175.839996,4.97,4.46,4.34,-0.63,17.13
2023-08-22,177.229996,5.02,4.49,4.34,-0.68,16.97
2023-08-23,181.119995,4.95,4.36,4.19,-0.76,15.98
2023-08-24,176.380005,4.98,4.39,4.23,-0.75,17.2
2023-08-25,178.610001,5.03,4.44,4.25,-0.78,15.68
2023-08-28,180.190002,4.98,4.38,4.2,-0.78,15.08
2023-08-29,184.119995,4.87,4.26,4.12,-0.75,14.45
2023-08-30,187.649994,4.9,4.27,4.12,-0.78,13.88
2023-08-31,187.869995,4.85,4.23,4.09,-0.76,13.57
2023-09-01,189.460007,4.87,4.29,4.18,-0.69,13.09
2023-09-05,189.699997,4.94,4.37,4.27,-0.67,14.01
2023-09-06,182.910004,5.01,4.44,4.3,-0.71,14.45
2023-09-07,177.559998,4.94,4.38,4.27,-0.67,14.4
