Date,Open,High,Low,Close,Adj Close,Volume
8/30/2018,20.150667,20.306667,19.848,20.209999,20.209999,108250500
8/31/2018,20.133333,20.354,19.906668,20.110666,20.110666,80626500
9/4/2018,19.796,19.879333,19.200001,19.263332,19.263332,125257500
9/5/2018,19.003332,19.118668,18.478666,18.716,18.716,115812000
9/6/2018,18.986668,19.411333,18.591999,18.73,18.73,112212000
9/7/2018,17.34,17.889999,16.816668,17.549334,17.549334,337378500
9/10/2018,18.217333,19.068666,18.066668,19.033333,19.033333,214252500
9/11/2018,18.631332,18.799999,18.236668,18.629333,18.629333,137550000
9/12/2018,18.762667,19.5,18.576668,19.369333,19.369333,150231000
9/13/2018,19.201332,19.666668,19.011999,19.297333,19.297333,95104500
9/14/2018,19.250668,19.822001,19.101334,19.68,19.68,101484000
9/17/2018,19.336,20.058001,19.208668,19.656,19.656,103314000
9/18/2018,19.779333,20.176001,18.366667,18.997334,18.997334,248212500
9/19/2018,18.700666,20,18.700001,19.934668,19.934668,124423500
9/20/2018,20.237333,20.398666,19.555332,19.888666,19.888666,110241000
9/21/2018,19.846666,20.038668,19.691334,19.940001,19.940001,75757500
9/24/2018,19.898666,20.200001,19.572001,19.978666,19.978666,72645000
9/25/2018,20,20.306667,19.766666,20.066,20.066,67225500
9/26/2018,20.127333,20.926001,20.073999,20.638666,20.638666,117648000
9/27/2018,20.860001,20.997334,20.460667,20.501333,20.501333,127636500
9/28/2018,18.017332,18.533333,17.370667,17.651333,17.651333,504745500
10/1/2018,20.384666,20.762667,20.07,20.713333,20.713333,326664000
10/2/2018,20.93,21.122667,19.943333,20.068001,20.068001,176152500
10/3/2018,20.222,20.306667,19.438,19.653334,19.653334,119925000
10/4/2018,19.596666,19.6,18.511333,18.788668,18.788668,147213000
10/5/2018,18.309999,18.325333,17.333332,17.463333,17.463333,269167500
10/8/2018,17.634666,17.850668,16.6,16.704,16.704,202090500
10/9/2018,17.016666,17.784666,16.886667,17.52,17.52,180909000
10/10/2018,17.640667,17.700666,16.518,17.125334,17.125334,192229500
10/11/2018,17.168667,17.483334,16.601999,16.815332,16.815332,122515500
10/12/2018,17.4,17.466,16.800667,17.252001,17.252001,108021000
10/15/2018,17.270666,17.552,16.969334,17.306,17.306,93000000
10/16/2018,17.713333,18.492001,17.482668,18.439333,18.439333,142896000
10/17/2018,18.826668,18.846666,17.719999,18.118668,18.118668,129832500
10/18/2018,17.952667,18.066668,17.533333,17.594,17.594,81318000
10/19/2018,17.826,17.977333,16.9,17.333332,17.333332,140632500
10/22/2018,17.378668,17.457333,16.839333,17.396667,17.396667,84004500
10/23/2018,17.591333,19.862,17.473333,19.609333,19.609333,285417000
10/24/2018,20.07,20.296,19.048668,19.233334,19.233334,300874500
10/25/2018,21.148001,21.4,20.067333,20.990667,20.990667,312610500
10/26/2018,20.549999,22.66,20.443333,22.059999,22.059999,411382500
10/29/2018,22.497999,23.143999,21.766666,22.323334,22.323334,217290000
10/30/2018,21.892668,22.526667,21.483999,21.993334,21.993334,136900500
10/31/2018,22.169333,22.799999,21.940001,22.488001,22.488001,114364500
11/1/2018,22.550667,23.189333,22.315332,22.952,22.952,120001500
11/2/2018,22.916,23.280001,22.727333,23.094,23.094,117120000
11/5/2018,22.700001,22.930668,22.009333,22.76,22.76,117465000
11/6/2018,22.604668,23.253332,22.406,22.737333,22.737333,101443500
11/7/2018,22.889334,23.412001,22.719999,23.210667,23.210667,110617500
11/8/2018,23.233334,23.838667,23.229334,23.426666,23.426666,106360500
11/9/2018,23.266666,23.6,23.015333,23.367332,23.367332,76482000
11/12/2018,23.224667,23.318666,22.022667,22.085333,22.085333,104122500
11/13/2018,22.210667,22.98,22.146667,22.582001,22.582001,81729000
11/14/2018,22.846666,23.140667,22.476667,22.933332,22.933332,75604500
11/15/2018,22.822001,23.238667,22.602667,23.229334,23.229334,69385500
11/16/2018,23.012667,23.713333,23.007999,23.620667,23.620667,108093000
11/19/2018,23.756001,24.450001,23.525333,23.564667,23.564667,145633500
11/20/2018,22.783333,23.32,22.236668,23.166,23.166,120070500
11/21/2018,23.466667,23.540001,22.493334,22.546,22.546,70302000
11/23/2018,22.290001,22.5,21.703333,21.722,21.722,63039000
11/26/2018,21.666668,23.081333,21.666668,23.066668,23.066668,119881500
11/27/2018,22.67,23.130667,22.366667,22.927999,22.927999,95374500
11/28/2018,23.066,23.218666,22.813999,23.191334,23.191334,61914000
11/29/2018,23.133333,23.166668,22.636667,22.744667,22.744667,46210500
11/30/2018,22.788668,23.440001,22.550667,23.365334,23.365334,84436500
12/3/2018,24,24.4,23.466667,23.899332,23.899332,124597500
12/4/2018,23.736668,24.578667,23.466667,23.98,23.98,126928500
12/6/2018,23.733999,24.492001,23.384001,24.204,24.204,117637500
12/7/2018,24.6,25.299334,23.843332,23.864668,23.864668,172668000
12/10/2018,24,24.398666,23.541332,24.343332,24.343332,99202500
12/11/2018,24.660667,24.811333,24.015333,24.450666,24.450666,94632000
12/12/2018,24.628,24.794001,24.344,24.440001,24.440001,75405000
12/13/2018,24.676666,25.162666,24.450001,25.119333,25.119333,110488500
12/14/2018,25,25.191334,24.288668,24.380667,24.380667,95064000
12/17/2018,24.133333,24.379999,22.925333,23.228001,23.228001,115110000
12/18/2018,23.369333,23.436666,22.246,22.468666,22.468666,106500000
12/19/2018,22.506666,23.134001,21.982668,22.198,22.198,124113000
12/20/2018,21.803333,22.019333,20.791332,21.025333,21.025333,136078500
12/21/2018,21.16,21.564667,20.829332,21.318001,21.318001,120252000
12/24/2018,20.9,20.966667,19.68,19.692667,19.692667,83398500
12/26/2018,20,21.798,19.606001,21.739332,21.739332,122446500
12/27/2018,21.322666,21.478001,20.1,21.075333,21.075333,128626500
12/28/2018,21.540001,22.416,21.227333,22.257999,22.257999,149085000
12/31/2018,22.519333,22.614,21.684,22.186666,22.186666,94534500
1/2/2019,20.406668,21.008667,19.92,20.674667,20.674667,174879000
1/3/2019,20.466667,20.626667,19.825333,20.024,20.024,104478000
1/4/2019,20.4,21.200001,20.181999,21.179333,21.179333,110911500
1/7/2019,21.448,22.449333,21.183332,22.330667,22.330667,113268000
1/8/2019,22.797333,22.934,21.801332,22.356667,22.356667,105127500
1/9/2019,22.366667,22.9,22.098,22.568666,22.568666,81493500
1/10/2019,22.293333,23.025999,22.119333,22.997999,22.997999,90846000
1/11/2019,22.806,23.227333,22.584667,23.150667,23.150667,75586500
1/14/2019,22.825333,22.833332,22.266666,22.293333,22.293333,78709500
1/15/2019,22.333332,23.253332,22.299999,22.962,22.962,90849000
1/16/2019,22.985332,23.466667,22.9,23.07,23.07,70375500
1/17/2019,23.080667,23.433332,22.943333,23.153999,23.153999,55150500
1/18/2019,21.533333,21.808666,19.982,20.150667,20.150667,362262000
1/22/2019,20.321333,20.533333,19.700001,19.927999,19.927999,181000500
1/23/2019,19.5,19.633333,18.779333,19.172667,19.172667,187950000
1/24/2019,18.868668,19.578667,18.618668,19.434,19.434,120183000
1/25/2019,19.625999,19.901333,19.303333,19.802668,19.802668,108744000
1/28/2019,19.527332,19.830667,19.183332,19.758667,19.758667,96349500
1/29/2019,19.684668,19.903999,19.453333,19.830667,19.830667,69325500
1/30/2019,20.030001,20.6,19.899332,20.584667,20.584667,168754500
1/31/2019,20.066668,20.770666,19.6,20.468,20.468,188538000
2/1/2019,20.361334,21.073334,20.233334,20.813999,20.813999,109251000
2/4/2019,20.865334,21.02,20.125334,20.859333,20.859333,110281500
2/5/2019,20.832666,21.496,20.816668,21.423332,21.423332,101142000
2/6/2019,21.306,21.615999,21.041332,21.148001,21.148001,75577500
2/7/2019,20.886667,20.98,20.200001,20.500668,20.500668,97809000
2/8/2019,20.455334,20.496668,19.9,20.386667,20.386667,87663000
2/11/2019,20.773333,21.24,20.700001,20.856001,20.856001,106945500
2/12/2019,21.08,21.212667,20.641333,20.787333,20.787333,82764000
2/13/2019,20.823334,20.85,20.371332,20.544666,20.544666,77124000
2/14/2019,20.225332,20.451332,20.066668,20.251333,20.251333,78012000
2/15/2019,20.299999,20.533333,20.26,20.525333,20.525333,58573500
2/19/2019,20.437332,20.769333,20.364668,20.375999,20.375999,62526000
2/20/2019,20.294001,20.42,19.933332,20.170668,20.170668,107131500
2/21/2019,20.120667,20.216,19.366667,19.415333,19.415333,133638000
2/22/2019,19.632668,19.766666,19.473333,19.647333,19.647333,86109000
2/25/2019,19.860666,20.193333,19.799999,19.917999,19.917999,99397500
2/26/2019,19.481333,20.134001,19.251333,19.857332,19.857332,128737500
2/27/2019,20.118668,21.086666,20.036667,20.982668,20.982668,167758500
2/28/2019,21.261333,21.333332,20.720667,21.325333,21.325333,157810500
3/1/2019,20.462667,20.475332,19.459999,19.652666,19.652666,343671000
3/4/2019,19.874666,19.933332,18.851999,19.024,19.024,256452000
3/5/2019,18.799999,18.933332,18.006666,18.436001,18.436001,281470500
3/6/2019,18.431999,18.767332,18.292667,18.416,18.416,155032500
3/7/2019,18.589333,18.98,18.283333,18.439333,18.439333,141637500
3/8/2019,18.460667,19.039333,18.392668,18.942667,18.942667,132294000
3/11/2019,18.901333,19.418667,18.700001,19.394667,19.394667,110884500
3/12/2019,19.099333,19.204666,18.737333,18.890667,18.890667,112561500
3/13/2019,18.926666,19.466,18.846666,19.264,19.264,102670500
3/14/2019,19.496668,19.692667,19.219334,19.330667,19.330667,106551000
3/15/2019,18.900667,18.914667,18.293333,18.362,18.362,221782500
3/18/2019,18.4,18.536667,17.82,17.966,17.966,154215000
3/19/2019,17.833332,18.219999,17.563999,17.831333,17.831333,177009000
3/20/2019,17.979334,18.331333,17.753332,18.24,18.24,103623000
3/21/2019,18.173332,18.43,17.896667,18.268,18.268,89206500
3/22/2019,18.172001,18.186666,17.6,17.635332,17.635332,131184000
3/25/2019,17.313999,17.545334,16.964001,17.361334,17.361334,153225000
3/26/2019,17.629333,18.017332,17.628668,17.851334,17.851334,110263500
3/27/2019,17.916668,18.358,17.878668,18.322001,18.322001,131688000
3/28/2019,18.477333,18.688667,18.34,18.574667,18.574667,101611500
3/29/2019,18.58,18.677334,18.299999,18.657333,18.657333,89869500
4/1/2019,18.841333,19.280001,18.752001,19.278667,19.278667,121656000
4/2/2019,19.219999,19.296,18.925333,19.058666,19.058666,82183500
4/3/2019,19.154667,19.744667,19.144667,19.454,19.454,118791000
4/4/2019,17.459333,18.08,17.372667,17.851999,17.851999,355810500
4/5/2019,17.990667,18.406668,17.740667,18.330667,18.330667,195574500
4/8/2019,18.512667,18.743999,18.029333,18.213333,18.213333,156156000
4/9/2019,18.110001,18.333332,17.974001,18.153999,18.153999,88560000
4/10/2019,18.449333,18.558666,18.192667,18.403999,18.403999,105919500
4/11/2019,17.886667,18.033333,17.706667,17.894667,17.894667,147538500
4/12/2019,18.014668,18.129999,17.788668,17.846666,17.846666,101190000
4/15/2019,17.908667,17.925333,17.242001,17.758667,17.758667,150579000
4/16/2019,17.716667,18.333332,17.648001,18.224001,18.224001,109093500
4/17/2019,18.316668,18.319332,17.902666,18.082001,18.082001,76897500
4/18/2019,18.082001,18.322666,17.983334,18.217333,18.217333,88144500
4/22/2019,17.933332,17.978666,17.498667,17.516666,17.516666,182206500
4/23/2019,17.343332,17.706667,17.049999,17.593332,17.593332,164158500
4/24/2019,17.59,17.688,17.200001,17.243999,17.243999,160912500
4/25/2019,17,17.266666,16.404667,16.508667,16.508667,327741000
4/26/2019,16.433332,16.445333,15.408667,15.676,15.676,335410500
4/29/2019,15.724,16.265333,15.478,16.098,16.098,250717500
4/30/2019,16.137333,16.280666,15.8,15.912667,15.912667,141969000
5/1/2019,15.923333,16,15.433333,15.600667,15.600667,160566000
5/2/2019,16.368,16.475332,15.848,16.273333,16.273333,272389500
5/3/2019,16.257334,17.107332,16.232668,17.002001,17.002001,355602000
5/6/2019,16.667999,17.223333,16.566668,17.022667,17.022667,162508500
5/7/2019,17.120001,17.147333,16.34,16.470667,16.470667,151971000
5/8/2019,16.462667,16.706667,16.280001,16.322666,16.322666,92646000
5/9/2019,16.133333,16.245333,15.796,16.132,16.132,100671000
5/10/2019,15.983333,16.132668,15.734667,15.968,15.968,105124500
5/13/2019,15.467333,15.498,14.966667,15.134,15.134,162522000
5/14/2019,15.286667,15.633333,15.2,15.487333,15.487333,108786000
5/15/2019,15.288,15.496,15.016667,15.463333,15.463333,109440000
5/16/2019,15.299333,15.4,15.1,15.222,15.222,112249500
5/17/2019,14.797333,14.816,13.928,14.068667,14.068667,266800500
5/20/2019,13.52,13.733333,13.016667,13.690667,13.690667,307893000
5/21/2019,13.184,13.826667,13.069333,13.672,13.672,270058500
5/22/2019,13.273333,13.596,12.785333,12.848667,12.848667,280278000
5/23/2019,12.956,13.298,12.414667,13.032667,13.032667,398206500
5/24/2019,13.322,13.332,12.583333,12.708667,12.708667,212049000
5/28/2019,12.746667,13,12.523333,12.58,12.58,154693500
5/29/2019,12.473333,12.826,12.336,12.657333,12.657333,179529000
5/30/2019,12.583333,12.817333,12.468,12.548,12.548,118897500
5/31/2019,12.34,12.661333,12.273333,12.344,12.344,156100500
6/3/2019,12.367333,12.445333,11.799333,11.931333,11.931333,195966000
6/4/2019,12.073333,12.932,11.974,12.906667,12.906667,207112500
6/5/2019,13.245333,13.418667,12.79,13.106,13.106,202662000
6/6/2019,13.629333,14.066667,13.453333,13.73,13.73,303633000
6/7/2019,13.666667,14.056,13.566667,13.633333,13.633333,240052500
6/10/2019,14.016667,14.462667,13.934,14.192,14.192,158775000
6/11/2019,14.609333,14.726667,14.233333,14.473333,14.473333,174802500
6/12/2019,14.863333,14.892,13.933333,13.950667,13.950667,227962500
6/13/2019,14.025333,14.326667,13.834,14.260667,14.260667,122524500
6/14/2019,14.083333,14.443333,14.026667,14.328,14.328,111501000
6/17/2019,14.365333,15.133333,14.284667,15.002,15.002,184752000
6/18/2019,15.248,15.649333,14.837333,14.982667,14.982667,190737000
6/19/2019,15.007333,15.184667,14.737333,15.095333,15.095333,98626500
6/20/2019,14.866667,15.126667,14.423333,14.641333,14.641333,177952500
6/21/2019,14.414667,14.812,14.366667,14.790667,14.790667,123031500
6/24/2019,14.882667,15.057333,14.734667,14.909333,14.909333,86262000
6/25/2019,14.959333,15.022667,14.632667,14.650667,14.650667,92731500
6/26/2019,14.687333,15.148667,14.54,14.618,14.618,127608000
6/27/2019,14.63,14.86,14.49,14.856,14.856,95095500
6/28/2019,14.732667,15.011333,14.72,14.897333,14.897333,102771000
7/1/2019,15.347333,15.54,15.085333,15.144667,15.144667,123201000
7/2/2019,15.259333,15.276667,14.814667,14.97,14.97,138885000
7/3/2019,15.959333,16.104668,15.634,15.66,15.66,213016500
7/5/2019,15.638,15.696667,15.386667,15.54,15.54,105985500
7/8/2019,15.416,15.483333,15.244,15.356,15.356,88207500
7/9/2019,15.264667,15.4,15.152,15.337333,15.337333,92862000
7/10/2019,15.61,15.929333,15.542667,15.928,15.928,137185500
7/11/2019,15.876,16.1,15.72,15.906667,15.906667,112716000
7/12/2019,15.983333,16.358667,15.980667,16.338667,16.338667,138007500
7/15/2019,16.533333,16.961332,16.323999,16.9,16.9,165001500
7/16/2019,16.620001,16.902,16.528667,16.825333,16.825333,122235000
7/17/2019,17.044666,17.220667,16.889999,16.990667,16.990667,146470500
7/18/2019,17.003332,17.049999,16.792667,16.902666,16.902666,71379000
7/19/2019,17.046,17.330667,16.974667,17.212,17.212,105726000
7/22/2019,17.25,17.476667,16.945999,17.045334,17.045334,102636000
7/23/2019,17.114,17.365334,16.966667,17.344667,17.344667,75346500
7/24/2019,17.278,17.738001,17.210667,17.658667,17.658667,166092000
7/25/2019,15.566667,15.633333,15.036667,15.254667,15.254667,336274500
7/26/2019,15.128,15.350667,14.816667,15.202667,15.202667,150415500
7/29/2019,15.139333,15.729333,15.068667,15.718,15.718,139099500
7/30/2019,15.526667,16.224001,15.478667,16.150667,16.150667,121635000
7/31/2019,16.200001,16.445333,15.776667,16.107332,16.107332,137673000
8/1/2019,16.176666,16.300667,15.451333,15.59,15.59,123892500
8/2/2019,15.423333,15.751333,15.282,15.622667,15.622667,92047500
8/5/2019,15.306667,15.424667,15.052,15.221333,15.221333,105424500
8/6/2019,15.458667,15.5,15.05,15.383333,15.383333,83463000
8/7/2019,15.1,15.571333,15.053333,15.561333,15.561333,71647500
8/8/2019,15.63,15.986667,15.51,15.886667,15.886667,79114500
8/9/2019,15.736667,15.930667,15.587333,15.667333,15.667333,58473000
8/12/2019,15.532667,15.718,15.25,15.267333,15.267333,69958500
8/13/2019,15.254,15.733333,15.17,15.666667,15.666667,72721500
8/14/2019,15.414,15.433333,14.446,14.641333,14.641333,143439000
8/15/2019,14.724,14.770667,14.103333,14.376,14.376,122394000
8/16/2019,14.444,14.816,14.401333,14.662667,14.662667,76477500
8/19/2019,14.947333,15.188667,14.78,15.122,15.122,79644000
8/20/2019,15.174667,15.272667,14.969333,15.057333,15.057333,61878000
8/21/2019,14.800667,14.881333,14.506667,14.722,14.722,116914500
8/22/2019,14.853333,15.026667,14.548,14.81,14.81,98385000
8/23/2019,14.664667,14.744667,14.066667,14.093333,14.093333,128079000
8/26/2019,14.24,14.334667,14.102667,14.333333,14.333333,75778500
8/27/2019,14.382667,14.586667,14.135333,14.272,14.272,81243000
8/28/2019,14.246,14.483333,14.154,14.372667,14.372667,48382500
8/29/2019,14.6,14.893333,14.533333,14.780667,14.780667,77692500
8/30/2019,15.276667,15.496,14.947333,15.040667,15.040667,139809000
9/3/2019,14.938667,15.263333,14.877333,15.000667,15.000667,80311500
9/4/2019,15.126,15.230667,14.614,14.712,14.712,86415000
9/5/2019,14.833333,15.32,14.723333,15.305333,15.305333,110929500
9/6/2019,15.146667,15.309333,15.011333,15.163333,15.163333,62841000
9/9/2019,15.333333,15.584,15.282,15.452667,15.452667,72040500
9/10/2019,15.386667,15.702667,15.262667,15.702667,15.702667,73255500
9/11/2019,15.825333,16.544666,15.733333,16.473333,16.473333,150642000
9/12/2019,16.513332,16.9,16.293333,16.391333,16.391333,128718000
9/13/2019,16.464001,16.563334,16.324667,16.346666,16.346666,79696500
9/16/2019,16.4,16.495333,16.077999,16.187332,16.187332,70921500
9/17/2019,16.164667,16.373333,16.024668,16.319332,16.319332,57981000
9/18/2019,16.333332,16.544666,16.158001,16.232668,16.232668,62553000
9/19/2019,16.4,16.529333,16.322666,16.440001,16.440001,71937000
9/20/2019,16.432667,16.463333,15.877333,16.041332,16.041332,95295000
9/23/2019,16,16.345333,15.948,16.082001,16.082001,65103000
9/24/2019,16.101334,16.132668,14.840667,14.880667,14.880667,193372500
9/25/2019,14.970667,15.265333,14.557333,15.246667,15.246667,141406500
9/26/2019,15.377333,16.220667,15.16,16.170668,16.170668,178267500
9/27/2019,16.146667,16.580667,15.915333,16.142,16.142,166746000
9/30/2019,16.200001,16.265333,15.740667,16.058001,16.058001,88197000
10/1/2019,16.1,16.396667,15.942,16.312668,16.312668,92439000
10/2/2019,16.219334,16.309999,15.962,16.208668,16.208668,84471000
10/3/2019,15.457333,15.632,14.952,15.535333,15.535333,226267500
10/4/2019,15.440667,15.652,15.204667,15.428667,15.428667,119925000
10/7/2019,15.32,15.904,15.236667,15.848,15.848,120963000
10/8/2019,15.724667,16.262667,15.633333,16.003332,16.003332,130173000
10/9/2019,16.087999,16.486668,16.043333,16.302,16.302,103416000
10/10/2019,16.351999,16.618668,16.105333,16.316,16.316,94249500
10/11/2019,16.476667,16.738667,16.454,16.525999,16.525999,127131000
10/14/2019,16.526667,17.236668,16.475332,17.130667,17.130667,153075000
10/15/2019,17.18,17.333332,16.941334,17.192667,17.192667,96492000
10/16/2019,17.159332,17.473333,17.128,17.316668,17.316668,100261500
10/17/2019,17.5,17.652,17.344667,17.464666,17.464666,71539500
10/18/2019,17.379999,17.52,17.006666,17.129999,17.129999,86247000
10/21/2019,17.222,17.299999,16.678667,16.9,16.9,75304500
10/22/2019,16.954666,17.222,16.723333,17.038668,17.038668,69012000
10/23/2019,16.966667,17.076,16.756666,16.978666,16.978666,78916500
10/24/2019,19.891333,20.328667,19.280001,19.978666,19.978666,445813500
10/25/2019,19.848,22,19.740667,21.875334,21.875334,450091500
10/28/2019,21.836,22.722668,21.506666,21.847334,21.847334,283054500
10/29/2019,21.332666,21.620001,20.983334,21.081333,21.081333,190264500
10/30/2019,20.866667,21.252666,20.664667,21.000668,21.000668,144627000
10/31/2019,20.873333,21.266666,20.866667,20.994667,20.994667,76005000
11/1/2019,21.087999,21.098667,20.653334,20.887333,20.887333,95758500
11/4/2019,20.986668,21.462667,20.617332,21.164667,21.164667,131805000
11/5/2019,21.308001,21.567333,21.074667,21.148001,21.148001,104151000
11/6/2019,21.200001,21.781334,20.966667,21.771999,21.771999,119113500
11/7/2019,21.942667,22.766666,21.868,22.369333,22.369333,217009500
11/8/2019,22.299999,22.497334,22.166668,22.476,22.476,91038000
11/11/2019,22.93,23.279333,22.799999,23.006001,23.006001,149800500
11/12/2019,23.126667,23.358,22.936001,23.328667,23.328667,110391000
11/13/2019,23.666668,23.755333,23.011999,23.073999,23.073999,126301500
11/14/2019,23.073999,23.589333,22.860666,23.290001,23.290001,96973500
11/15/2019,23.375999,23.52,23.224001,23.478001,23.478001,72135000
11/18/2019,23.528,23.543333,23.073334,23.332666,23.332666,66006000
11/19/2019,23.450001,23.999332,23.186666,23.968,23.968,115872000
11/20/2019,24,24.08,23.304667,23.481333,23.481333,100876500
11/21/2019,23.634001,24.056,23.6,23.655333,23.655333,91650000
11/22/2019,22.677334,22.733334,22,22.202667,22.202667,253059000
11/25/2019,22.954666,22.971333,22.297333,22.422667,22.422667,185092500
11/26/2019,22.351334,22.366667,21.806667,21.927999,21.927999,119211000
11/27/2019,22.074667,22.261999,21.904667,22.086,22.086,83334000
11/29/2019,22.073999,22.084,21.833332,21.996,21.996,36984000
12/2/2019,21.959999,22.425333,21.912666,22.324667,22.324667,91117500
12/3/2019,22.174667,22.527332,22.146,22.413334,22.413334,98605500
12/4/2019,22.516666,22.524,22.190001,22.202,22.202,82995000
12/5/2019,22.188667,22.294666,21.816668,22.024668,22.024668,55869000
12/6/2019,22.333332,22.590668,22.318001,22.392668,22.392668,114186000
12/9/2019,22.439333,22.963333,22.338667,22.635332,22.635332,135346500
12/10/2019,22.664,23.382,22.620667,23.256001,23.256001,132424500
12/11/2019,23.458668,23.812668,23.406,23.513332,23.513332,103467000
12/12/2019,23.661333,24.182667,23.548668,23.978666,23.978666,116458500
12/13/2019,24.07,24.347334,23.642668,23.892668,23.892668,98563500
12/16/2019,24.17,25.573999,24.166668,25.433332,25.433332,272613000
12/17/2019,25.266001,25.700001,25.059999,25.266001,25.266001,127452000
12/18/2019,25.375334,26.348,25.372,26.209999,26.209999,211815000
12/19/2019,26.488001,27.123333,26.433332,26.936001,26.936001,271606500
12/20/2019,27.352667,27.533333,26.679333,27.039333,27.039333,221290500
12/23/2019,27.452,28.134001,27.333332,27.948,27.948,199794000
12/24/2019,27.890667,28.364668,27.512667,28.35,28.35,120820500
12/26/2019,28.527332,28.898666,28.423332,28.729334,28.729334,159508500
12/27/2019,29,29.020666,28.407333,28.691999,28.691999,149185500
12/30/2019,28.586,28.6,27.284,27.646667,27.646667,188796000
12/31/2019,27,28.086,26.805332,27.888666,27.888666,154285500
1/2/2020,28.299999,28.713333,28.114,28.684,28.684,142981500
1/3/2020,29.366667,30.266666,29.128,29.534,29.534,266677500
1/6/2020,29.364668,30.104,29.333332,30.102667,30.102667,151995000
1/7/2020,30.76,31.441999,30.224001,31.270666,31.270666,268231500
1/8/2020,31.58,33.232666,31.215334,32.809334,32.809334,467164500
1/9/2020,33.139999,33.253334,31.524668,32.089333,32.089333,426606000
1/10/2020,32.119331,32.329334,31.58,31.876667,31.876667,194392500
1/13/2020,32.900002,35.042,32.799999,34.990665,34.990665,397764000
1/14/2020,36.284,36.493999,34.993332,35.861332,35.861332,434943000
1/15/2020,35.317333,35.855999,34.452667,34.566666,34.566666,260532000
1/16/2020,32.916668,34.297333,32.811333,34.232666,34.232666,326050500
1/17/2020,33.840668,34.377998,33.543999,34.033333,34.033333,204436500
1/21/2020,35.349998,36.571999,35.227333,36.48,36.48,267052500
1/22/2020,38.125999,39.633331,37.273335,37.970669,37.970669,470535000
1/23/2020,37.616669,38.799999,37.040001,38.146667,38.146667,294765000
1/24/2020,38.042,38.257332,36.950668,37.654667,37.654667,215304000
1/27/2020,36.132668,37.629333,35.952,37.201332,37.201332,204121500
1/28/2020,37.899334,38.453999,37.205334,37.793331,37.793331,176827500
1/29/2020,38.379333,39.32,37.828667,38.732666,38.732666,267022500
1/30/2020,42.161331,43.391998,41.200001,42.720669,42.720669,435085500
1/31/2020,42.666668,43.533333,42.167999,43.371334,43.371334,235789500
2/3/2020,44.912666,52.409332,44.901333,52,52,705975000
2/4/2020,58.863998,64.599335,55.591999,59.137333,59.137333,914082000
2/5/2020,54.883999,56.398666,46.940666,48.98,48.98,726357000
2/6/2020,46.661331,53.055332,45.799999,49.930668,49.930668,598212000
2/7/2020,48.703335,51.316666,48.666668,49.871334,49.871334,255952500
2/10/2020,53.333332,54.666,50.16,51.418667,51.418667,370338000
2/11/2020,51.252666,52.234001,50.533333,51.625332,51.625332,175462500
2/12/2020,51.858002,52.650002,50.891335,51.152668,51.152668,180337500
2/13/2020,49.456001,54.533333,49,53.599998,53.599998,394339500
2/14/2020,52.481335,54.198002,52.366669,53.335335,53.335335,235405500
2/18/2020,56.106667,57.333332,55.490665,57.226665,57.226665,245725500
2/19/2020,61.566666,62.985332,60.068001,61.161331,61.161331,381345000
2/20/2020,60.796665,60.799999,57.329334,59.960667,59.960667,264523500
2/21/2020,60.465332,60.870667,58.696667,60.066666,60.066666,214722000
2/24/2020,55.933334,57.566666,54.813332,55.585999,55.585999,227883000
2/25/2020,56.599998,57.106667,52.466667,53.327332,53.327332,259357500
2/26/2020,52.166668,54.220669,51.740665,51.919998,51.919998,211282500
2/27/2020,48.666668,49.318001,44.599998,45.266666,45.266666,364158000
2/28/2020,41.98,46.034668,40.768002,44.532665,44.532665,363343500
3/2/2020,47.417332,49.579334,45.778,49.574669,49.574669,302925000
3/3/2020,53.666668,53.798668,47.740665,49.700668,49.700668,386760000
3/4/2020,50.930668,51.101334,48.315334,49.966667,49.966667,225735000
3/5/2020,48.251331,49.716667,47.871334,48.302666,48.302666,162790500
3/6/2020,46,47.133331,45.618,46.898666,46.898666,189943500
3/9/2020,40.359333,44.200001,40.333332,40.533333,40.533333,256105500
3/10/2020,43.962002,44.533333,40.533333,43.021999,43.021999,233916000
3/11/2020,42.68,43.571999,40.866669,42.282001,42.282001,199837500
3/12/2020,38.726002,39.633331,36.416668,37.369999,37.369999,283636500
3/13/2020,39.666668,40.504665,33.466667,36.441334,36.441334,339604500
3/16/2020,31.299999,32.991333,29.478001,29.671333,29.671333,307342500
3/17/2020,29.334,31.456667,26.4,28.68,28.68,359919000
3/18/2020,25.933332,26.990667,23.367332,24.081333,24.081333,356793000
3/19/2020,24.98,30.133333,23.897333,28.509333,28.509333,452932500
3/20/2020,29.213333,31.799999,28.386,28.502001,28.502001,424282500
3/23/2020,28.906668,29.466667,27.366667,28.952667,28.952667,246817500
3/24/2020,31.82,34.245998,31.6,33.666668,33.666668,343428000
3/25/2020,36.349998,37.133331,34.074001,35.950001,35.950001,318340500
3/26/2020,36.492668,37.333332,34.150002,35.210667,35.210667,260710500
3/27/2020,33.666668,35.053333,32.935333,34.290668,34.290668,215661000
3/30/2020,34.017334,34.443333,32.748669,33.475334,33.475334,179971500
3/31/2020,33.416668,36.197334,33.133331,34.933334,34.933334,266572500
4/1/2020,33.599998,34.263332,31.673332,32.104,32.104,200298000
4/2/2020,32.068668,32.950668,29.76,30.298,30.298,297876000
4/3/2020,33.966667,34.366001,31.226,32.000668,32.000668,338431500
4/6/2020,34.080002,34.733334,33.197334,34.416,34.416,223527000
4/7/2020,36.333332,37.666668,35.489334,36.363335,36.363335,268797000
4/8/2020,36.946667,37.147331,35.555332,36.589333,36.589333,189840000
4/9/2020,37.472668,38.345333,37.140667,38.200001,38.200001,204750000
4/13/2020,39.344002,43.466667,38.702,43.396667,43.396667,337131000
4/14/2020,46.598,49.458668,46.161999,47.326,47.326,458647500
4/15/2020,49.466667,50.208668,47.333332,48.655334,48.655334,353655000
4/16/2020,47.796001,50.630001,47.114666,49.680668,49.680668,309868500
4/17/2020,51.485332,51.663334,49.844002,50.259335,50.259335,196923000
4/20/2020,48.846668,51.037998,47.480667,49.757332,49.757332,221199000
4/21/2020,48.674667,50.222,44.919334,45.781334,45.781334,303136500
4/22/2020,46.931999,48.933334,45.914001,48.807335,48.807335,212482500
4/23/2020,48.506668,48.933334,46.875332,47.042,47.042,198550500
4/24/2020,47.387333,48.715332,46.545334,48.343334,48.343334,198180000
4/27/2020,49.174,53.299332,49,53.25,53.25,310221000
4/28/2020,53.042667,53.666668,50.445999,51.274666,51.274666,228330000
4/29/2020,52.678001,53.546665,52.210667,53.367332,53.367332,243240000
4/30/2020,57.012669,57.987999,50.900002,52.125332,52.125332,427078500
5/1/2020,50.333332,51.518002,45.535999,46.754665,46.754665,487977000
5/4/2020,46.733334,50.799999,46.533333,50.745998,50.745998,288556500
5/5/2020,52.652668,53.261333,50.812,51.214001,51.214001,254875500
5/6/2020,51.766666,52.653332,50.740665,52.172001,52.172001,166848000
5/7/2020,51.813999,53.093334,51.490002,52.002666,52.002666,172915500
5/8/2020,52.917999,54.933334,52.467335,54.627998,54.627998,241297500
5/11/2020,52.700668,54.933334,52.333332,54.085999,54.085999,247794000
5/12/2020,55.133331,56.219334,53.866669,53.960667,53.960667,238603500
5/13/2020,54.722,55.066666,50.886665,52.730667,52.730667,285982500
5/14/2020,52,53.557335,50.933334,53.555332,53.555332,205233000
5/15/2020,52.689999,53.669998,52.436668,53.278,53.278,157776000
5/18/2020,55.185333,55.647999,53.591999,54.242001,54.242001,174987000
5/19/2020,54.344666,54.804668,53.738667,53.867332,53.867332,144547500
5/20/2020,54.700001,55.066666,54.119999,54.370667,54.370667,109639500
5/21/2020,54.400002,55.5,53.066666,55.173332,55.173332,183819000
5/22/2020,54.811333,55.452,54.133331,54.458668,54.458668,149812500
5/26/2020,55.633331,55.639999,54.380669,54.591331,54.591331,121345500
5/27/2020,54.723999,55.180668,52.333332,54.681999,54.681999,173242500
5/28/2020,54.234001,54.983334,53.445999,53.720669,53.720669,108834000
5/29/2020,53.916668,55.666668,53.613998,55.666668,55.666668,176467500
6/1/2020,57.200001,59.933334,56.939999,59.873333,59.873333,224092500
6/2/2020,59.646667,60.577332,58.066666,58.770668,58.770668,203484000
6/3/2020,59.208,59.862667,58.673332,58.863998,58.863998,119242500
6/4/2020,59.325333,59.716667,57.229332,57.625332,57.625332,133315500
6/5/2020,58.522667,59.101334,57.746666,59.043999,59.043999,117178500
6/8/2020,61.266666,63.333332,60.610668,63.327999,63.327999,212620500
6/9/2020,62.667332,63.629333,61.595333,62.711334,62.711334,170823000
6/10/2020,66.125336,68.498665,65.5,68.33667,68.33667,278451000
6/11/2020,66.013336,67.930664,64.800003,64.856003,64.856003,238747500
6/12/2020,65.333336,65.865334,60.84,62.352001,62.352001,251451000
6/15/2020,61.186001,66.589333,60.566666,66.059998,66.059998,235458000
6/16/2020,67.456665,67.52533,64.159332,65.475334,65.475334,210766500
6/17/2020,65.847336,67,65.504669,66.119331,66.119331,148362000
6/18/2020,66.866669,67.946671,66.297997,66.930664,66.930664,146278500
6/19/2020,67.518669,67.731331,66.089333,66.726669,66.726669,130195500
6/22/2020,66.66333,67.258667,66.001335,66.288002,66.288002,95436000
6/23/2020,66.592003,67.466667,66.267334,66.785332,66.785332,95479500
6/24/2020,66.274002,66.725334,63.542667,64.056664,64.056664,164394000
6/25/2020,63.618,65.732002,62.476665,65.732002,65.732002,138817500
6/26/2020,66.318665,66.333336,63.658001,63.982666,63.982666,132823500
6/29/2020,64.60067,67.333336,63.234669,67.290001,67.290001,135396000
6/30/2020,67.099998,72.512665,66.915337,71.987335,71.987335,253777500
7/1/2020,72.199997,75.688667,72.033333,74.641998,74.641998,199903500
7/2/2020,81.431999,81.866669,79.040001,80.577332,80.577332,258751500
7/6/2020,85.112663,91.852669,84.402664,91.438667,91.438667,308548500
7/7/2020,93.667336,95.300003,89.113998,92.657333,92.657333,322345500
7/8/2020,93.666664,94.484001,87.422668,91.05867,91.05867,244669500
7/9/2020,93.132668,93.903999,90.085335,92.952003,92.952003,175764000
7/10/2020,93.066666,103.26133,91.734001,102.976669,102.976669,350064000
7/13/2020,110.599998,119.666,98.073997,99.804001,99.804001,584781000
7/14/2020,103.73333,106,95.400002,101.120003,101.120003,351271500
7/15/2020,102.866669,103.333336,97.133331,103.067329,103.067329,245517000
7/16/2020,98.477333,102.113998,97.73333,100.042664,100.042664,214512000
7/17/2020,100.896667,102.500664,99.333336,100.056,100.056,139950000
7/20/2020,101.267334,110,99.199997,109.533333,109.533333,256821000
7/21/2020,109.328667,111.666664,103.866669,104.557335,104.557335,241608000
7/22/2020,106.599998,108.428001,104.133331,106.155334,106.155334,212416500
7/23/2020,111.93,112.599998,98.718002,100.87133,100.87133,364927500
7/24/2020,94.400665,97.666664,91.102669,94.466667,94.466667,290949000
7/27/2020,95.666664,103.195999,94.199997,102.639999,102.639999,240730500
7/28/2020,100.26667,104.313332,98.29467,98.432671,98.432671,237130500
7/29/2020,100.066666,102.320663,99.133331,99.940666,99.940666,141403500
7/30/2020,99.199997,100.882668,98.066666,99.166,99.166,114315000
7/31/2020,101,101.136665,94.732002,95.384003,95.384003,183123000
8/3/2020,96.613335,100.653999,96.292,99,99,132139500
8/4/2020,99.667336,101.827332,97.466667,99.133331,99.133331,126225000
8/5/2020,99.532669,99.989334,97.887337,99.001335,99.001335,74217000
8/6/2020,99.388664,101.153999,98.484001,99.305336,99.305336,89884500
8/7/2020,99.96933,99.98333,94.334,96.847336,96.847336,133446000
8/10/2020,96.533333,97.166664,92.389336,94.571335,94.571335,112834500
8/11/2020,93.066666,94.666664,91,91.625999,91.625999,129387000
8/12/2020,98,105.666664,95.666664,103.650665,103.650665,327441000
8/13/2020,107.400002,110.078667,104.484001,108.066666,108.066666,306379500
8/14/2020,110.999336,111.253334,108.442665,110.047333,110.047333,188664000
8/17/2020,111.800003,123.057335,111.522003,122.375999,122.375999,303634500
8/18/2020,126.599335,128.259995,123.007332,125.806,125.806,247117500
8/19/2020,124.333336,127.400002,122.74733,125.235336,125.235336,183079500
8/20/2020,124.045334,134.799332,123.804001,133.455338,133.455338,309177000
8/21/2020,136.317337,139.699326,135.003326,136.665329,136.665329,322344000
8/24/2020,141.751999,141.933334,128.501328,134.279999,134.279999,300954000
8/25/2020,131.659332,135.196671,131.199997,134.889328,134.889328,159883500
8/26/2020,137.333328,144.399994,136.908661,143.544662,143.544662,213591000
8/27/2020,145.363998,153.039993,142.833328,149.25,149.25,355395000
8/28/2020,153.007996,154.565994,145.768005,147.559998,147.559998,301218000
8/31/2020,148.203339,166.713333,146.703339,166.106674,166.106674,355123200
9/1/2020,167.380005,167.496674,156.83667,158.350006,158.350006,269523300
9/2/2020,159.66333,159.679993,135.039993,149.123337,149.123337,288528300
9/3/2020,135.743332,143.933334,134,135.666672,135.666672,262788300
9/4/2020,134.270004,142.666672,124.006668,139.440002,139.440002,330965700
9/8/2020,118.666664,122.91333,109.959999,110.07,110.07,346397100
9/9/2020,118.866669,123,113.83667,122.09333,122.09333,238397400
9/10/2020,128.736664,132.996674,120.186668,123.779999,123.779999,254791800
9/11/2020,127.313332,127.5,120.166664,124.239998,124.239998,182152500
9/14/2020,126.98333,140,124.433334,139.873337,139.873337,249061800
9/15/2020,145.520004,153.979996,143.566666,149.919998,149.919998,291894600
9/16/2020,146.623337,152.596664,145.103333,147.253326,147.253326,216837900
9/17/2020,138.53334,145.929993,136,141.143326,141.143326,230337600
9/18/2020,149.313339,150.333328,142.933334,147.383331,147.383331,259220400
9/21/2020,151.043335,151.893326,135.690002,149.796661,149.796661,328430400
9/22/2020,143.199997,145.919998,139.199997,141.410004,141.410004,238742400
9/23/2020,135.053329,137.383331,125.293335,126.786667,126.786667,285222600
9/24/2020,121.26667,133.166672,117.099998,129.263336,129.263336,289683300
9/25/2020,131.156662,136.243332,130.433334,135.779999,135.779999,201625500
9/28/2020,141.539993,142.693329,138.516663,140.399994,140.399994,149158800
9/29/2020,138.666672,142.833328,137.199997,139.690002,139.690002,150657900
9/30/2020,140.440002,144.643326,140.156662,143.003326,143.003326,144436800
10/1/2020,146.919998,149.626663,144.806671,149.386673,149.386673,152224500
10/2/2020,140.463333,146.376663,138.333328,138.363327,138.363327,214290000
10/5/2020,141.116669,144.546661,139.776672,141.893326,141.893326,134168400
10/6/2020,141.263336,142.926666,135.350006,137.993332,137.993332,147438900
10/7/2020,139.956665,143.300003,137.949997,141.766663,141.766663,129383100
10/8/2020,146.146667,146.333328,141.766663,141.973328,141.973328,121263300
10/9/2020,143.376663,144.863327,142.153336,144.666672,144.666672,86777100
10/12/2020,147.333328,149.580002,146.193329,147.433334,147.433334,116373300
10/13/2020,147.78334,149.630005,145.53334,148.883331,148.883331,103391100
10/14/2020,149.926666,155.300003,149.116669,153.766663,153.766663,143639100
10/15/2020,150.103333,152.190002,147.5,149.626663,149.626663,107017200
10/16/2020,151.479996,151.983337,146.28334,146.556671,146.556671,98327700
10/19/2020,148.746674,149,142.956665,143.610001,143.610001,108863400
10/20/2020,143.916672,143.916672,139.683334,140.646667,140.646667,94968900
10/21/2020,140.899994,144.316666,140.416672,140.880005,140.880005,97111500
10/22/2020,147.306671,148.410004,141.503326,141.929993,141.929993,119979600
10/23/2020,140.613327,140.963333,135.793335,140.210007,140.210007,101151000
10/26/2020,137.210007,141.919998,136.666672,140.093338,140.093338,84717600
10/27/2020,141.253326,143.5,140.03334,141.559998,141.559998,68059500
10/28/2020,138.82666,139.53334,135.333328,135.339996,135.339996,76354200
10/29/2020,136.653336,139.353333,135.486664,136.943329,136.943329,67965900
10/30/2020,135.633331,135.863327,126.370003,129.346664,129.346664,127533900
11/2/2020,131.333328,135.660004,130.766663,133.503326,133.503326,87063300
11/3/2020,136.57666,142.589996,135.563339,141.300003,141.300003,103055100
11/4/2020,143.539993,145.133331,139.03334,140.32666,140.32666,96429300
11/5/2020,142.766663,146.666672,141.333328,146.029999,146.029999,85243500
11/6/2020,145.366669,145.523331,141.426666,143.316666,143.316666,65118000
11/9/2020,146.5,150.833328,140.333328,140.419998,140.419998,104499000
11/10/2020,140.029999,140.029999,132.009995,136.786667,136.786667,90852600
11/11/2020,138.816666,139.566666,136.860001,139.043335,139.043335,52073100
11/12/2020,138.350006,141,136.506668,137.253326,137.253326,59565300
11/13/2020,136.949997,137.509995,133.886673,136.166672,136.166672,59313300
11/16/2020,136.309998,137.483337,134.696671,136.029999,136.029999,80515800
11/17/2020,153.389999,154,144.33667,147.203339,147.203339,183564900
11/18/2020,149.449997,165.333328,147.833328,162.213333,162.213333,234132000
11/19/2020,164,169.536667,162.523331,166.42334,166.42334,187425900
11/20/2020,165.996674,167.5,163.020004,163.203339,163.203339,98735700
11/23/2020,167.833328,175.333328,167.263336,173.949997,173.949997,150780900
11/24/2020,180.133331,186.66333,175.399994,185.126663,185.126663,160945500
11/25/2020,183.353333,191.333328,181.789993,191.333328,191.333328,146790600
11/27/2020,193.720001,199.593338,192.816666,195.253326,195.253326,112683300
11/30/2020,200.736664,202.600006,184.83667,189.199997,189.199997,189009300
12/1/2020,199.196671,199.28334,190.683334,194.919998,194.919998,120310500
12/2/2020,185.479996,190.513336,180.403336,189.606674,189.606674,143327100
12/3/2020,196.67334,199.656662,194.143326,197.793335,197.793335,127656000
12/4/2020,197.003326,199.679993,195.166672,199.679993,199.679993,88203900
12/7/2020,201.639999,216.263336,201.016663,213.919998,213.919998,168929100
12/8/2020,208.503326,217.093338,206.166672,216.626663,216.626663,192795000
12/9/2020,217.896667,218.106674,196,201.493332,201.493332,213873600
12/10/2020,191.456665,209.25,188.779999,209.023331,209.023331,201249600
12/11/2020,205.003326,208,198.933334,203.330002,203.330002,139425000
12/14/2020,206.333328,214.25,203.399994,213.276672,213.276672,156121800
12/15/2020,214.426666,215.633331,207.933334,211.083328,211.083328,135214500
12/16/2020,209.410004,210.833328,201.666672,207.589996,207.589996,126287400
12/17/2020,209.396667,219.606674,206.5,218.633331,218.633331,168810300
12/18/2020,222.96666,231.666672,209.513336,231.666672,231.666672,666378600
12/21/2020,222.080002,222.833328,215.356674,216.619995,216.619995,174135900
12/22/2020,216,216.626663,204.743332,213.446671,213.446671,155148000
12/23/2020,210.733337,217.166672,207.523331,215.32666,215.32666,99519000
12/24/2020,214.330002,222.029999,213.666672,220.589996,220.589996,68596800
12/28/2020,224.83667,227.133331,220.266663,221.229996,221.229996,96835800
12/29/2020,220.333328,223.300003,218.333328,221.996674,221.996674,68732400
12/30/2020,224,232.199997,222.786667,231.593338,231.593338,128538000
12/31/2020,233.330002,239.573334,230.373337,235.223328,235.223328,148949700
1/4/2021,239.820007,248.16333,239.063339,243.256668,243.256668,145914600
1/5/2021,241.220001,246.946671,239.733337,245.036667,245.036667,96735600
1/6/2021,252.830002,258,249.699997,251.993332,251.993332,134100000
1/7/2021,259.209991,272.329987,258.399994,272.013336,272.013336,154496700
1/8/2021,285.333344,294.829987,279.463318,293.339996,293.339996,225166500
1/11/2021,283.133331,284.809998,267.873322,270.396667,270.396667,177904800
1/12/2021,277,289.333344,275.779999,283.146667,283.146667,138812100
1/13/2021,284.253326,286.823334,277.333344,284.803345,284.803345,99937500
1/14/2021,281.130005,287.666656,279.583344,281.666656,281.666656,93798900
1/15/2021,284,286.633331,273.033325,275.386658,275.386658,116332800
1/19/2021,279.266663,283.333344,277.666656,281.516663,281.516663,76101000
1/20/2021,286.246674,286.5,279.093323,283.483337,283.483337,76997700
1/21/2021,285,285.23999,280.473328,281.66333,281.66333,61563300
1/22/2021,278.103333,282.666656,276.206665,282.213318,282.213318,60199500
1/25/2021,285,300.133331,279.606659,293.600006,293.600006,123520200
1/26/2021,297.126678,298.633331,290.533325,294.363342,294.363342,69394800
1/27/2021,290.116669,297.166656,286.220001,288.053345,288.053345,82002000
1/28/2021,273.333344,282.666656,267,278.476654,278.476654,79134000
1/29/2021,276.666656,280.803345,260.033325,264.51001,264.51001,104972400
2/1/2021,271.429993,280.666656,265.186676,279.936676,279.936676,76174200
2/2/2021,281.559998,293.5,280.733337,290.929993,290.929993,73038600
2/3/2021,292.339996,292.693329,284.353333,284.896667,284.896667,55030500
2/4/2021,285,285.5,277.806671,283.329987,283.329987,47438100
2/5/2021,281.666656,288.256653,279.656677,284.07666,284.07666,55699800
2/8/2021,289.890015,292.589996,284.916656,287.806671,287.806671,60485100
2/9/2021,285.040009,286.600006,280.583344,283.15332,283.15332,45473100
2/10/2021,281.213318,281.606659,266.67334,268.273346,268.273346,108648300
2/11/2021,270.813324,276.626678,267.243347,270.553345,270.553345,64868400
2/12/2021,267.08667,272.443329,261.776672,272.040009,272.040009,71304900
2/16/2021,272.666656,273.666656,264.146667,265.406677,265.406677,59406900
2/17/2021,259.696655,266.613342,254.003326,266.049988,266.049988,77989500
2/18/2021,260.299988,264.896667,258.756653,262.459991,262.459991,53871300
2/19/2021,265,265.59668,259.123322,260.433319,260.433319,56874900
2/22/2021,254.213333,256.166656,236.733337,238.166672,238.166672,111809100
2/23/2021,220.710007,237.869995,206.333328,232.946671,232.946671,199820700
2/24/2021,237.28334,248.333328,231.389999,247.339996,247.339996,110301000
2/25/2021,242.050003,245.736664,223.526672,227.406662,227.406662,117071700
2/26/2021,233.333328,235.566666,219.83667,225.166672,225.166672,123267600
3/1/2021,230.036667,239.666672,228.350006,239.476669,239.476669,81408600
3/2/2021,239.426666,240.369995,228.333328,228.813339,228.813339,71196600
3/3/2021,229.330002,233.566666,217.236664,217.733337,217.733337,90624000
3/4/2021,218.600006,222.816666,200,207.146667,207.146667,197758500
3/5/2021,208.686661,209.279999,179.830002,199.316666,199.316666,268189500
3/8/2021,200.183334,206.710007,186.263336,187.666672,187.666672,155361000
3/9/2021,202.726669,226.029999,198.403336,224.526672,224.526672,202569900
3/10/2021,233.433334,239.28334,218.353333,222.686661,222.686661,181817100
3/11/2021,233.133331,234.166672,225.726669,233.199997,233.199997,108761700
3/12/2021,223.333328,231.626663,222.046661,231.243332,231.243332,100751400
3/15/2021,231.363327,237.726669,228.013336,235.979996,235.979996,88006800
3/16/2021,234.449997,235.973328,223.666672,225.626663,225.626663,96587100
3/17/2021,218.956665,234.57666,217.003326,233.936661,233.936661,121117500
3/18/2021,228.096664,229.743332,217.333328,217.720001,217.720001,99674400
3/19/2021,215.53334,219.07666,208.206665,218.289993,218.289993,128682000
3/22/2021,228.196671,233.206665,222.916672,223.333328,223.333328,118536600
3/23/2021,225.256668,225.933334,219.169998,220.720001,220.720001,91475700
3/24/2021,222.636673,222.67334,210.036667,210.089996,210.089996,101385600
3/25/2021,204.333328,215.166672,203.166672,213.463333,213.463333,117674700
3/26/2021,213.956665,214.606674,199.963333,206.236664,206.236664,101558400
3/29/2021,205.213333,205.493332,198.67334,203.763336,203.763336,85911000
3/30/2021,200.583328,212.553329,197.003326,211.873337,211.873337,118297200
3/31/2021,215.539993,224,213.703339,222.643326,222.643326,100011900
4/1/2021,229.456665,230.806671,219.806671,220.583328,220.583328,105895200
4/5/2021,235.903336,236.053329,228.233337,230.350006,230.350006,125528400
4/6/2021,230.100006,232.183334,227.123337,230.539993,230.539993,84815400
4/7/2021,229,230.460007,222.613327,223.656662,223.656662,78928200
4/8/2021,225.793335,229.850006,223.883331,227.933334,227.933334,71772900
4/9/2021,225.92334,226.990005,223.143326,225.67334,225.67334,64311300
4/12/2021,228.566666,234.933334,227.363327,233.993332,233.993332,87407100
4/13/2021,237.566666,254.333328,236.886673,254.106674,254.106674,133958400
4/14/2021,256.899994,260.263336,242.676666,244.07666,244.07666,147052200
4/15/2021,247.699997,247.896667,240.436661,246.28334,246.28334,83546700
4/16/2021,242.883331,249.803329,241.53334,246.593338,246.593338,83938500
4/19/2021,239.866669,241.800003,230.600006,238.210007,238.210007,119058600
4/20/2021,239.139999,245.75,236.896667,239.66333,239.66333,106827000
4/21/2021,234.92334,248.279999,232.666672,248.039993,248.039993,93646500
4/22/2021,247.166672,251.256668,239.346664,239.896667,239.896667,106770900
4/23/2021,239.933334,245.786667,238.486664,243.133331,243.133331,85110000
4/26/2021,247,249.766663,244.203339,246.066666,246.066666,93115500
4/27/2021,239.320007,241.333328,234.449997,234.91333,234.91333,88311000
4/28/2021,232.136673,236.166672,231.199997,231.46666,231.46666,66813000
4/29/2021,233.169998,234.083328,222.833328,225.666672,225.666672,86536200
4/30/2021,222.529999,238.490005,222.046661,236.479996,236.479996,122276100
5/3/2021,234.600006,235.333328,226.833328,228.300003,228.300003,81129300
5/4/2021,226.313339,227.816666,219.233337,224.53334,224.53334,89217900
5/5/2021,227.020004,228.433334,222.446671,223.646667,223.646667,65705700
5/6/2021,226.919998,227.006668,216.666672,221.179993,221.179993,83353800
5/7/2021,221.933334,230,220.073334,224.123337,224.123337,70407600
5/10/2021,221.633331,221.683334,209.203339,209.679993,209.679993,94177200
5/11/2021,199.746674,209.03334,198.53334,205.733337,205.733337,139511700
5/12/2021,200.830002,206.803329,195.589996,196.630005,196.630005,101470800
5/13/2021,200.513336,202.153336,186.550003,190.563339,190.563339,132554700
5/14/2021,194.470001,197.623337,190.153336,196.580002,196.580002,100112700
5/17/2021,191.850006,196.57666,187.066666,192.276672,192.276672,97171200
5/18/2021,189.333328,198.75,187.793335,192.623337,192.623337,110491800
5/19/2021,184.183334,188.736664,182.32666,187.820007,187.820007,118735200
5/20/2021,191.666672,196.28334,190.356674,195.593338,195.593338,92463300
5/21/2021,198.703339,198.893326,193.333328,193.626663,193.626663,78091800
5/24/2021,193.866669,204.82666,191.21666,202.146667,202.146667,103674300
5/25/2021,202.436661,204.66333,198.570007,201.563339,201.563339,84017700
5/26/2021,202.520004,208.723328,200.5,206.376663,206.376663,85917900
5/27/2021,206.746674,210.376663,205.403336,210.28334,210.28334,79111800
5/28/2021,209.5,211.863327,207.460007,208.406662,208.406662,68211000
6/1/2021,209.266663,211.266663,206.850006,207.96666,207.96666,54254700
6/2/2021,206.710007,207.786667,199.713333,201.706665,201.706665,69908400
6/3/2021,200.600006,201.516663,190.406662,190.946671,190.946671,90335700
6/4/2021,193.236664,200.203339,192.399994,199.683334,199.683334,72110700
6/7/2021,197.276672,203.333328,194.293335,201.710007,201.710007,67631100
6/8/2021,207.669998,207.696671,198.5,201.196671,201.196671,78160200
6/9/2021,200.723328,203.929993,199.210007,199.593338,199.593338,49753800
6/10/2021,201.293335,205.529999,200.166672,203.373337,203.373337,71758800
6/11/2021,203.410004,204.186661,200.506668,203.296661,203.296661,48615900
6/14/2021,204.07666,208.496674,203.059998,205.896667,205.896667,61272000
6/15/2021,205.563339,205.596664,199.410004,199.786667,199.786667,53292300
6/16/2021,199.179993,202.833328,197.833328,201.623337,201.623337,66432300
6/17/2021,200.630005,207.156662,200.446671,205.53334,205.53334,68104200
6/18/2021,204.456665,209.449997,203.933334,207.770004,207.770004,73682700
6/21/2021,208.160004,210.463333,202.960007,206.943329,206.943329,74438100
6/22/2021,206.083328,209.523331,205.166672,207.903336,207.903336,57476700
6/23/2021,210.666672,219.066666,210.013336,218.856674,218.856674,93297600
6/24/2021,224.996674,232.539993,222.536667,226.606674,226.606674,137947200
6/25/2021,229.860001,231.270004,222.899994,223.956665,223.956665,97490100
6/28/2021,223.880005,231.566666,223.440002,229.573334,229.573334,64884600
6/29/2021,228.21666,229.169998,225.296661,226.919998,226.919998,52143900
6/30/2021,226.589996,230.936661,226.046661,226.566666,226.566666,56774700
7/1/2021,227.973328,229.330002,224.266663,225.973328,225.973328,55903500
7/2/2021,226.32666,233.333328,224.419998,226.300003,226.300003,81163500
7/6/2021,227.236664,228,217.133331,219.860001,219.860001,69853500
7/7/2021,221.42334,221.899994,212.773331,214.883331,214.883331,56376000
7/8/2021,209.456665,218.143326,206.820007,217.603333,217.603333,68319900
7/9/2021,217.726669,219.636673,214.896667,218.983337,218.983337,54421500
7/12/2021,220.733337,229.080002,220.720001,228.566666,228.566666,77781000
7/13/2021,228.773331,231.093338,222.100006,222.846664,222.846664,62898300
7/14/2021,223.583328,226.203339,217.613327,217.793335,217.793335,64923600
7/15/2021,219.463333,222.046661,212.626663,216.866669,216.866669,60628800
7/16/2021,218.226669,218.899994,214.066666,214.740005,214.740005,49113000
7/19/2021,209.963333,215.733337,207.096664,215.406662,215.406662,63891300
7/20/2021,217.330002,220.796661,213.5,220.166672,220.166672,46461300
7/21/2021,219.869995,221.619995,216.763336,218.429993,218.429993,41859900
7/22/2021,218.813339,220.723328,214.866669,216.419998,216.419998,45317100
7/23/2021,215.453339,216.266663,212.433334,214.460007,214.460007,43814700
7/26/2021,216.990005,222.733337,215.703339,219.206665,219.206665,76009800
7/27/2021,221.133331,222.166672,209.080002,214.926666,214.926666,98439900
7/28/2021,215.666672,218.323334,213.133331,215.660004,215.660004,48019800
7/29/2021,216.596664,227.896667,216.266663,225.78334,225.78334,91183800
7/30/2021,223.919998,232.509995,223,229.066666,229.066666,88969200
8/2/2021,233.333328,242.313339,232.800003,236.556671,236.556671,100847400
8/3/2021,239.666672,240.883331,233.669998,236.580002,236.580002,64860900
8/4/2021,237,241.633331,236.309998,236.973328,236.973328,51007800
8/5/2021,238.666672,240.316666,237.136673,238.210007,238.210007,38758800
8/6/2021,237.300003,238.776672,232.543335,233.03334,233.03334,46869000
8/9/2021,236.723328,239.676666,235.043335,237.919998,237.919998,44145900
8/10/2021,237.996674,238.863327,233.960007,236.66333,236.66333,40296900
8/11/2021,237.570007,238.393326,234.736664,235.940002,235.940002,29401800
8/12/2021,235.446671,240.933334,233.133331,240.75,240.75,52377300
8/13/2021,241.236664,243.300003,238.113327,239.056671,239.056671,50194500
8/16/2021,235.023331,236.5,225.46666,228.723328,228.723328,68032200
8/17/2021,224.220001,224.860001,216.279999,221.903336,221.903336,71163900
8/18/2021,223.25,231.92334,223.116669,229.66333,229.66333,61048200
8/19/2021,226.070007,228.850006,222.529999,224.490005,224.490005,42940500
8/20/2021,227.616669,230.710007,224.566666,226.753326,226.753326,44525700
8/23/2021,228.479996,237.376663,226.916672,235.433334,235.433334,60794700
8/24/2021,236.893326,238.406662,234.213333,236.16333,236.16333,39249300
8/25/2021,235.676666,238.990005,234.666672,237.066666,237.066666,37936800
8/26/2021,236.103333,238.46666,232.539993,233.720001,233.720001,39642900
8/27/2021,235,238.333328,234.03334,237.306671,237.306671,41501400
8/30/2021,238.240005,243.666672,237.57666,243.636673,243.636673,55812600
8/31/2021,244.333328,246.796661,242.146667,245.240005,245.240005,62566200
9/1/2021,244.693329,247.330002,243.756668,244.696671,244.696671,39612900
9/2/2021,244.833328,246.990005,243.513336,244.130005,244.130005,38331900
9/3/2021,244.083328,244.666672,241.399994,244.523331,244.523331,45738300
9/7/2021,246.666672,253.399994,246.419998,250.973328,250.973328,60119400
9/8/2021,253.860001,254.816666,246.92334,251.289993,251.289993,56379000
9/9/2021,251.136673,254.03334,250.543335,251.619995,251.619995,42233100
9/10/2021,253.199997,254.203339,244.839996,245.42334,245.42334,45552600
9/13/2021,246.736664,248.259995,236.28334,247.666672,247.666672,68857500
9/14/2021,247.523331,251.490005,245.46666,248.16333,248.16333,55574700
9/15/2021,248.333328,252.286667,246.119995,251.943329,251.943329,46073100
9/16/2021,250.943329,252.970001,249.203339,252.330002,252.330002,41770200
9/17/2021,252.383331,253.679993,250,253.16333,253.16333,84612600
9/20/2021,244.853333,247.333328,239.539993,243.389999,243.389999,74273100
9/21/2021,244.929993,248.246674,243.479996,246.460007,246.460007,48992100
9/22/2021,247.843338,251.223328,246.373337,250.646667,250.646667,45378900
9/23/2021,251.666672,252.733337,249.306671,251.213333,251.213333,35842500
9/24/2021,248.630005,258.266663,248.186661,258.130005,258.130005,64119000
9/27/2021,257.706665,266.333344,256.436676,263.786682,263.786682,84212100
9/28/2021,262.399994,265.213318,255.393326,259.186676,259.186676,76144200
9/29/2021,259.933319,264.5,256.893341,260.436676,260.436676,62828700
9/30/2021,260.333344,263.043335,258.333344,258.493347,258.493347,53868000
10/1/2021,259.466675,260.26001,254.529999,258.406677,258.406677,51094200
10/4/2021,265.5,268.98999,258.706665,260.51001,260.51001,91449900
10/5/2021,261.600006,265.769989,258.066681,260.196655,260.196655,55297800
10/6/2021,258.733337,262.220001,257.73999,260.916656,260.916656,43898400
10/7/2021,261.820007,268.333344,261.126678,264.536682,264.536682,57587400
10/8/2021,265.40332,265.459991,260.303345,261.829987,261.829987,50215800
10/11/2021,262.549988,267.079987,261.833344,263.980011,263.980011,42600900
10/12/2021,266.976654,270.773346,265.523346,268.573334,268.573334,66060000
10/13/2021,270.156677,271.803345,268.593323,270.359985,270.359985,42360300
10/14/2021,271.829987,273.416656,271.116669,272.773346,272.773346,36741600
10/15/2021,274.579987,281.070007,274.116669,281.01001,281.01001,56773800
10/18/2021,283.929993,291.753326,283.823334,290.036682,290.036682,72621600
10/19/2021,292.51001,292.649994,287.503326,288.089996,288.089996,52143300
10/20/2021,288.450012,289.829987,285.793335,288.600006,288.600006,42096300
10/21/2021,285.333344,300,285.166656,298,298,94444500
10/22/2021,298.5,303.333344,296.986664,303.226654,303.226654,68642400
10/25/2021,316.843323,348.339996,314.733337,341.619995,341.619995,188556300
10/26/2021,341.563324,364.980011,333.813324,339.476654,339.476654,187245000
10/27/2021,346.553345,356.959991,343.593323,345.953339,345.953339,115579500
10/28/2021,356.103333,360.333344,351.399994,359.013336,359.013336,81639600
10/29/2021,360.619995,371.736664,357.736664,371.333344,371.333344,89755200
11/1/2021,381.666656,403.25,372.886658,402.863342,402.863342,168146100
11/2/2021,386.453339,402.863342,382,390.666656,390.666656,128213400
11/3/2021,392.443329,405.130005,384.206665,404.619995,404.619995,103885500
11/4/2021,411.470001,414.496674,405.666656,409.970001,409.970001,76192200
11/5/2021,409.333344,413.290009,402.666656,407.363342,407.363342,64886400
11/8/2021,383.263336,399,377.666656,387.646667,387.646667,100337100
11/9/2021,391.200012,391.5,337.17334,341.166656,341.166656,177317400
11/10/2021,336.803345,359.366669,329.103333,355.983337,355.983337,128408100
11/11/2021,367.589996,368.323334,351.559998,354.503326,354.503326,67189800
11/12/2021,349.166656,351.5,339.733337,344.473328,344.473328,76719300
11/15/2021,339.209991,343.993347,326.200012,337.796661,337.796661,104326800
11/16/2021,334.436676,352.399994,334.059998,351.57666,351.57666,79627200
11/17/2021,354.503326,373.213318,351.833344,363.003326,363.003326,94336200
11/18/2021,368.850006,370.666656,358.339996,365.459991,365.459991,62696700
11/19/2021,366.290009,379.573334,364.233337,379.019989,379.019989,64926900
11/22/2021,387.443329,400.649994,377.476654,385.623322,385.623322,99217500
11/23/2021,389.170013,393.5,354.233337,369.676666,369.676666,108515100
11/24/2021,360.130005,377.589996,354,372,372,67680600
11/26/2021,366.48999,369.593323,360.333344,360.640015,360.640015,35042700
11/29/2021,366.996674,380.890015,366.730011,378.996674,378.996674,58393500
11/30/2021,381.456665,389.333344,372.666656,381.58667,381.58667,81276000
12/1/2021,386.899994,390.946655,363.58667,365,365,68450400
12/2/2021,366.353333,371,352.216675,361.533325,361.533325,73114800
12/3/2021,361.59668,363.526672,333.40332,338.323334,338.323334,92322000
12/6/2021,333.83667,340.546661,316.833344,336.33667,336.33667,81663000
12/7/2021,348.066681,352.556671,342.269989,350.583344,350.583344,56084700
12/8/2021,350.90332,357.459991,344.333344,356.320007,356.320007,41906400
12/9/2021,353.546661,354.16333,334.119995,334.600006,334.600006,59438400
12/10/2021,336.25,340.32666,327.51001,339.01001,339.01001,59664300
12/13/2021,333.696655,335,317.140015,322.136658,322.136658,78595500
12/14/2021,315,322.136658,310,319.503326,319.503326,70806300
12/15/2021,317.736664,326.25,309.416656,325.329987,325.329987,75169200
12/16/2021,331.5,331.660004,307.283325,308.973328,308.973328,82771500
12/17/2021,304.92334,320.220001,303.013336,310.856659,310.856659,100437300
12/20/2021,303.566681,307.230011,297.796661,299.980011,299.980011,56480100
12/21/2021,305.623322,313.166656,295.373322,312.843323,312.843323,71517900
12/22/2021,321.886658,338.553345,319.016663,336.290009,336.290009,93634200
12/23/2021,335.600006,357.660004,332.519989,355.666656,355.666656,92713200
12/27/2021,357.890015,372.333344,356.906677,364.646667,364.646667,71145900
12/28/2021,369.829987,373,359.473328,362.823334,362.823334,60324000
12/29/2021,366.213318,368,354.713318,362.063324,362.063324,56154000
12/30/2021,353.776672,365.183319,351.049988,356.779999,356.779999,47040900
12/31/2021,357.813324,360.666656,351.529999,352.26001,352.26001,40733700
1/3/2022,382.583344,400.356659,378.679993,399.926666,399.926666,103931400
1/4/2022,396.516663,402.666656,374.350006,383.196655,383.196655,100248300
1/5/2022,382.216675,390.113342,360.33667,362.706665,362.706665,80119800
1/6/2022,359,362.666656,340.166656,354.899994,354.899994,90336600
1/7/2022,360.123322,360.309998,336.666656,342.320007,342.320007,84164700
1/10/2022,333.333344,353.033325,326.666656,352.706665,352.706665,91815000
1/11/2022,351.223328,358.616669,346.273346,354.799988,354.799988,66063300
1/12/2022,359.616669,371.613342,357.529999,368.73999,368.73999,83739000
1/13/2022,369.690002,371.866669,342.179993,343.853333,343.853333,97209900
1/14/2022,339.959991,350.666656,337.793335,349.869995,349.869995,72924300
1/18/2022,342.203339,356.929993,338.686676,343.503326,343.503326,66743400
1/19/2022,347.236664,351.556671,331.666656,331.883331,331.883331,75442500
1/20/2022,336.57666,347.220001,331.333344,332.089996,332.089996,70488600
1/21/2022,332.113342,334.850006,313.5,314.633331,314.633331,103416000
1/24/2022,301.58667,311.170013,283.823334,310,310,151565700
1/25/2022,304.733337,317.08667,301.070007,306.133331,306.133331,86595900
1/26/2022,317.476654,329.230011,302,312.470001,312.470001,104867400
1/27/2022,311.119995,311.796661,276.333344,276.366669,276.366669,147109500
1/28/2022,277.186676,285.833344,264.003326,282.116669,282.116669,134789100
1/31/2022,290.90332,312.66333,287.350006,312.23999,312.23999,104436000
2/1/2022,311.736664,314.566681,301.666656,310.416656,310.416656,73138200
2/2/2022,309.393341,310.5,296.470001,301.886658,301.886658,66792900
2/3/2022,294,312.333344,293.506653,297.046661,297.046661,78855600
2/4/2022,299.073334,312.166656,293.723328,307.773346,307.773346,73625400
2/7/2022,307.929993,315.92334,300.90332,302.446655,302.446655,60994500
2/8/2022,301.843323,308.763336,298.266663,307.333344,307.333344,50729100
2/9/2022,311.666656,315.42334,306.666656,310.666656,310.666656,52259400
2/10/2022,302.790009,314.603333,298.899994,301.516663,301.516663,66126900
2/11/2022,303.209991,305.320007,283.566681,286.666656,286.666656,79645800
2/14/2022,287.190002,299.626678,284.383331,291.920013,291.920013,67756500
2/15/2022,300,307.666656,297.793335,307.476654,307.476654,57286200
2/16/2022,304.683319,308.809998,300.40332,307.796661,307.796661,51294300
2/17/2022,304.420013,306.166656,291.366669,292.116669,292.116669,55178400
2/18/2022,295.333344,295.623322,279.203339,285.660004,285.660004,68501700
2/22/2022,278.043335,285.57666,267.033325,273.843323,273.843323,83288100
2/23/2022,276.809998,278.433319,253.520004,254.679993,254.679993,95256900
2/24/2022,233.463333,267.493347,233.333328,266.92334,266.92334,135322200
2/25/2022,269.743347,273.166656,260.799988,269.956665,269.956665,76067700
2/28/2022,271.670013,292.286682,271.570007,290.143341,290.143341,99006900
3/1/2022,289.893341,296.626678,284.593323,288.123322,288.123322,74766900
3/2/2022,290.709991,295.493347,281.42334,293.296661,293.296661,74643300
3/3/2022,292.92334,295.480011,277.533325,279.763336,279.763336,61623600
3/4/2022,283.033325,285.216675,275.053345,279.429993,279.429993,66999600
3/7/2022,285.433319,288.713318,268.190002,268.193329,268.193329,72494100
3/8/2022,265.176666,283.329987,260.723328,274.799988,274.799988,80399100
3/9/2022,279.82666,286.853333,277.33667,286.323334,286.323334,59184000
3/10/2022,283.816681,284.816681,270.119995,279.433319,279.433319,58648500
3/11/2022,280.066681,281.266663,264.589996,265.116669,265.116669,67037100
3/14/2022,260.203339,266.899994,252.013336,255.456665,255.456665,71152200
3/15/2022,258.42334,268.523346,252.190002,267.296661,267.296661,66841200
3/16/2022,269.666656,280.666656,267.420013,280.07666,280.07666,84028800
3/17/2022,276.996674,291.666656,275.23999,290.533325,290.533325,66582900
3/18/2022,291.496674,302.616669,289.130005,301.796661,301.796661,100414200
3/21/2022,304.993347,314.283325,302.363342,307.053345,307.053345,81981600
3/22/2022,310,332.619995,307.25,331.32666,331.32666,105868500
3/23/2022,326.646667,346.899994,325.466675,333.036682,333.036682,120676200
3/24/2022,336.57666,341.496674,329.600006,337.973328,337.973328,68920800
3/25/2022,336,340.600006,332.440002,336.880005,336.880005,62031600
3/28/2022,355.033325,365.959991,351.200012,363.946655,363.946655,102506100
3/29/2022,369.329987,371.589996,357.703339,366.523346,366.523346,73614900
3/30/2022,363.723328,371.316681,361.333344,364.66333,364.66333,59865000
3/31/2022,364.856659,367.713318,358.880005,359.200012,359.200012,48992700
4/1/2022,360.383331,364.916656,355.546661,361.529999,361.529999,54263100
4/4/2022,363.126678,383.303345,357.51001,381.816681,381.816681,82035900
4/5/2022,378.766663,384.290009,362.433319,363.753326,363.753326,80075100
4/6/2022,357.823334,359.666656,342.566681,348.58667,348.58667,89348400
4/7/2022,350.796661,358.863342,340.513336,352.420013,352.420013,79447200
4/8/2022,347.736664,349.480011,340.813324,341.829987,341.829987,55013700
4/11/2022,326.799988,336.156677,324.880005,325.309998,325.309998,59357100
4/12/2022,332.546661,340.396667,325.533325,328.983337,328.983337,65976000
4/13/2022,327.026672,342.079987,324.366669,340.790009,340.790009,55121100
4/14/2022,333.09668,337.570007,327.396667,328.333344,328.333344,58422300
4/18/2022,329.676666,338.306671,324.470001,334.763336,334.763336,51715200
4/19/2022,335.019989,344.980011,331.776672,342.716675,342.716675,49847700
4/20/2022,343.333344,344.666656,325.083344,325.733337,325.733337,70711200
4/21/2022,358.243347,364.073334,332.140015,336.26001,336.26001,105416400
4/22/2022,338.303345,344.950012,331.333344,335.016663,335.016663,69696600
4/25/2022,326.323334,336.206665,325.100006,332.67334,332.67334,68341200
4/26/2022,331.809998,333.333344,291.666656,292.140015,292.140015,136133700
4/27/2022,299.526672,306,292.453339,293.83667,293.83667,76956300
4/28/2022,299.993347,300,273.899994,292.503326,292.503326,124948500
4/29/2022,300.75,311.466675,290,290.253326,290.253326,88133100
5/2/2022,286.92334,302.119995,282.676666,300.980011,300.980011,75781500
5/3/2022,301.059998,308.026672,296.196655,303.083344,303.083344,63709500
5/4/2022,301.313324,318.5,295.093323,317.540009,317.540009,81643800
5/5/2022,313.006653,315.200012,285.899994,291.093323,291.093323,92519100
5/6/2022,295.666656,296,281.036682,288.549988,288.549988,72903000
5/9/2022,278.816681,281.876678,260.383331,262.369995,262.369995,90810300
5/10/2022,273.103333,275.119995,258.083344,266.679993,266.679993,84401700
5/11/2022,265,269.92334,242.399994,244.666672,244.666672,97224600
5/12/2022,233.666672,253.220001,226.666672,242.666672,242.666672,140313000
5/13/2022,257.82666,262.450012,250.523331,256.529999,256.529999,92150700
5/16/2022,255.720001,256.58667,239.696671,241.456665,241.456665,86098500
5/17/2022,249.119995,254.82666,242.949997,253.869995,253.869995,80236200
5/18/2022,248.17334,253.5,233.603333,236.603333,236.603333,87811800
5/19/2022,235.666672,244.666672,231.369995,236.473328,236.473328,90296700
5/20/2022,237.996674,240.526672,211,221.300003,221.300003,144973200
5/23/2022,218.339996,226.653336,212.686661,224.96666,224.96666,88903500
5/24/2022,217.843338,217.973328,206.856674,209.386673,209.386673,89092500
5/25/2022,207.949997,223.106674,207.669998,219.600006,219.600006,92139300
5/26/2022,220.473328,239.556671,217.886673,235.910004,235.910004,106003200
5/27/2022,241.083328,253.266663,240.176666,253.210007,253.210007,89295000
5/31/2022,257.946655,259.600006,244.743332,252.753326,252.753326,101914500
6/1/2022,251.720001,257.32666,243.639999,246.789993,246.789993,77247900
6/2/2022,244.156662,264.209991,242.066666,258.333344,258.333344,93473100
6/3/2022,243.226669,247.796661,233.416672,234.516663,234.516663,112393800
6/6/2022,244.353333,244.866669,234.350006,238.279999,238.279999,84204600
6/7/2022,234,239.996674,230.093338,238.886673,238.886673,72808500
6/8/2022,240.08667,249.963333,239.176666,241.866669,241.866669,76210500
6/9/2022,249.339996,255.546661,239.32666,239.706665,239.706665,96491400
6/10/2022,235.156662,239.5,227.91333,232.229996,232.229996,97536600
6/13/2022,223.166672,226.633331,214.683334,215.736664,215.736664,102767400
6/14/2022,218.286667,226.330002,211.736664,220.889999,220.889999,97988700
6/15/2022,220.916672,235.66333,218.149994,233,233,119131800
6/16/2022,222.736664,225.166672,208.693329,213.100006,213.100006,107390700
6/17/2022,213.433334,220.970001,213.196671,216.759995,216.759995,92641800
6/21/2022,224.603333,243.57666,224.333328,237.036667,237.036667,122793000
6/22/2022,234.503326,246.833328,233.82666,236.08667,236.08667,101107500
6/23/2022,237.906662,239.316666,228.636673,235.070007,235.070007,104202600
6/24/2022,237.470001,246.066666,236.08667,245.706665,245.706665,95770800
6/27/2022,249.366669,252.070007,242.566666,244.919998,244.919998,89178300
6/28/2022,244.483337,249.970001,232.343338,232.66333,232.66333,90391200
6/29/2022,230.5,231.17334,222.273331,228.490005,228.490005,82897200
6/30/2022,224.509995,229.456665,218.863327,224.473328,224.473328,94600500
7/1/2022,227,230.229996,222.119995,227.263336,227.263336,74460300
7/5/2022,223,233.146667,216.166672,233.066666,233.066666,84581100
7/6/2022,230.779999,234.563339,227.186661,231.733337,231.733337,71853600
7/7/2022,233.919998,245.363327,232.210007,244.543335,244.543335,81930600
7/8/2022,242.333328,254.979996,241.160004,250.763336,250.763336,101854200
7/11/2022,252.103333,253.063339,233.626663,234.343338,234.343338,99241200
7/12/2022,236.846664,239.773331,228.369995,233.070007,233.070007,87930900
7/13/2022,225.5,242.059998,225.03334,237.039993,237.039993,97954500
7/14/2022,234.896667,238.653336,229.333328,238.313339,238.313339,78557400
7/15/2022,240,243.623337,236.889999,240.066666,240.066666,69683100
7/18/2022,244.936661,250.516663,239.603333,240.546661,240.546661,82537500
7/19/2022,245,247.139999,236.976669,245.529999,245.529999,80890200
7/20/2022,246.78334,250.66333,243.483337,247.5,247.5,88864200
7/21/2022,255.106674,273.266663,254.866669,271.706665,271.706665,142032300
7/22/2022,276.220001,280.786682,270.713318,272.243347,272.243347,103472700
7/25/2022,272.216675,274.146667,267.399994,268.433319,268.433319,64073400
7/26/2022,266.513336,267.309998,256.263336,258.859985,258.859985,66820800
7/27/2022,263.809998,275.926666,261.790009,274.820007,274.820007,88110000
7/28/2022,280.066681,283.299988,272.799988,280.899994,280.899994,84723000
7/29/2022,280.700012,298.320007,279.100006,297.149994,297.149994,95313000
8/1/2022,301.276672,311.876678,295,297.276672,297.276672,117042900
8/2/2022,294.003326,307.833344,292.666656,300.58667,300.58667,95577600
8/3/2022,305,309.549988,301.149994,307.396667,307.396667,80091000
8/4/2022,311,313.606659,305,308.633331,308.633331,72256200
8/5/2022,302.670013,304.606659,285.543335,288.170013,288.170013,113172900
8/8/2022,295,305.200012,289.08667,290.42334,290.42334,98994000
8/9/2022,290.293335,292.396667,279.353333,283.333344,283.333344,86244600
8/10/2022,297.066681,297.51001,283.369995,294.356659,294.356659,94918800
8/11/2022,296.513336,298.236664,285.833344,286.630005,286.630005,70155000
8/12/2022,289.416656,300.160004,285.033325,300.029999,300.029999,79657200
8/15/2022,301.786682,313.133331,301.230011,309.320007,309.320007,89359200
8/16/2022,311.666656,314.666656,302.883331,306.563324,306.563324,88136400
8/17/2022,303.396667,309.656677,300.033325,303.996674,303.996674,68766000
8/18/2022,306,306.5,301.853333,302.869995,302.869995,47500500
8/19/2022,299,300.359985,292.5,296.666656,296.666656,61395300
8/22/2022,291.91333,292.399994,286.296661,289.91333,289.91333,55843200
8/23/2022,291.453339,298.82666,287.92334,296.453339,296.453339,63984900
8/24/2022,297.563324,303.646667,296.5,297.09668,297.09668,57259800
8/25/2022,302.359985,302.959991,291.600006,296.070007,296.070007,53230000
8/26/2022,297.429993,302,287.470001,288.089996,288.089996,57163900
8/29/2022,282.829987,287.73999,280.700012,284.820007,284.820007,41864700
8/30/2022,287.869995,288.480011,272.649994,277.700012,277.700012,50541800
8/31/2022,280.619995,281.25,271.809998,275.609985,275.609985,52107300
9/1/2022,272.579987,277.579987,266.149994,277.160004,277.160004,54287000
9/2/2022,281.070007,282.350006,269.079987,270.209991,270.209991,50890100
9/6/2022,272.679993,275.98999,265.73999,274.420013,274.420013,55860000
9/7/2022,273.100006,283.839996,272.269989,283.700012,283.700012,50028900
9/8/2022,281.299988,289.5,279.76001,289.26001,289.26001,53713100
9/9/2022,291.670013,299.850006,291.25,299.679993,299.679993,54338100
9/12/2022,300.720001,305.48999,300.399994,304.420013,304.420013,48674600
9/13/2022,292.899994,297.399994,290.399994,292.130005,292.130005,68229600
9/14/2022,292.23999,306,291.640015,302.609985,302.609985,72628700
9/15/2022,301.829987,309.119995,300.720001,303.75,303.75,64795500
9/16/2022,299.609985,303.709991,295.600006,303.350006,303.350006,87087800
9/19/2022,300.089996,309.839996,297.799988,309.070007,309.070007,60231200
9/20/2022,306.910004,313.329987,305.579987,308.730011,308.730011,61642800
9/21/2022,308.290009,313.799988,300.630005,300.799988,300.799988,62555700
9/22/2022,299.859985,301.290009,285.820007,288.589996,288.589996,70545400
9/23/2022,283.089996,284.5,272.820007,275.329987,275.329987,63748400
9/26/2022,271.829987,284.089996,270.309998,276.01001,276.01001,58076900
9/27/2022,283.839996,288.670013,277.51001,282.940002,282.940002,61925200
9/28/2022,283.079987,289,277.570007,287.809998,287.809998,54664800
9/29/2022,282.76001,283.649994,265.779999,268.209991,268.209991,77620600
9/30/2022,266.149994,275.570007,262.470001,265.25,265.25,67726600
10/3/2022,254.5,255.160004,241.009995,242.399994,242.399994,98363500
10/4/2022,250.520004,257.5,242.009995,249.440002,249.440002,109578500
10/5/2022,245.009995,246.669998,233.270004,240.809998,240.809998,86982700
10/6/2022,239.440002,244.580002,235.350006,238.130005,238.130005,69298400
10/7/2022,233.940002,234.570007,222.020004,223.070007,223.070007,83916800
10/10/2022,223.929993,226.990005,218.360001,222.960007,222.960007,67925000
10/11/2022,220.949997,225.75,215,216.5,216.5,77013200
10/12/2022,215.330002,219.300003,211.509995,217.240005,217.240005,66860700
10/13/2022,208.300003,222.990005,206.220001,221.720001,221.720001,91483000
10/14/2022,224.009995,226.259995,204.160004,204.990005,204.990005,94124500
10/17/2022,210.039993,221.860001,209.449997,219.350006,219.350006,79428800
10/18/2022,229.5,229.820007,217.25,220.190002,220.190002,75891900
10/19/2022,219.800003,222.929993,217.779999,222.039993,222.039993,66571500
10/20/2022,208.279999,215.550003,202,207.279999,207.279999,117798100
10/21/2022,206.419998,214.660004,203.800003,214.440002,214.440002,75713800
10/24/2022,205.820007,213.5,198.589996,211.25,211.25,100446800
10/25/2022,210.100006,224.350006,210,222.419998,222.419998,96507900
10/26/2022,219.399994,230.600006,218.199997,224.639999,224.639999,85012500
10/27/2022,229.770004,233.809998,222.850006,225.089996,225.089996,61638800
10/28/2022,225.399994,228.860001,216.350006,228.520004,228.520004,69152400
10/31/2022,226.190002,229.850006,221.940002,227.539993,227.539993,61554300
11/1/2022,234.050003,237.399994,227.279999,227.820007,227.820007,62688800
11/2/2022,226.039993,227.869995,214.820007,214.979996,214.979996,63070300
11/3/2022,211.360001,221.199997,210.139999,215.309998,215.309998,56538800
11/4/2022,222.600006,223.800003,203.080002,207.470001,207.470001,98622200
11/7/2022,208.649994,208.899994,196.660004,197.080002,197.080002,93916500
11/8/2022,194.020004,195.199997,186.75,191.300003,191.300003,128803400
11/9/2022,190.779999,195.889999,177.119995,177.589996,177.589996,127062700
11/10/2022,189.899994,191,180.029999,190.720001,190.720001,132703000
11/11/2022,186,196.520004,182.589996,195.970001,195.970001,114403600
11/14/2022,192.770004,195.729996,186.339996,190.949997,190.949997,92226600
11/15/2022,195.880005,200.820007,192.059998,194.419998,194.419998,91293800
11/16/2022,191.509995,192.570007,185.660004,186.919998,186.919998,66567600
11/17/2022,183.960007,186.160004,180.899994,183.169998,183.169998,64336000
11/18/2022,185.050003,185.190002,176.550003,180.190002,180.190002,76048900
11/21/2022,175.850006,176.770004,167.539993,167.869995,167.869995,92882700
11/22/2022,168.630005,170.919998,166.190002,169.910004,169.910004,78452300
11/23/2022,173.570007,183.619995,172.5,183.199997,183.199997,109536700
11/25/2022,185.059998,185.199997,180.630005,182.860001,182.860001,50672700
11/28/2022,179.960007,188.5,179,182.919998,182.919998,92905200
11/29/2022,184.990005,186.380005,178.75,180.830002,180.830002,83357100
11/30/2022,182.429993,194.759995,180.630005,194.699997,194.699997,109186400
12/1/2022,197.080002,198.919998,191.800003,194.699997,194.699997,80046200
12/2/2022,191.779999,196.25,191.110001,194.860001,194.860001,73645900
12/5/2022,189.440002,191.270004,180.550003,182.449997,182.449997,93122700
12/6/2022,181.220001,183.649994,175.330002,179.820007,179.820007,92150800
12/7/2022,175.029999,179.380005,172.220001,174.039993,174.039993,84213300
12/8/2022,172.199997,175.199997,169.059998,173.440002,173.440002,97624500
12/9/2022,173.839996,182.5,173.360001,179.050003,179.050003,104872300
12/12/2022,176.100006,177.369995,167.520004,167.820007,167.820007,109794500
12/13/2022,174.869995,175.050003,156.910004,160.949997,160.949997,175862700
12/14/2022,159.25,161.619995,155.309998,156.800003,156.800003,140682300
12/15/2022,153.440002,160.929993,153.279999,157.669998,157.669998,122334500
12/16/2022,159.639999,160.990005,150.039993,150.229996,150.229996,139032200
12/19/2022,154,155.25,145.820007,149.869995,149.869995,139390600
12/20/2022,146.050003,148.470001,137.660004,137.800003,137.800003,159563300
12/21/2022,139.339996,141.259995,135.889999,137.570007,137.570007,145417400
12/22/2022,136,136.630005,122.260002,125.349998,125.349998,210090300
12/23/2022,126.370003,128.619995,121.019997,123.150002,123.150002,166989700
12/27/2022,117.5,119.669998,108.760002,109.099998,109.099998,208643400
12/28/2022,110.349998,116.269997,108.239998,112.709999,112.709999,221070500
12/29/2022,120.389999,123.57,117.5,121.82,121.82,221923300
12/30/2022,119.949997,124.480003,119.75,123.18,123.18,157777300
1/3/2023,118.470001,118.800003,104.639999,108.099998,108.099998,231402800
1/4/2023,109.110001,114.589996,107.519997,113.639999,113.639999,180389000
1/5/2023,110.510002,111.75,107.160004,110.339996,110.339996,157986300
1/6/2023,103,114.389999,101.809998,113.059998,113.059998,220911100
1/9/2023,118.959999,123.519997,117.110001,119.769997,119.769997,190284000
1/10/2023,121.07,122.760002,114.919998,118.849998,118.849998,167642500
1/11/2023,122.089996,125.949997,120.510002,123.220001,123.220001,183810800
1/12/2023,122.559998,124.129997,117,123.559998,123.559998,169400900
1/13/2023,116.550003,122.629997,115.599998,122.400002,122.400002,180714100
1/17/2023,125.699997,131.699997,125.019997,131.490005,131.490005,186477000
1/18/2023,136.559998,136.679993,127.010002,128.779999,128.779999,195680300
1/19/2023,127.260002,129.990005,124.309998,127.169998,127.169998,170291900
1/20/2023,128.679993,133.509995,127.349998,133.419998,133.419998,138858100
1/23/2023,135.869995,145.380005,134.270004,143.75,143.75,203119200
1/24/2023,143,146.5,141.100006,143.889999,143.889999,158699100
1/25/2023,141.910004,146.410004,138.070007,144.429993,144.429993,192734300
1/26/2023,159.970001,161.419998,154.759995,160.270004,160.270004,234815100
1/27/2023,162.429993,180.679993,161.169998,177.899994,177.899994,306590600
1/30/2023,178.050003,179.770004,166.5,166.660004,166.660004,230878800
1/31/2023,164.570007,174.300003,162.779999,173.220001,173.220001,196813500
2/1/2023,173.889999,183.809998,169.929993,181.410004,181.410004,213806300
2/2/2023,187.330002,196.75,182.610001,188.270004,188.270004,217448300
2/3/2023,183.949997,199,183.690002,189.979996,189.979996,232662000
2/6/2023,193.009995,198.169998,189.919998,194.759995,194.759995,186188100
2/7/2023,196.429993,197.5,189.550003,196.809998,196.809998,186010300
2/8/2023,196.100006,203,194.309998,201.289993,201.289993,180673600
2/9/2023,207.779999,214,204.770004,207.320007,207.320007,215431400
2/10/2023,202.229996,206.199997,192.889999,196.889999,196.889999,204754100
2/13/2023,194.419998,196.300003,187.610001,194.639999,194.639999,172475500
2/14/2023,191.940002,209.820007,189.440002,209.25,209.25,216455700
2/15/2023,211.759995,214.660004,206.110001,214.240005,214.240005,181006400
2/16/2023,210.779999,217.649994,201.839996,202.039993,202.039993,229586500
2/17/2023,199.990005,208.440002,197.5,208.309998,208.309998,213738500
2/21/2023,204.990005,209.710007,197.220001,197.369995,197.369995,180018600
2/22/2023,197.929993,201.990005,191.779999,200.860001,200.860001,191828500
2/23/2023,203.910004,205.139999,196.330002,202.070007,202.070007,146360000
2/24/2023,196.330002,197.669998,192.800003,196.880005,196.880005,142228100
2/27/2023,202.029999,209.419998,201.259995,207.630005,207.630005,161028300
2/28/2023,210.589996,211.229996,203.75,205.710007,205.710007,153144900
3/1/2023,206.210007,207.199997,198.520004,202.770004,202.770004,156852800
3/2/2023,186.740005,193.75,186.009995,190.899994,190.899994,181500700
3/3/2023,194.800003,200.479996,192.880005,197.789993,197.789993,154193300
3/6/2023,198.539993,198.600006,192.300003,193.809998,193.809998,128100100
3/7/2023,191.380005,194.199997,186.100006,187.710007,187.710007,148125800
3/8/2023,185.039993,186.5,180,182,182,151897800
3/9/2023,180.25,185.179993,172.509995,172.919998,172.919998,170023800
3/10/2023,175.130005,178.289993,168.440002,173.440002,173.440002,191488900
3/13/2023,167.460007,177.350006,163.910004,174.479996,174.479996,167790300
3/14/2023,177.309998,183.800003,177.139999,183.259995,183.259995,143717900
3/15/2023,180.800003,182.339996,176.029999,180.449997,180.449997,145995600
3/16/2023,180.369995,185.809998,178.839996,184.130005,184.130005,121136800
3/17/2023,184.520004,186.220001,177.330002,180.130005,180.130005,133197100
3/20/2023,178.080002,186.440002,176.350006,183.25,183.25,129684400
3/21/2023,188.279999,198,188.039993,197.580002,197.580002,153391400
3/22/2023,199.300003,200.660004,190.949997,191.149994,191.149994,150376400
3/23/2023,195.259995,199.309998,188.649994,192.220001,192.220001,144193900
3/24/2023,191.649994,192.360001,187.149994,190.410004,190.410004,116312400
3/27/2023,194.419998,197.389999,189.940002,191.809998,191.809998,120851600
3/28/2023,192,192.350006,185.429993,189.190002,189.190002,98654600
3/29/2023,193.130005,195.289993,189.440002,193.880005,193.880005,123660000
3/30/2023,195.580002,197.330002,194.419998,195.279999,195.279999,110252200
3/31/2023,197.529999,207.789993,197.199997,207.460007,207.460007,170222100
4/3/2023,199.910004,202.690002,192.199997,194.770004,194.770004,169545900
4/4/2023,197.320007,198.740005,190.320007,192.580002,192.580002,126463800
4/5/2023,190.520004,190.679993,183.759995,185.520004,185.520004,133882500
4/6/2023,183.080002,186.389999,179.740005,185.059998,185.059998,123857900
4/10/2023,179.940002,185.100006,176.110001,184.509995,184.509995,142154600
4/11/2023,186.690002,189.190002,185.649994,186.789993,186.789993,115770900
4/12/2023,190.740005,191.580002,180.309998,180.539993,180.539993,150256300
4/13/2023,182.960007,186.5,180.940002,185.899994,185.899994,112933000
4/14/2023,183.949997,186.279999,182.009995,185,185,96438700
4/17/2023,186.320007,189.690002,182.690002,187.039993,187.039993,116662200
4/18/2023,187.149994,187.690002,183.580002,184.309998,184.309998,92067000
4/19/2023,179.100006,183.5,177.649994,180.589996,180.589996,125732700
4/20/2023,166.169998,169.699997,160.559998,162.990005,162.990005,210970800
4/21/2023,164.800003,166,161.320007,165.080002,165.080002,123539000
4/24/2023,164.649994,165.649994,158.610001,162.550003,162.550003,140006600
4/25/2023,159.820007,163.470001,158.75,160.669998,160.669998,121999300
4/26/2023,160.289993,160.669998,153.139999,153.75,153.75,153364100
4/27/2023,152.639999,160.479996,152.369995,160.190002,160.190002,127015200
4/28/2023,160.899994,165,157.320007,164.309998,164.309998,122515800
5/1/2023,163.169998,163.279999,158.830002,161.830002,161.830002,109015000
5/2/2023,161.880005,165.490005,158.929993,160.309998,160.309998,128259700
5/3/2023,160.009995,165,159.910004,160.610001,160.610001,119728000
5/4/2023,162.710007,162.949997,159.649994,161.199997,161.199997,95108500
5/5/2023,163.970001,170.789993,163.509995,170.059998,170.059998,107440900
5/8/2023,173.720001,173.800003,169.190002,171.789993,171.789993,112249400
5/9/2023,168.949997,169.820007,166.559998,169.149994,169.149994,88965000
5/10/2023,172.550003,174.429993,166.679993,168.539993,168.539993,119840700
5/11/2023,168.699997,173.570007,166.789993,172.080002,172.080002,103889900
5/12/2023,176.070007,177.380005,167.229996,167.979996,167.979996,157577100
5/15/2023,167.660004,169.759995,164.550003,166.350006,166.350006,105592500
5/16/2023,165.649994,169.520004,164.350006,166.520004,166.520004,98288800
5/17/2023,168.410004,174.5,167.190002,173.860001,173.860001,125473600
5/18/2023,174.220001,177.059998,172.449997,176.889999,176.889999,109520300
5/19/2023,177.169998,181.949997,176.309998,180.139999,180.139999,136024200
5/22/2023,180.699997,189.320007,180.110001,188.869995,188.869995,132001400
5/23/2023,186.199997,192.960007,185.259995,185.770004,185.770004,156952100
5/24/2023,182.229996,184.220001,178.220001,182.899994,182.899994,137605100
5/25/2023,186.539993,186.779999,180.580002,184.470001,184.470001,96870700
5/26/2023,184.619995,198.600006,184.529999,193.169998,193.169998,162061500
5/30/2023,200.100006,204.479996,197.529999,201.160004,201.160004,128818700
5/31/2023,199.779999,203.949997,195.119995,203.929993,203.929993,150711700
6/1/2023,202.589996,209.800003,199.369995,207.520004,207.520004,148029900
6/2/2023,210.149994,217.25,209.75,213.970001,213.970001,164129000
6/5/2023,217.800003,221.289993,214.520004,217.610001,217.610001,151143100
6/6/2023,216.139999,221.910004,212.529999,221.309998,221.309998,146911600
6/7/2023,228,230.830002,223.199997,224.570007,224.570007,185710800
6/8/2023,224.220001,235.229996,223.009995,234.860001,234.860001,164489700
6/9/2023,249.070007,252.419998,242.020004,244.399994,244.399994,199882300
6/12/2023,247.940002,250.970001,244.589996,249.830002,249.830002,150337900
6/13/2023,253.509995,259.679993,251.339996,258.709991,258.709991,162384300
6/14/2023,260.170013,261.570007,250.5,256.790009,256.790009,170575500
6/15/2023,248.399994,258.950012,247.289993,255.899994,255.899994,160171200
6/16/2023,258.920013,263.600006,257.209991,260.540009,260.540009,167563700
6/20/2023,261.5,274.75,261.119995,274.450012,274.450012,165611200
6/21/2023,275.130005,276.98999,257.779999,259.459991,259.459991,211797100
6/22/2023,250.770004,265,248.25,264.609985,264.609985,166875900
6/23/2023,259.290009,262.450012,252.800003,256.600006,256.600006,176584100
6/26/2023,250.070007,258.369995,240.699997,241.050003,241.050003,179990600
6/27/2023,243.240005,250.389999,240.850006,250.210007,250.210007,164968200
6/28/2023,249.699997,259.880005,248.889999,256.23999,256.23999,159770800
6/29/2023,258.029999,260.73999,253.610001,257.5,257.5,131283400
6/30/2023,260.600006,264.450012,259.890015,261.769989,261.769989,112267600
7/3/2023,276.48999,284.25,275.109985,279.820007,279.820007,119685900
7/5/2023,278.820007,283.850006,277.600006,282.480011,282.480011,131530900
7/6/2023,278.089996,279.970001,272.880005,276.540009,276.540009,120332100
7/7/2023,278.429993,280.779999,273.769989,274.429993,274.429993,113602000
7/10/2023,276.470001,277.519989,265.100006,269.609985,269.609985,119425400
7/11/2023,268.649994,270.899994,266.369995,269.790009,269.790009,91972400
7/12/2023,276.329987,276.519989,271.459991,271.98999,271.98999,95672100
7/13/2023,274.589996,279.450012,270.600006,277.899994,277.899994,112681500
7/14/2023,277.01001,285.299988,276.309998,281.380005,281.380005,119771100
7/17/2023,286.630005,292.230011,283.570007,290.380005,290.380005,131569600
7/18/2023,290.149994,295.26001,286.01001,293.339996,293.339996,112434700
7/19/2023,296.040009,299.290009,289.519989,291.26001,291.26001,142355400
7/20/2023,279.559998,280.929993,261.200012,262.899994,262.899994,175158300
7/21/2023,268,268,255.800003,260.019989,260.019989,161050100
7/24/2023,255.850006,269.850006,254.119995,269.059998,269.059998,136508500
7/25/2023,272.380005,272.899994,265,265.279999,265.279999,112757300
7/26/2023,263.25,268.040009,261.75,264.350006,264.350006,95856200
7/27/2023,268.309998,269.130005,255.300003,255.710007,255.710007,103697300
7/28/2023,259.859985,267.25,258.230011,266.440002,266.440002,111446000
7/31/2023,267.480011,269.079987,263.779999,267.429993,267.429993,84582200
8/1/2023,266.26001,266.470001,260.25,261.070007,261.070007,83166000
8/2/2023,255.570007,259.519989,250.490005,254.110001,254.110001,101752900
8/3/2023,252.039993,260.48999,252,259.320007,259.320007,97569100
8/4/2023,260.970001,264.769989,253.110001,253.860001,253.860001,99242600
8/7/2023,251.449997,253.649994,242.759995,251.449997,251.449997,111097900
8/8/2023,247.449997,250.919998,245.009995,249.699997,249.699997,96642200
8/9/2023,250.869995,251.100006,241.899994,242.190002,242.190002,101596300
8/10/2023,245.399994,251.800003,243,245.339996,245.339996,109498600
8/11/2023,241.770004,243.789993,238.020004,242.649994,242.649994,98866600
8/14/2023,235.699997,240.660004,233.75,239.759995,239.759995,98595300
8/15/2023,238.729996,240.5,232.610001,232.960007,232.960007,88197600
8/16/2023,228.020004,233.970001,225.380005,225.600006,225.600006,112484500
8/17/2023,226.059998,226.740005,218.830002,219.220001,219.220001,120718400
8/18/2023,214.119995,217.580002,212.360001,215.490005,215.490005,135813700
8/21/2023,221.550003,232.130005,220.580002,231.279999,231.279999,135702700
8/22/2023,240.25,240.820007,229.550003,233.190002,233.190002,130597900
8/23/2023,229.339996,238.979996,229.289993,236.860001,236.860001,101077600
8/24/2023,238.660004,238.919998,228.179993,230.039993,230.039993,99777400
8/25/2023,231.309998,239,230.350006,238.589996,238.589996,106345900
8/28/2023,242.580002,244.380005,235.350006,238.820007,238.820007,107673700
8/29/2023,238.580002,257.480011,237.770004,257.179993,257.179993,134047600
