,Date,Open,High,Low,Close,Volume,Change,BPS,PER,PBR,EPS,DIV,DPS
0,2020-01-02,55500,56000,55000,55200,12993228,-0.010752688172043,35342,8.54,1.56,6461,2.57,1416
1,2020-01-03,56000,56600,54900,55500,15422255,0.0054347826086955,35342,8.59,1.57,6461,2.55,1416
2,2020-01-06,54900,55600,54600,55500,10278951,0.0,35342,8.59,1.57,6461,2.55,1416
3,2020-01-07,55700,56400,55600,55800,10009778,0.0054054054054053,35342,8.64,1.58,6461,2.54,1416
4,2020-01-08,56200,57400,55900,56800,23501171,0.017921146953405,35342,8.79,1.61,6461,2.49,1416
5,2020-01-09,58400,58600,57400,58600,24102579,0.0316901408450704,35342,9.07,1.66,6461,2.42,1416
6,2020-01-10,58800,59700,58300,59500,16000170,0.0153583617747439,35342,9.21,1.68,6461,2.38,1416
7,2020-01-13,59600,60000,59100,60000,11359139,0.0084033613445377,35342,9.29,1.7,6461,2.36,1416
8,2020-01-14,60400,61000,59900,60000,16906295,0.0,35342,9.29,1.7,6461,2.36,1416
9,2020-01-15,59500,59600,58900,59000,14300928,-0.0166666666666667,35342,9.13,1.67,6461,2.4,1416
10,2020-01-16,59100,60700,59000,60700,14381774,0.028813559322034,35342,9.39,1.72,6461,2.33,1416
11,2020-01-17,61900,62000,61000,61300,16025661,0.0098846787479407,35342,9.49,1.73,6461,2.31,1416
12,2020-01-20,62000,62800,61700,62400,12528855,0.0179445350734095,35342,9.66,1.77,6461,2.27,1416
13,2020-01-21,62000,62400,61200,61400,11142693,-0.016025641025641,35342,9.5,1.74,6461,2.31,1416
14,2020-01-22,60500,62600,60400,62300,15339565,0.014657980456026,35342,9.64,1.76,6461,2.27,1416
15,2020-01-23,61800,61800,60700,60800,14916555,-0.0240770465489567,35342,9.41,1.72,6461,2.33,1416
16,2020-01-28,59400,59400,58300,58800,23664541,-0.0328947368421053,35342,9.1,1.66,6461,2.41,1416
17,2020-01-29,59100,59700,58800,59100,16446102,0.0051020408163264,35342,9.15,1.67,6461,2.4,1416
18,2020-01-30,58800,58800,56800,57200,20821939,-0.0321489001692046,35342,8.85,1.62,6461,2.48,1416
19,2020-01-31,57800,58400,56400,56400,19749457,-0.0139860139860139,35342,8.73,1.6,6461,2.51,1416
20,2020-02-03,55500,57400,55200,57200,23995260,0.0141843971631205,35342,8.85,1.62,6461,2.48,1416
21,2020-02-04,57100,59000,56800,58900,21800192,0.0297202797202797,35342,9.12,1.67,6461,2.4,1416
22,2020-02-05,60000,60200,58900,59500,19278165,0.0101867572156197,35342,9.21,1.68,6461,2.38,1416
23,2020-02-06,60100,61100,59700,61100,14727159,0.0268907563025209,35342,9.46,1.73,6461,2.32,1416
24,2020-02-07,61100,61200,59700,60400,16402493,-0.011456628477905,35342,9.35,1.71,6461,2.34,1416
25,2020-02-10,59200,59800,59100,59700,13107121,-0.0115894039735099,35342,9.24,1.69,6461,2.37,1416
26,2020-02-11,59800,60700,59700,59900,11071231,0.0033500837520938,35342,9.27,1.69,6461,2.36,1416
27,2020-02-12,60300,60700,59700,60500,12904207,0.0100166944908179,35342,9.36,1.71,6461,2.34,1416
28,2020-02-13,61200,61600,60500,60700,18449775,0.0033057851239668,35342,9.39,1.72,6461,2.33,1416
29,2020-02-14,60900,61900,60200,61800,13276067,0.0181219110378911,35342,9.57,1.75,6461,2.29,1416
30,2020-02-17,61600,62000,61200,61500,8740596,-0.0048543689320388,35342,9.52,1.74,6461,2.3,1416
31,2020-02-18,60800,60900,59700,59800,16674266,-0.0276422764227641,35342,9.26,1.69,6461,2.37,1416
32,2020-02-19,59800,60400,59400,60200,12951496,0.0066889632107023,35342,9.32,1.7,6461,2.35,1416
33,2020-02-20,60700,61300,59600,60000,14591924,-0.0033222591362126,35342,9.29,1.7,6461,2.36,1416
34,2020-02-21,58800,59800,58500,59200,13777393,-0.0133333333333333,35342,9.16,1.68,6461,2.39,1416
35,2020-02-24,57400,58100,56800,56800,25627537,-0.0405405405405405,35342,8.79,1.61,6461,2.49,1416
36,2020-02-25,56200,58000,56200,57900,23885408,0.0193661971830985,35342,8.96,1.64,6461,2.45,1416
37,2020-02-26,56000,57000,56000,56500,25483102,-0.0241796200345423,35342,8.74,1.6,6461,2.51,1416
38,2020-02-27,56300,56900,55500,55900,23209541,-0.0106194690265486,35342,8.65,1.58,6461,2.53,1416
39,2020-02-28,55000,55500,54200,54200,30054227,-0.0304114490161001,35342,8.39,1.53,6461,2.61,1416
40,2020-03-02,54300,55500,53600,55000,30403412,0.014760147601476,35342,8.51,1.56,6461,2.57,1416
41,2020-03-03,56700,56900,55100,55400,30330295,0.0072727272727273,35342,8.57,1.57,6461,2.56,1416
42,2020-03-04,54800,57600,54600,57400,24765728,0.036101083032491,35342,8.88,1.62,6461,2.47,1416
43,2020-03-05,57600,58000,56700,57800,21698990,0.0069686411149825,35342,8.95,1.64,6461,2.45,1416
44,2020-03-06,56500,57200,56200,56500,18716656,-0.0224913494809688,35342,8.74,1.6,6461,2.51,1416
45,2020-03-09,54700,55000,53600,54200,30261485,-0.0407079646017699,35342,8.39,1.53,6461,2.61,1416
46,2020-03-10,53800,54900,53700,54600,32106554,0.0073800738007379,35342,8.45,1.54,6461,2.59,1416
47,2020-03-11,54300,54400,52000,52100,45707281,-0.0457875457875457,35342,8.06,1.47,6461,2.72,1416
48,2020-03-12,51000,51900,49300,50800,48149999,-0.0249520153550864,35342,7.86,1.44,6461,2.79,1416
49,2020-03-13,47450,51600,46850,49950,59462933,-0.0167322834645669,35342,7.73,1.41,6461,2.83,1416
50,2020-03-16,50100,50900,48800,48900,33339821,-0.0210210210210209,35342,7.57,1.38,6461,2.9,1416
51,2020-03-17,46900,49650,46700,47300,51218151,-0.0327198364008179,35342,7.32,1.34,6461,2.99,1416
52,2020-03-18,47750,48350,45600,45600,40152623,-0.0359408033826638,35342,7.06,1.29,6461,3.11,1416
53,2020-03-19,46400,46650,42300,42950,56925513,-0.0581140350877192,35342,6.65,1.22,6461,3.3,1416
54,2020-03-20,44150,45500,43550,45400,49730008,0.0570430733410942,35342,7.03,1.28,6461,3.12,1416
55,2020-03-23,42600,43550,42400,42500,41701626,-0.0638766519823789,35342,6.58,1.2,6461,3.33,1416
56,2020-03-24,43850,46950,43050,46950,49801908,0.1047058823529412,35342,7.27,1.33,6461,3.02,1416
57,2020-03-25,48950,49600,47150,48650,52735922,0.0362087326943556,35342,7.53,1.38,6461,2.91,1416
58,2020-03-26,49000,49300,47700,47800,42185129,-0.0174717368961973,35342,7.4,1.35,6461,2.96,1416
59,2020-03-27,49600,49700,46850,48300,39896178,0.0104602510460252,35342,7.48,1.37,6461,2.93,1416
60,2020-03-30,47050,48350,46550,47850,26797395,-0.0093167701863353,35342,7.41,1.35,6461,2.96,1416
61,2020-03-31,48000,48500,47150,47750,30654261,-0.0020898641588297,35342,7.39,1.35,6461,2.97,1416
62,2020-04-01,47450,47900,45800,45800,27259532,-0.0408376963350785,35342,7.09,1.3,6461,3.09,1416
63,2020-04-02,46200,46850,45350,46800,21621076,0.0218340611353711,35342,7.24,1.32,6461,3.03,1416
64,2020-04-03,47400,47600,46550,47000,22784682,0.0042735042735042,35342,7.27,1.33,6461,3.01,1416
65,2020-04-06,47500,48800,47250,48700,23395726,0.0361702127659575,35342,7.54,1.38,6461,2.91,1416
66,2020-04-07,49650,50200,49000,49600,31524034,0.0184804928131416,35342,7.68,1.4,6461,2.85,1416
67,2020-04-08,49600,49750,48600,48600,25010314,-0.0201612903225806,35342,7.52,1.38,6461,2.91,1416
68,2020-04-09,49750,49800,48700,49100,22628058,0.0102880658436212,35342,7.6,1.39,6461,2.88,1416
69,2020-04-10,48950,49250,48650,49250,17839111,0.0030549898167007,35342,7.62,1.39,6461,2.88,1416
70,2020-04-13,48650,48900,48300,48300,14431800,-0.0192893401015228,35342,7.48,1.37,6461,2.93,1416
71,2020-04-14,48800,49200,48300,49000,14206216,0.0144927536231884,35342,7.58,1.39,6461,2.89,1416
72,2020-04-16,49350,49350,48550,49000,23349760,0.0,35342,7.58,1.39,6461,2.89,1416
73,2020-04-17,50800,52000,50300,51400,32041675,0.0489795918367346,35342,7.96,1.45,6461,2.75,1416
74,2020-04-20,51400,51400,50000,50100,21866354,-0.0252918287937743,35342,7.75,1.42,6461,2.83,1416
75,2020-04-21,49400,49700,48700,49250,27407543,-0.0169660678642714,35342,7.62,1.39,6461,2.88,1416
76,2020-04-22,48700,50000,48350,49850,18613864,0.0121827411167512,35342,7.72,1.41,6461,2.84,1416
77,2020-04-23,50200,50300,49500,49850,18754442,0.0,35342,7.72,1.41,6461,2.84,1416
78,2020-04-24,49650,49750,49000,49350,15618347,-0.0100300902708124,35342,7.64,1.4,6461,2.87,1416
79,2020-04-27,49350,50000,49100,49850,14049471,0.0101317122593718,35342,7.72,1.41,6461,2.84,1416
80,2020-04-28,49850,50100,49300,50100,16095399,0.0050150451354062,35342,7.75,1.42,6461,2.83,1416
81,2020-04-29,49900,50500,49600,50000,15604533,-0.0019960079840319,35342,7.74,1.41,6461,2.83,1416
82,2020-05-04,48900,49100,48500,48500,26083749,-0.03,37528,15.32,1.29,3166,2.92,1416
83,2020-05-06,49000,49200,48500,49200,18070225,0.0144329896907215,37528,15.54,1.31,3166,2.88,1416
84,2020-05-07,49200,49300,48700,48800,13884411,-0.008130081300813,37528,15.41,1.3,3166,2.9,1416
85,2020-05-08,49100,49350,48800,48800,15319700,0.0,37528,15.41,1.3,3166,2.9,1416
86,2020-05-11,48900,49250,48300,48400,16357743,-0.0081967213114754,37528,15.29,1.29,3166,2.93,1416
87,2020-05-12,48400,48500,47550,47900,23433590,-0.0103305785123967,37528,15.13,1.28,3166,2.96,1416
88,2020-05-13,47250,48550,47200,48550,20223277,0.0135699373695197,37528,15.33,1.29,3166,2.92,1416
89,2020-05-14,47750,48100,47650,48000,19305974,-0.011328527291452,37528,15.16,1.28,3166,2.95,1416
90,2020-05-15,48400,48450,47700,47850,18463118,-0.003125,37528,15.11,1.28,3166,2.96,1416
91,2020-05-18,47950,49100,47600,48800,20481981,0.0198537095088819,37528,15.41,1.3,3166,2.9,1416
92,2020-05-19,50100,50500,49700,50300,25168295,0.0307377049180328,37528,15.89,1.34,3166,2.82,1416
93,2020-05-20,50000,50200,49800,50000,14896899,-0.0059642147117295,37528,15.79,1.33,3166,2.83,1416
94,2020-05-21,50300,50400,49850,49950,14949266,-0.001,37528,15.78,1.33,3166,2.83,1416
95,2020-05-22,49600,49800,48600,48750,19706284,-0.024024024024024,37528,15.4,1.3,3166,2.9,1416
96,2020-05-25,48750,48900,48450,48850,14337913,0.0020512820512821,37528,15.43,1.3,3166,2.9,1416
97,2020-05-26,48700,49450,48600,49250,15127490,0.0081883316274309,37528,15.56,1.31,3166,2.88,1416
98,2020-05-27,48950,50000,48800,49900,19548479,0.0131979695431472,37528,15.76,1.33,3166,2.84,1416
99,2020-05-28,51100,51200,49900,50400,31309318,0.0100200400801602,37528,15.92,1.34,3166,2.81,1416
100,2020-05-29,50000,50700,49700,50700,27596961,0.0059523809523809,37528,16.01,1.35,3166,2.79,1416
101,2020-06-01,50800,51200,50600,51200,16949183,0.009861932938856,37528,16.17,1.36,3166,2.77,1416
102,2020-06-02,51000,51500,50800,51400,14247933,0.00390625,37528,16.23,1.37,3166,2.75,1416
103,2020-06-03,51800,55000,51700,54500,49257814,0.0603112840466926,37528,17.21,1.45,3166,2.6,1416
104,2020-06-04,55800,57000,54600,54600,40220334,0.001834862385321,37528,17.25,1.45,3166,2.59,1416
105,2020-06-05,54400,55900,54000,55500,22743629,0.0164835164835164,37528,17.53,1.48,3166,2.55,1416
106,2020-06-08,56400,56500,54700,54900,25634965,-0.0108108108108108,37528,17.34,1.46,3166,2.58,1416
107,2020-06-09,55800,56500,54400,55500,23998831,0.0109289617486338,37528,17.53,1.48,3166,2.55,1416
108,2020-06-10,55100,55900,54900,55400,16742493,-0.0018018018018017,37528,17.5,1.48,3166,2.56,1416
109,2020-06-11,54500,55100,53200,54300,33815123,-0.0198555956678699,37528,17.15,1.45,3166,2.61,1416
110,2020-06-12,52100,52800,51500,52300,26976019,-0.0368324125230202,37528,16.52,1.39,3166,2.71,1416
111,2020-06-15,51400,52000,49900,49900,28772921,-0.0458891013384321,37528,15.76,1.33,3166,2.84,1416
112,2020-06-16,51200,52100,50600,52100,21808375,0.0440881763527054,37528,16.46,1.39,3166,2.72,1416
113,2020-06-17,52100,52900,51300,52200,26672595,0.0019193857965451,37528,16.49,1.39,3166,2.71,1416
114,2020-06-18,52200,52300,51600,52300,15982926,0.0019157088122605,37528,16.52,1.39,3166,2.71,1416
115,2020-06-19,52600,52900,51600,52900,18157985,0.0114722753346079,37528,16.71,1.41,3166,2.68,1416
116,2020-06-22,52000,52600,51800,52000,13801350,-0.0170132325141777,37528,16.42,1.39,3166,2.72,1416
117,2020-06-23,52500,52800,51100,51400,18086152,-0.0115384615384614,37528,16.23,1.37,3166,2.75,1416
118,2020-06-24,51900,53900,51600,52900,24519552,0.0291828793774318,37528,16.71,1.41,3166,2.68,1416
119,2020-06-25,52100,53000,51900,51900,18541624,-0.0189035916824196,37528,16.39,1.38,3166,2.73,1416
120,2020-06-26,52800,53900,52200,53300,21575360,0.0269749518304431,37528,16.84,1.42,3166,2.66,1416
121,2020-06-29,52500,53200,52000,52400,17776925,-0.0168855534709193,37528,16.55,1.4,3166,2.7,1416
122,2020-06-30,53900,53900,52800,52800,21157172,0.0076335877862594,37528,16.68,1.41,3166,2.68,1416
123,2020-07-01,53400,53600,52400,52600,16706143,-0.0037878787878787,37528,16.61,1.4,3166,2.69,1416
124,2020-07-02,52100,52900,52100,52900,14142583,0.0057034220532319,37528,16.71,1.41,3166,2.68,1416
125,2020-07-03,53000,53600,52700,53600,11887868,0.0132325141776936,37528,16.93,1.43,3166,2.64,1416
126,2020-07-06,54000,55000,53800,55000,19856623,0.0261194029850746,37528,17.37,1.47,3166,2.57,1416
127,2020-07-07,55800,55900,53400,53400,30760032,-0.029090909090909,37528,16.87,1.42,3166,2.65,1416
128,2020-07-08,53600,53900,52900,53000,19664652,-0.0074906367041198,37528,16.74,1.41,3166,2.67,1416
129,2020-07-09,53200,53600,52800,52800,17054850,-0.0037735849056603,37528,16.68,1.41,3166,2.68,1416
130,2020-07-10,53100,53200,52300,52700,13714746,-0.0018939393939394,37528,16.65,1.4,3166,2.69,1416
131,2020-07-13,53300,53800,53100,53400,12240188,0.0132827324478177,37528,16.87,1.42,3166,2.65,1416
132,2020-07-14,53700,53800,53200,53800,14269484,0.0074906367041198,37528,16.99,1.43,3166,2.63,1416
133,2020-07-15,54400,55000,54300,54700,24051450,0.0167286245353159,37528,17.28,1.46,3166,2.59,1416
134,2020-07-16,54800,54800,53800,53800,16779127,-0.016453382084095,37528,16.99,1.43,3166,2.63,1416
135,2020-07-17,54200,54700,54100,54400,10096174,0.0111524163568772,37528,17.18,1.45,3166,2.6,1416
136,2020-07-20,54800,54800,54000,54200,10507530,-0.0036764705882352,37528,17.12,1.44,3166,2.61,1416
137,2020-07-21,55200,55400,54800,55300,18297260,0.0202952029520295,37528,17.47,1.47,3166,2.56,1416
138,2020-07-22,55300,55500,54700,54700,12885057,-0.0108499095840868,37528,17.28,1.46,3166,2.59,1416
139,2020-07-23,54700,54700,53800,54100,16214932,-0.0109689213893967,37528,17.09,1.44,3166,2.62,1416
140,2020-07-24,54000,54400,53700,54200,10994535,0.0018484288354898,37528,17.12,1.44,3166,2.61,1416
141,2020-07-27,54300,55700,54300,55600,21054421,0.0258302583025831,37528,17.56,1.48,3166,2.55,1416
142,2020-07-28,57000,58800,56400,58600,48431566,0.0539568345323742,37528,18.51,1.56,3166,2.42,1416
143,2020-07-29,60300,60400,58600,59000,36476611,0.006825938566553,37528,18.64,1.57,3166,2.4,1416
144,2020-07-30,59700,60100,59000,59000,19285354,0.0,37528,18.64,1.57,3166,2.4,1416
145,2020-07-31,59500,59600,57700,57900,21943345,-0.0186440677966102,37528,18.29,1.54,3166,2.45,1416
146,2020-08-03,57800,57900,56700,56800,21158940,-0.0189982728842832,37528,17.94,1.51,3166,2.49,1416
147,2020-08-04,57200,58100,57000,57300,19419694,0.0088028169014084,37528,18.1,1.53,3166,2.47,1416
148,2020-08-05,57300,57500,56300,56900,17739706,-0.0069808027923211,37528,17.97,1.52,3166,2.49,1416
149,2020-08-06,57100,58400,57100,58000,21625874,0.0193321616871704,37528,18.32,1.55,3166,2.44,1416
150,2020-08-07,57900,58400,57100,57500,18751717,-0.0086206896551723,37528,18.16,1.53,3166,2.46,1416
151,2020-08-10,57600,58300,57500,57800,17774291,0.0052173913043478,37528,18.26,1.54,3166,2.45,1416
152,2020-08-11,58000,59500,57800,58200,24907912,0.0069204152249136,37528,18.38,1.55,3166,2.43,1416
153,2020-08-12,58200,59000,57700,59000,18573934,0.0137457044673539,37528,18.64,1.57,3166,2.4,1416
154,2020-08-13,59400,59600,58000,58700,22089460,-0.0050847457627118,37528,18.54,1.56,3166,2.41,1416
155,2020-08-14,58000,58400,57700,58000,15672548,-0.0119250425894378,37528,18.32,1.55,3166,2.44,1416
156,2020-08-18,58900,59900,58000,58400,25307825,0.0068965517241379,37528,18.45,1.56,3166,2.42,1416
157,2020-08-19,59000,59200,57800,57800,16930719,-0.0102739726027397,37528,18.26,1.54,3166,2.45,1416
158,2020-08-20,57600,57600,55300,55400,30386029,-0.0415224913494809,37528,17.5,1.48,3166,2.56,1416
159,2020-08-21,56200,56900,55800,55900,21142288,0.0090252707581226,37528,17.66,1.49,3166,2.53,1416
160,2020-08-24,55800,56600,55400,56100,15055896,0.0035778175313059,37528,17.72,1.49,3166,2.52,1416
161,2020-08-25,56400,56800,56100,56400,14021705,0.0053475935828877,37528,17.81,1.5,3166,2.51,1416
162,2020-08-26,56400,56500,55700,56400,17651593,0.0,37528,17.81,1.5,3166,2.51,1416
163,2020-08-27,56300,56300,55600,55600,16196568,-0.0141843971631205,37528,17.56,1.48,3166,2.55,1416
164,2020-08-28,56100,56300,55400,55400,14619888,-0.0035971223021582,37528,17.5,1.48,3166,2.56,1416
165,2020-08-31,56000,56100,54000,54000,32671367,-0.0252707581227437,37528,17.06,1.44,3166,2.62,1416
166,2020-09-01,54100,54800,54100,54200,19363117,0.0037037037037037,37528,17.12,1.44,3166,2.61,1416
167,2020-09-02,54600,55100,54100,54400,16905723,0.0036900369003689,37528,17.18,1.45,3166,2.6,1416
168,2020-09-03,55600,56700,55500,56400,28384920,0.036764705882353,37528,17.81,1.5,3166,2.51,1416
169,2020-09-04,55200,55800,55100,55600,22139109,-0.0141843971631205,37528,17.56,1.48,3166,2.55,1416
170,2020-09-07,56100,57300,55800,56500,18685880,0.0161870503597121,37528,17.85,1.51,3166,2.51,1416
171,2020-09-08,57400,58700,57200,58700,31517520,0.0389380530973451,37528,18.54,1.56,3166,2.41,1416
172,2020-09-09,58200,59300,57800,58400,30597399,-0.0051107325383304,37528,18.45,1.56,3166,2.42,1416
173,2020-09-10,59900,60000,59100,59200,29923293,0.0136986301369863,37528,18.7,1.58,3166,2.39,1416
174,2020-09-11,59300,59400,58200,59000,16017098,-0.0033783783783783,37528,18.64,1.57,3166,2.4,1416
175,2020-09-14,60200,60800,59900,60400,20648281,0.0237288135593221,37528,19.08,1.61,3166,2.34,1416
176,2020-09-15,60900,61000,60500,61000,17877075,0.009933774834437,37528,19.27,1.63,3166,2.32,1416
177,2020-09-16,61100,61300,60600,61000,17041444,0.0,37528,19.27,1.63,3166,2.32,1416
178,2020-09-17,60700,60800,59300,59500,25108356,-0.0245901639344262,37528,18.79,1.59,3166,2.38,1416
179,2020-09-18,59800,59900,59100,59300,18884571,-0.0033613445378151,37528,18.73,1.58,3166,2.39,1416
180,2020-09-21,59100,60000,59000,59200,15140387,-0.0016863406408094,37528,18.7,1.58,3166,2.39,1416
181,2020-09-22,59100,59700,57800,58200,20830381,-0.0168918918918918,37528,18.38,1.55,3166,2.43,1416
182,2020-09-23,58400,58800,57400,58600,20111398,0.0068728522336769,37528,18.51,1.56,3166,2.42,1416
183,2020-09-24,57700,58600,57600,57800,17564020,-0.0136518771331057,37528,18.26,1.54,3166,2.45,1416
184,2020-09-25,57700,58200,57700,57900,11444683,0.0017301038062282,37528,18.29,1.54,3166,2.45,1416
185,2020-09-28,58300,58800,57900,58200,12614080,0.005181347150259,37528,18.38,1.55,3166,2.43,1416
186,2020-09-29,58300,59000,58200,58200,15503563,0.0,37528,18.38,1.55,3166,2.43,1416
187,2020-10-05,57500,59200,57500,58700,20228289,0.0085910652920961,37528,18.54,1.56,3166,2.41,1416
188,2020-10-06,59400,59900,58700,59000,14463826,0.0051107325383303,37528,18.64,1.57,3166,2.4,1416
189,2020-10-07,58700,59900,58500,59900,14861838,0.0152542372881356,37528,18.92,1.6,3166,2.36,1416
190,2020-10-08,60500,60700,59500,59700,24589924,-0.0033388981636059,37528,18.86,1.59,3166,2.37,1416
191,2020-10-12,60000,60400,59900,60400,16145837,0.0117252931323283,37528,19.08,1.61,3166,2.34,1416
192,2020-10-13,61000,61400,60400,60900,19247631,0.0082781456953642,37528,19.24,1.62,3166,2.33,1416
193,2020-10-14,61000,61100,60500,60900,16086716,0.0,37528,19.24,1.62,3166,2.33,1416
194,2020-10-15,60700,60800,59700,60000,17756232,-0.0147783251231526,37528,18.95,1.6,3166,2.36,1416
195,2020-10-16,60000,60400,59000,59500,16554190,-0.0083333333333333,37528,18.79,1.59,3166,2.38,1416
196,2020-10-19,59600,60200,59500,60000,14474985,0.0084033613445377,37528,18.95,1.6,3166,2.36,1416
197,2020-10-20,60300,60900,60100,60900,19326115,0.0149999999999999,37528,19.24,1.62,3166,2.33,1416
198,2020-10-21,61200,61500,60600,60900,15703443,0.0,37528,19.24,1.62,3166,2.33,1416
199,2020-10-22,60300,60500,59800,60100,14294095,-0.0131362889983579,37528,18.98,1.6,3166,2.36,1416
200,2020-10-23,60400,60400,59800,60200,9322232,0.0016638935108153,37528,19.01,1.6,3166,2.35,1416
201,2020-10-26,60400,61100,60100,60400,13268226,0.0033222591362125,37528,19.08,1.61,3166,2.34,1416
202,2020-10-27,60300,60300,59500,59800,17260416,-0.0099337748344371,37528,18.89,1.59,3166,2.37,1416
203,2020-10-28,59400,59400,58800,59000,14428882,-0.0133779264214046,37528,18.64,1.57,3166,2.4,1416
204,2020-10-29,58200,58500,57500,58100,22636966,-0.0152542372881355,37528,18.35,1.55,3166,2.44,1416
205,2020-10-30,58000,58000,56600,56600,26907844,-0.0258175559380379,37528,17.88,1.51,3166,2.5,1416
206,2020-11-02,56400,57500,56000,57400,20489076,0.0141342756183746,37528,18.13,1.53,3166,2.47,1416
207,2020-11-03,57900,58900,57600,58800,14950919,0.024390243902439,37528,18.57,1.57,3166,2.41,1416
208,2020-11-04,58900,59000,57800,58500,21718561,-0.0051020408163264,37528,18.48,1.56,3166,2.42,1416
209,2020-11-05,59000,60300,58800,60300,20639475,0.0307692307692306,37528,19.05,1.61,3166,2.35,1416
210,2020-11-06,60700,60800,59600,60100,16910230,-0.0033167495854062,37528,18.98,1.6,3166,2.36,1416
211,2020-11-09,60700,60900,60100,60200,15892961,0.0016638935108153,37528,19.01,1.6,3166,2.35,1416
212,2020-11-10,60500,60500,59500,60200,19073552,0.0,37528,19.01,1.6,3166,2.35,1416
213,2020-11-11,60700,61400,60400,61300,25628510,0.0182724252491695,37528,19.36,1.63,3166,2.31,1416
214,2020-11-12,61000,61400,60700,61000,19800573,-0.0048939641109299,37528,19.27,1.63,3166,2.32,1416
215,2020-11-13,61300,63200,61000,63200,31508829,0.0360655737704918,37528,19.96,1.68,3166,2.24,1416
216,2020-11-16,64000,66700,63900,66300,36354334,0.0490506329113924,37528,20.94,1.77,3166,2.14,1416
217,2020-11-17,67000,67000,65600,65700,30204089,-0.009049773755656,37528,20.75,1.75,3166,2.16,1416
218,2020-11-18,65700,66200,64700,64800,22963790,-0.0136986301369863,37528,20.47,1.73,3166,2.19,1416
219,2020-11-19,64100,64800,63900,64600,16590290,-0.0030864197530864,37528,20.4,1.72,3166,2.19,1416
220,2020-11-20,63900,65200,63900,64700,15068682,0.001547987616099,37528,20.44,1.72,3166,2.19,1416
221,2020-11-23,64800,67800,64700,67500,27134398,0.0432766615146831,37528,21.32,1.8,3166,2.1,1416
222,2020-11-24,67900,69500,67000,67700,32158235,0.002962962962963,37528,21.38,1.8,3166,2.09,1416
223,2020-11-25,67900,68300,66500,66600,32447065,-0.0162481536189069,37528,21.04,1.77,3166,2.13,1416
224,2020-11-26,66100,68000,66000,68000,19023323,0.0210210210210211,37528,21.48,1.81,3166,2.08,1416
225,2020-11-27,68000,68400,67600,68200,14063434,0.0029411764705882,37528,21.54,1.82,3166,2.08,1416
226,2020-11-30,68400,68600,66700,66700,43811016,-0.0219941348973606,37528,21.07,1.78,3166,2.12,1416
227,2020-12-01,67100,68300,67100,67800,22327173,0.0164917541229385,37528,21.42,1.81,3166,2.09,1416
228,2020-12-02,68400,69900,68300,69500,29703942,0.0250737463126844,37528,21.95,1.85,3166,2.04,1416
229,2020-12-03,70100,70500,69300,69700,23677989,0.0028776978417266,37528,22.02,1.86,3166,2.03,1416
230,2020-12-04,70400,72100,70100,71500,28130533,0.0258249641319943,37528,22.58,1.91,3166,1.98,1416
231,2020-12-07,72400,73500,71900,72900,28490496,0.0195804195804196,37528,23.03,1.94,3166,1.94,1416
232,2020-12-08,72200,72900,71600,71700,25000338,-0.0164609053497942,37528,22.65,1.91,3166,1.97,1416
233,2020-12-09,72100,73900,72000,73900,24077996,0.0306834030683402,37528,23.34,1.97,3166,1.92,1416
234,2020-12-10,72700,73800,72500,72900,39882928,-0.013531799729364,37528,23.03,1.94,3166,1.94,1416
235,2020-12-11,73500,73800,73100,73400,18486672,0.0068587105624142,37528,23.18,1.96,3166,1.93,1416
236,2020-12-14,73600,74500,73200,73800,21510415,0.005449591280654,37528,23.31,1.97,3166,1.92,1416
237,2020-12-15,73800,74100,73300,73800,20863671,0.0,37528,23.31,1.97,3166,1.92,1416
238,2020-12-16,74100,74500,73400,73800,17512081,0.0,37528,23.31,1.97,3166,1.92,1416
239,2020-12-17,73400,73700,72600,73300,24293214,-0.0067750677506774,37528,23.15,1.95,3166,1.93,1416
240,2020-12-18,73300,73700,73000,73000,17613029,-0.0040927694406548,37528,23.06,1.95,3166,1.94,1416
241,2020-12-21,73100,73400,72000,73000,20367355,0.0,37528,23.06,1.95,3166,1.94,1416
242,2020-12-22,72500,73200,72100,72300,16304910,-0.0095890410958904,37528,22.84,1.93,3166,1.96,1416
243,2020-12-23,72400,74000,72300,73900,19411326,0.0221300138312585,37528,23.34,1.97,3166,1.92,1416
244,2020-12-24,74100,78800,74000,77800,32502870,0.0527740189445196,37528,24.57,2.07,3166,1.82,1416
245,2020-12-28,79000,80100,78200,78700,40085044,0.0115681233933162,37528,24.86,2.1,3166,1.8,1416
246,2020-12-29,78800,78900,77300,78300,30339449,-0.0050825921219822,37528,24.73,2.09,3166,1.81,1416
247,2020-12-30,77400,81300,77300,81000,29417421,0.0344827586206897,37528,25.58,2.16,3166,1.75,1416
248,2021-01-04,81000,84400,80200,83000,38655276,0.0246913580246914,37528,26.22,2.21,3166,1.71,1416
249,2021-01-05,81600,83900,81600,83900,35335669,0.0108433734939759,37528,26.5,2.24,3166,1.69,1416
250,2021-01-06,83300,84500,82100,82200,42089013,-0.0202622169249105,37528,25.96,2.19,3166,1.72,1416
251,2021-01-07,82800,84200,82700,82900,32644642,0.008515815085158,37528,26.18,2.21,3166,1.71,1416
252,2021-01-08,83300,90000,83000,88800,59013307,0.0711700844390832,37528,28.05,2.37,3166,1.59,1416
253,2021-01-11,90000,96800,89500,91000,90306177,0.0247747747747748,37528,28.74,2.42,3166,1.56,1416
254,2021-01-12,90300,91400,87800,90600,48682416,-0.0043956043956043,37528,28.62,2.41,3166,1.56,1416
255,2021-01-13,89800,91200,89100,89700,36068848,-0.0099337748344371,37528,28.33,2.39,3166,1.58,1416
256,2021-01-14,88700,90000,88700,89700,26393970,0.0,37528,28.33,2.39,3166,1.58,1416
257,2021-01-15,89800,91800,88000,88000,33431809,-0.0189520624303233,37528,27.8,2.34,3166,1.61,1416
258,2021-01-18,86600,87300,84100,85000,43227951,-0.034090909090909,37528,26.85,2.26,3166,1.67,1416
259,2021-01-19,84500,88000,83600,87000,39895044,0.0235294117647058,37528,27.48,2.32,3166,1.63,1416
260,2021-01-20,89000,89000,86500,87200,25211127,0.0022988505747125,37528,27.54,2.32,3166,1.62,1416
261,2021-01-21,87500,88600,86500,88100,25318011,0.0103211009174311,37528,27.83,2.35,3166,1.61,1416
262,2021-01-22,89000,89700,86800,86800,30861661,-0.0147559591373439,37528,27.42,2.31,3166,1.63,1416
263,2021-01-25,87000,89900,86300,89400,27258534,0.0299539170506912,37528,28.24,2.38,3166,1.58,1416
264,2021-01-26,88800,89200,86500,86700,33178936,-0.0302013422818792,37528,27.38,2.31,3166,1.63,1416
265,2021-01-27,86600,87700,85600,85600,26423070,-0.0126874279123414,37528,27.04,2.28,3166,1.65,1416
266,2021-01-28,83200,85600,83200,83700,31859808,-0.0221962616822429,37528,26.44,2.23,3166,1.69,1416
267,2021-01-29,84500,85000,82000,82000,39615978,-0.020310633213859,37528,25.9,2.19,3166,1.73,1416
268,2021-02-01,81700,83400,81000,83000,28046832,0.0121951219512195,37528,26.22,2.21,3166,1.71,1416
269,2021-02-02,84100,86400,83700,84400,26302077,0.0168674698795181,37528,26.66,2.25,3166,1.68,1416
270,2021-02-03,84800,85400,83400,84600,22112205,0.0023696682464455,37528,26.72,2.25,3166,1.67,1416
271,2021-02-04,83500,83800,82100,82500,24171688,-0.0248226950354609,37528,26.06,2.2,3166,1.72,1416
272,2021-02-05,83100,84000,82500,83500,18036835,0.0121212121212122,37528,26.37,2.23,3166,1.7,1416
273,2021-02-08,83800,84200,83000,83000,15338765,-0.0059880239520958,37528,26.22,2.21,3166,1.71,1416
274,2021-02-09,84000,84800,82700,82700,20898332,-0.0036144578313253,37528,26.12,2.2,3166,1.71,1416
275,2021-02-10,82600,82600,81600,81600,23025766,-0.0133010882708585,37528,25.77,2.17,3166,1.74,1416
276,2021-02-15,83800,84500,83300,84200,23529706,0.0318627450980393,37528,26.6,2.24,3166,1.68,1416
277,2021-02-16,84500,86000,84200,84900,20483100,0.0083135391923989,37528,26.82,2.26,3166,1.67,1416
278,2021-02-17,83900,84200,83000,83200,18307735,-0.0200235571260306,37528,26.28,2.22,3166,1.7,1416
279,2021-02-18,83200,83600,82100,82100,21327683,-0.0132211538461538,37528,25.93,2.19,3166,1.72,1416
280,2021-02-19,82300,82800,81000,82600,25880879,0.0060901339829475,37528,26.09,2.2,3166,1.71,1416
281,2021-02-22,83800,84200,82200,82200,25419886,-0.0048426150121065,37528,25.96,2.19,3166,1.72,1416
282,2021-02-23,81200,82900,81100,82000,20587314,-0.0024330900243308,37528,25.9,2.19,3166,1.73,1416
283,2021-02-24,81800,83600,81300,82000,26807651,0.0,37528,25.9,2.19,3166,1.73,1416
284,2021-02-25,84000,85400,83000,85300,34155986,0.0402439024390244,37528,26.94,2.27,3166,1.66,1416
285,2021-02-26,82800,83400,82000,82500,38520800,-0.0328253223915592,37528,26.06,2.2,3166,1.72,1416
286,2021-03-02,85100,85300,83000,83600,33498180,0.0133333333333334,37528,26.41,2.23,3166,1.69,1416
287,2021-03-03,83500,84000,82800,84000,19882132,0.0047846889952152,37528,26.53,2.24,3166,1.69,1416
288,2021-03-04,82600,83200,82200,82400,24348331,-0.019047619047619,37528,26.03,2.2,3166,1.72,1416
289,2021-03-05,81100,82600,81100,82100,20508971,-0.0036407766990291,37528,25.93,2.19,3166,1.72,1416
290,2021-03-08,82900,83000,81600,82000,17641256,-0.0012180267965895,37528,25.9,2.19,3166,1.73,1416
291,2021-03-09,81400,81900,80600,81400,25420764,-0.0073170731707317,37528,25.71,2.17,3166,1.74,1416
292,2021-03-10,82400,82500,80700,80900,20038422,-0.0061425061425061,37528,25.55,2.16,3166,1.75,1416
293,2021-03-11,81000,82500,81000,82000,23818297,0.0135970333745365,37528,25.9,2.19,3166,1.73,1416
294,2021-03-12,83100,83500,82400,82800,13530573,0.0097560975609756,37528,26.15,2.21,3166,1.71,1416
295,2021-03-15,82800,82900,81800,81800,13735798,-0.0120772946859903,37528,25.84,2.18,3166,1.73,1416
296,2021-03-16,82200,83000,82100,82800,12293537,0.0122249388753055,37528,26.15,2.21,3166,1.71,1416
297,2021-03-17,82800,82900,82000,82300,11625146,-0.0060386473429951,37528,25.99,2.19,3166,1.72,1416
298,2021-03-18,82800,83800,82600,82900,18585244,0.0072904009720533,37528,26.18,2.21,3166,1.71,1416
299,2021-03-19,82100,82500,81800,81900,15869700,-0.0120627261761158,37528,25.87,2.18,3166,1.73,1416
300,2021-03-22,82000,82300,81700,82000,12670506,0.0012210012210012,37528,25.9,2.19,3166,1.73,1416
301,2021-03-23,82600,82900,81800,81800,13299907,-0.0024390243902439,37528,25.84,2.18,3166,1.73,1416
302,2021-03-24,81000,81600,80700,81000,17926638,-0.0097799511002445,37528,25.58,2.16,3166,1.75,1416
303,2021-03-25,81000,82100,80800,81200,14758826,0.0024691358024691,37528,25.65,2.16,3166,1.74,1416
304,2021-03-26,81400,81600,81000,81500,12845778,0.0036945812807882,37528,25.74,2.17,3166,1.74,1416
305,2021-03-29,81700,81700,81000,81600,14952134,0.0012269938650306,37528,25.77,2.17,3166,1.74,1416
306,2021-03-30,81600,82300,81300,82200,13121698,0.0073529411764705,37528,25.96,2.19,3166,1.72,1416
307,2021-03-31,82400,82700,81400,81400,17240518,-0.0097323600973235,37528,25.71,2.17,3166,1.74,1416
308,2021-04-01,82500,83000,82000,82900,18676461,0.0184275184275184,37528,26.18,2.21,3166,1.71,1416
309,2021-04-02,84000,85200,83900,84800,22997538,0.0229191797346199,37528,26.78,2.26,3166,1.67,1416
310,2021-04-05,85800,86000,84800,85400,16255990,0.0070754716981131,37528,26.97,2.28,3166,1.66,1416
311,2021-04-06,86200,86200,85100,86000,19042023,0.0070257611241217,37528,27.16,2.29,3166,1.65,1416
312,2021-04-07,86100,86200,85400,85600,17885538,-0.0046511627906976,37528,27.04,2.28,3166,1.65,1416
313,2021-04-08,85700,85700,84100,84700,19244259,-0.0105140186915887,37528,26.75,2.26,3166,1.67,1416
314,2021-04-09,84700,84900,83400,83600,18193707,-0.0129870129870129,37528,26.41,2.23,3166,1.69,1416
315,2021-04-12,84100,84100,83100,83200,12915282,-0.0047846889952153,37528,26.28,2.22,3166,1.7,1416
316,2021-04-13,83000,84500,82800,84000,15238206,0.0096153846153845,37528,26.53,2.24,3166,1.69,1416
317,2021-04-14,84000,84300,83400,84000,13794652,0.0,37528,26.53,2.24,3166,1.69,1416
318,2021-04-15,83700,84500,83400,84100,16377412,0.0011904761904761,37528,26.56,2.24,3166,1.68,1416
319,2021-04-16,84700,84700,83600,83900,15429522,-0.0023781212841854,37528,26.5,2.24,3166,1.69,1416
320,2021-04-19,83800,84000,83300,83300,15287311,-0.0071513706793802,37528,26.31,2.22,3166,1.7,1416
321,2021-04-20,83300,84000,83100,83900,15521965,0.0072028811524609,37528,26.5,2.24,3166,1.69,1416
322,2021-04-21,83300,83500,82500,82600,21636079,-0.0154946364719904,37528,26.09,2.2,3166,1.71,1416
323,2021-04-22,82900,83000,82400,82400,13934746,-0.0024213075060532,37528,26.03,2.2,3166,1.72,1416
324,2021-04-23,81900,82900,81600,82800,17805080,0.0048543689320388,37528,26.15,2.21,3166,1.71,1416
325,2021-04-26,82900,83500,82600,83500,15489938,0.0084541062801932,37528,26.37,2.23,3166,1.7,1416
326,2021-04-27,83200,83300,82500,82900,12941533,-0.0071856287425149,37528,26.18,2.21,3166,1.71,1416
327,2021-04-28,83200,83200,82100,82100,15596759,-0.0096501809408926,37528,25.93,2.19,3166,1.72,1416
328,2021-04-29,82400,82500,81500,81700,20000973,-0.0048721071863581,37528,25.81,2.18,3166,1.73,1416
329,2021-04-30,81900,82100,81500,81500,18673197,-0.0024479804161566,37528,25.74,2.17,3166,1.74,1416
330,2021-05-03,81000,82400,81000,81700,15710336,0.0024539877300613,39406,21.27,2.07,3841,3.66,2994
331,2021-05-04,81900,82600,81800,82600,12532550,0.0110159118727051,39406,21.5,2.1,3841,3.62,2994
332,2021-05-06,81700,82300,81700,82300,17047511,-0.0036319612590799,39406,21.43,2.09,3841,3.64,2994
333,2021-05-07,81800,82100,81500,81900,14154882,-0.0048602673147023,39406,21.32,2.08,3841,3.66,2994
334,2021-05-10,82300,83500,81800,83200,19385027,0.0158730158730158,39406,21.66,2.11,3841,3.6,2994
335,2021-05-11,82500,82600,81100,81200,28996680,-0.0240384615384615,39406,21.14,2.06,3841,3.69,2994
336,2021-05-12,80800,81200,79800,80000,35812268,-0.0147783251231526,39406,20.83,2.03,3841,3.74,2994
337,2021-05-13,78900,79600,78400,78500,31490096,-0.01875,39406,20.44,1.99,3841,3.81,2994
338,2021-05-14,79000,80300,78900,80100,16450920,0.0203821656050955,39406,20.85,2.03,3841,3.74,2994
339,2021-05-17,80800,80900,79200,79600,17740855,-0.0062421972534332,39406,20.72,2.02,3841,3.76,2994
340,2021-05-18,79600,80000,79100,79600,17494407,0.0,39406,20.72,2.02,3841,3.76,2994
341,2021-05-20,79400,79700,79100,79500,16541828,-0.0012562814070351,39406,20.7,2.02,3841,3.77,2994
342,2021-05-21,80100,81500,79800,80100,20961714,0.0075471698113207,39406,20.85,2.03,3841,3.74,2994
343,2021-05-24,80100,80400,79500,79700,13398666,-0.0049937578027465,39406,20.75,2.02,3841,3.76,2994
344,2021-05-25,80000,80400,79800,79900,13628942,0.002509410288582,39406,20.8,2.03,3841,3.75,2994
345,2021-05-26,80400,80500,79700,79800,11984359,-0.0012515644555695,39406,20.78,2.03,3841,3.75,2994
346,2021-05-27,80000,80000,79100,79600,23198510,-0.0025062656641604,39406,20.72,2.02,3841,3.76,2994
347,2021-05-28,79800,80400,79400,80100,12360199,0.0062814070351759,39406,20.85,2.03,3841,3.74,2994
348,2021-05-31,80300,80600,79600,80500,13321324,0.0049937578027465,39406,20.96,2.04,3841,3.72,2994
349,2021-06-01,80500,81300,80100,80600,14058401,0.0012422360248447,39406,20.98,2.05,3841,3.71,2994
350,2021-06-02,80400,81400,80300,80800,16414644,0.0024813895781636,39406,21.04,2.05,3841,3.71,2994
351,2021-06-03,81300,83000,81100,82800,29546007,0.0247524752475247,39406,21.56,2.1,3841,3.62,2994
352,2021-06-04,82700,82700,81500,82200,18112259,-0.0072463768115942,39406,21.4,2.09,3841,3.64,2994
353,2021-06-07,82700,82800,81600,81900,16496197,-0.0036496350364964,39406,21.32,2.08,3841,3.66,2994
354,2021-06-08,82300,82600,81800,81900,12781226,0.0,39406,21.32,2.08,3841,3.66,2994
355,2021-06-09,81500,82000,81100,81100,14908823,-0.0097680097680097,39406,21.11,2.06,3841,3.69,2994
356,2021-06-10,81300,81400,80900,81000,17586995,-0.001233045622688,39406,21.09,2.06,3841,3.7,2994
357,2021-06-11,81200,81700,80700,81000,14087962,0.0,39406,21.09,2.06,3841,3.7,2994
358,2021-06-14,80800,80900,80500,80500,10550078,-0.0061728395061728,39406,20.96,2.04,3841,3.72,2994
359,2021-06-15,80900,81200,80600,80900,10075685,0.0049689440993789,39406,21.06,2.05,3841,3.7,2994
360,2021-06-16,81500,81900,81100,81800,14999855,0.011124845488257,39406,21.3,2.08,3841,3.66,2994
361,2021-06-17,81100,81300,80700,80900,14007385,-0.011002444987775,39406,21.06,2.05,3841,3.7,2994
362,2021-06-18,81100,81100,80500,80500,14916721,-0.0049443757725586,39406,20.96,2.04,3841,3.72,2994
363,2021-06-21,79700,80000,79600,79900,16063340,-0.0074534161490683,39406,20.8,2.03,3841,3.75,2994
364,2021-06-22,80200,80300,79900,80000,11773365,0.0012515644555695,39406,20.83,2.03,3841,3.74,2994
365,2021-06-23,80500,80600,79900,80100,13856548,0.0012499999999999,39406,20.85,2.03,3841,3.74,2994
366,2021-06-24,80400,81400,80100,81200,18771080,0.013732833957553,39406,21.14,2.06,3841,3.69,2994
367,2021-06-25,81500,81900,81200,81600,13481405,0.0049261083743843,39406,21.24,2.07,3841,3.67,2994
368,2021-06-28,81700,82000,81600,81900,11578529,0.0036764705882352,39406,21.32,2.08,3841,3.66,2994
369,2021-06-29,81900,82100,80800,81000,15744317,-0.0109890109890109,39406,21.09,2.06,3841,3.7,2994
370,2021-06-30,81100,81400,80700,80700,13288643,-0.0037037037037036,39406,21.01,2.05,3841,3.71,2994
371,2021-07-01,80500,80600,80000,80100,13382882,-0.0074349442379182,39406,20.85,2.03,3841,3.74,2994
372,2021-07-02,80000,80400,79900,80000,8753097,-0.0012484394506866,39406,20.83,2.03,3841,3.74,2994
373,2021-07-05,80100,80800,80000,80400,8330969,0.0049999999999998,39406,20.93,2.04,3841,3.72,2994
374,2021-07-06,80600,81200,80500,81200,12131651,0.0099502487562188,39406,21.14,2.06,3841,3.69,2994
375,2021-07-07,81200,81300,80300,80800,15992202,-0.0049261083743842,39406,21.04,2.05,3841,3.71,2994
376,2021-07-08,81100,81200,79900,79900,16660998,-0.0111386138613861,39406,20.8,2.03,3841,3.75,2994
377,2021-07-09,79600,79800,79000,79400,22720577,-0.0062578222778473,39406,20.67,2.01,3841,3.77,2994
378,2021-07-12,79900,80000,79500,79700,9768108,0.0037783375314861,39406,20.75,2.02,3841,3.76,2994
379,2021-07-13,80000,80200,79800,79800,9863450,0.001254705144291,39406,20.78,2.03,3841,3.75,2994
380,2021-07-14,79400,79600,79100,79500,11575636,-0.0037593984962406,39406,20.7,2.02,3841,3.77,2994
381,2021-07-15,79800,80600,79500,80600,13766279,0.0138364779874213,39406,20.98,2.05,3841,3.71,2994
382,2021-07-16,80100,80100,79500,79800,10859399,-0.009925558312655,39406,20.78,2.03,3841,3.75,2994
383,2021-07-19,79100,79200,78800,79000,13155414,-0.0100250626566416,39406,20.57,2.0,3841,3.79,2994
384,2021-07-20,78500,79000,78400,79000,12456646,0.0,39406,20.57,2.0,3841,3.79,2994
385,2021-07-21,79000,79100,78500,78500,12355296,-0.0063291139240506,39406,20.44,1.99,3841,3.81,2994
386,2021-07-22,79000,79800,78900,79700,12618790,0.0152866242038216,39406,20.75,2.02,3841,3.76,2994
387,2021-07-23,79700,79900,79200,79300,9098910,-0.0050188205771644,39406,20.65,2.01,3841,3.78,2994
388,2021-07-26,79400,79500,78800,78800,10040975,-0.0063051702395964,39406,20.52,2.0,3841,3.8,2994
389,2021-07-27,79200,79400,78500,78500,11427693,-0.0038071065989847,39406,20.44,1.99,3841,3.81,2994
390,2021-07-28,78300,79200,78100,79200,12743417,0.0089171974522292,39406,20.62,2.01,3841,3.78,2994
391,2021-07-29,78800,79400,78800,79000,14360453,-0.0025252525252524,39406,20.57,2.0,3841,3.79,2994
392,2021-07-30,78900,78900,78500,78500,13823411,-0.0063291139240506,39406,20.44,1.99,3841,3.81,2994
393,2021-08-02,79200,79500,78700,79300,11739124,0.0101910828025477,39406,20.65,2.01,3841,3.78,2994
394,2021-08-03,79400,81400,79300,81400,24339360,0.0264817150063052,39406,21.19,2.07,3841,3.68,2994
395,2021-08-04,82200,83100,81800,82900,25642368,0.0184275184275184,39406,21.58,2.1,3841,3.61,2994
396,2021-08-05,83300,83300,82000,82100,18485469,-0.0096501809408926,39406,21.37,2.08,3841,3.65,2994
397,2021-08-06,81900,82500,81300,81500,13342623,-0.0073081607795371,39406,21.22,2.07,3841,3.67,2994
398,2021-08-09,81500,82300,80900,81500,15522581,0.0,39406,21.22,2.07,3841,3.67,2994
399,2021-08-10,82300,82400,80100,80200,20362639,-0.0159509202453987,39406,20.88,2.04,3841,3.73,2994
400,2021-08-11,79600,79800,78500,78500,30241137,-0.0211970074812967,39406,20.44,1.99,3841,3.81,2994
401,2021-08-12,77100,78200,76900,77000,42365223,-0.019108280254777,39406,20.05,1.95,3841,3.89,2994
402,2021-08-13,75800,76000,74100,74400,61270643,-0.0337662337662337,39406,19.37,1.89,3841,4.02,2994
403,2021-08-17,74000,75100,74000,74200,30944847,-0.0026881720430107,39406,19.32,1.88,3841,4.04,2994
404,2021-08-18,73900,74600,73100,73900,29192631,-0.0040431266846361,39406,19.24,1.88,3841,4.05,2994
405,2021-08-19,73500,74400,73100,73100,22166298,-0.0108254397834911,39406,19.03,1.86,3841,4.1,2994
406,2021-08-20,73500,73900,72500,72700,22364803,-0.0054719562243502,39406,18.93,1.84,3841,4.12,2994
407,2021-08-23,73300,74000,73000,73300,19384648,0.0082530949105914,39406,19.08,1.86,3841,4.08,2994
408,2021-08-24,73900,75700,73900,75600,21016913,0.0313778990450204,39406,19.68,1.92,3841,3.96,2994
409,2021-08-25,76200,76600,74900,75700,22319664,0.0013227513227513,39406,19.71,1.92,3841,3.96,2994
410,2021-08-26,76100,76200,74600,74600,16671494,-0.0145310435931307,39406,19.42,1.89,3841,4.01,2994
411,2021-08-27,74300,75000,73800,74300,15172748,-0.0040214477211796,39406,19.34,1.89,3841,4.03,2994
412,2021-08-30,75400,75500,74200,74600,12686999,0.0040376850605652,39406,19.42,1.89,3841,4.01,2994
413,2021-08-31,74900,76700,74300,76700,24630370,0.0281501340482572,39406,19.97,1.95,3841,3.9,2994
414,2021-09-01,76700,77100,75900,76800,16114775,0.0013037809647979,39406,19.99,1.95,3841,3.9,2994
415,2021-09-02,76800,76800,75700,76000,15347486,-0.0104166666666666,39406,19.79,1.93,3841,3.94,2994
416,2021-09-03,76400,76700,76000,76600,12096419,0.0078947368421051,39406,19.94,1.94,3841,3.91,2994
417,2021-09-06,76800,77600,76600,77300,12861180,0.0091383812010443,39406,20.12,1.96,3841,3.87,2994
418,2021-09-07,77100,77100,75900,76100,13239401,-0.0155239327296248,39406,19.81,1.93,3841,3.93,2994
419,2021-09-08,76000,76400,75600,76300,11798147,0.002628120893561,39406,19.86,1.94,3841,3.92,2994
420,2021-09-09,76400,76600,75000,75300,17600770,-0.0131061598951507,39406,19.6,1.91,3841,3.98,2994
421,2021-09-10,75300,75600,74800,75300,10103212,0.0,39406,19.6,1.91,3841,3.98,2994
422,2021-09-13,75200,76300,75100,76300,11397775,0.0132802124833997,39406,19.86,1.94,3841,3.92,2994
423,2021-09-14,77100,77700,76600,76600,18167057,0.0039318479685452,39406,19.94,1.94,3841,3.91,2994
424,2021-09-15,77400,77400,76400,77000,12829128,0.0052219321148825,39406,20.05,1.95,3841,3.89,2994
425,2021-09-16,77300,77400,76100,76100,13067622,-0.0116883116883116,39406,19.81,1.93,3841,3.93,2994
426,2021-09-17,76300,77200,75900,77200,16289502,0.014454664914586,39406,20.1,1.96,3841,3.88,2994
427,2021-09-23,77500,77600,76800,77400,17055590,0.0025906735751295,39406,20.15,1.96,3841,3.87,2994
428,2021-09-24,77600,77700,77100,77300,12247274,-0.0012919896640827,39406,20.12,1.96,3841,3.87,2994
429,2021-09-27,77300,77700,77000,77700,11699798,0.0051746442432083,39406,20.23,1.97,3841,3.85,2994
430,2021-09-28,77700,77800,76200,76300,15406382,-0.018018018018018,39406,19.86,1.94,3841,3.92,2994
431,2021-09-29,74800,75300,73800,74100,23992458,-0.0288335517693315,39406,19.29,1.88,3841,4.04,2994
432,2021-09-30,74300,74800,73700,74100,19919361,0.0,39406,19.29,1.88,3841,4.04,2994
433,2021-10-01,73900,74000,72900,73200,15803395,-0.0121457489878542,39406,19.06,1.86,3841,4.09,2994
434,2021-10-05,73000,73000,71400,72200,24013921,-0.0136612021857923,39406,18.8,1.83,3841,4.15,2994
435,2021-10-06,72600,72800,71200,71300,18956962,-0.0124653739612188,39406,18.56,1.81,3841,4.2,2994
436,2021-10-07,71600,72100,71300,71600,13683532,0.0042075736325386,39406,18.64,1.82,3841,4.18,2994
437,2021-10-08,72300,72400,71500,71500,14043287,-0.0013966480446927,39406,18.61,1.81,3841,4.19,2994
438,2021-10-12,70700,70900,68700,69000,31001484,-0.034965034965035,39406,17.96,1.75,3841,4.34,2994
439,2021-10-13,68700,69600,68300,68800,24172015,-0.0028985507246376,39406,17.91,1.75,3841,4.35,2994
440,2021-10-14,69000,69800,68800,69400,19520641,0.0087209302325581,39406,18.07,1.76,3841,4.31,2994
441,2021-10-15,70200,71000,70000,70100,18051612,0.0100864553314121,39406,18.25,1.78,3841,4.27,2994
442,2021-10-18,70200,70300,69200,70200,13486391,0.0014265335235377,39406,18.28,1.78,3841,4.26,2994
443,2021-10-19,70800,71000,70400,70600,9507991,0.0056980056980056,39406,18.38,1.79,3841,4.24,2994
444,2021-10-20,70700,71000,70200,70300,10151638,-0.0042492917847025,39406,18.3,1.78,3841,4.26,2994
445,2021-10-21,70300,70600,70000,70200,10891094,-0.0014224751066855,39406,18.28,1.78,3841,4.26,2994
446,2021-10-22,70000,70700,70000,70400,8395448,0.0028490028490029,39406,18.33,1.79,3841,4.25,2994
447,2021-10-25,69900,70600,69500,70200,10029621,-0.002840909090909,39406,18.28,1.78,3841,4.26,2994
448,2021-10-26,70600,71500,70400,71100,10528252,0.0128205128205127,39406,18.51,1.8,3841,4.21,2994
449,2021-10-27,71000,71000,70000,70100,10295316,-0.0140646976090014,39406,18.25,1.78,3841,4.27,2994
450,2021-10-28,69500,72200,69500,70700,20644902,0.0085592011412267,39406,18.41,1.79,3841,4.23,2994
451,2021-10-29,71200,71600,69700,69800,17016151,-0.0127298444130127,39406,18.17,1.77,3841,4.29,2994
452,2021-11-01,70200,70600,69900,69900,11503729,0.001432664756447,39406,18.2,1.77,3841,4.28,2994
453,2021-11-02,70800,72200,70700,71500,16812570,0.0228898426323318,39406,18.61,1.81,3841,4.19,2994
454,2021-11-03,71700,71700,70100,70400,12770428,-0.0153846153846153,39406,18.33,1.79,3841,4.25,2994
455,2021-11-04,71200,71600,70500,70600,11818987,0.0028409090909091,39406,18.38,1.79,3841,4.24,2994
456,2021-11-05,71600,71600,70200,70200,12667743,-0.0056657223796033,39406,18.28,1.78,3841,4.26,2994
457,2021-11-08,70400,70600,69800,70600,11121981,0.0056980056980056,39406,18.38,1.79,3841,4.24,2994
458,2021-11-09,70300,71000,70100,70500,11159589,-0.0014164305949008,39406,18.35,1.79,3841,4.25,2994
459,2021-11-10,70300,70900,70200,70200,9422009,-0.0042553191489361,39406,18.28,1.78,3841,4.26,2994
460,2021-11-11,69900,70000,69600,69900,11489122,-0.0042735042735042,39406,18.2,1.77,3841,4.28,2994
461,2021-11-12,70200,70900,69900,70600,10087450,0.0100143061516451,39406,18.38,1.79,3841,4.24,2994
462,2021-11-15,71700,71900,70900,71400,12420710,0.0113314447592067,39406,18.59,1.81,3841,4.19,2994
463,2021-11-16,71500,72000,71300,71300,10919239,-0.0014005602240896,39406,18.56,1.81,3841,4.2,2994
464,2021-11-17,71300,71600,70600,70700,11027606,-0.0084151472650771,39406,18.41,1.79,3841,4.23,2994
465,2021-11-18,70700,71000,70200,70200,10144957,-0.007072135785007,39406,18.28,1.78,3841,4.26,2994
466,2021-11-19,70400,71400,70100,71200,11954728,0.0142450142450143,39406,18.54,1.81,3841,4.21,2994
467,2021-11-22,73300,75200,73000,74900,27506623,0.0519662921348313,39406,19.5,1.9,3841,4.0,2994
468,2021-11-23,76000,76000,74500,75300,22029195,0.0053404539385848,39406,19.6,1.91,3841,3.98,2994
469,2021-11-24,76000,76200,74100,74800,15652305,-0.0066401062416998,39406,19.47,1.9,3841,4.0,2994
470,2021-11-25,75100,75100,73600,73700,12559258,-0.0147058823529411,39406,19.19,1.87,3841,4.06,2994
471,2021-11-26,73500,74100,72000,72300,13002242,-0.0189959294436906,39406,18.82,1.83,3841,4.14,2994
472,2021-11-29,71700,73000,71400,72300,16682559,0.0,39406,18.82,1.83,3841,4.14,2994
473,2021-11-30,73200,73900,70500,71300,30364841,-0.0138312586445366,39406,18.56,1.81,3841,4.2,2994
474,2021-12-01,72000,74800,71600,74400,21954856,0.0434782608695651,39406,19.37,1.89,3841,4.02,2994
475,2021-12-02,73900,75800,73800,75800,23652940,0.0188172043010752,39406,19.73,1.92,3841,3.95,2994
476,2021-12-03,75600,76000,74100,75600,18330240,-0.0026385224274406,39406,19.68,1.92,3841,3.96,2994
477,2021-12-06,75100,76700,74900,76300,16391250,0.0092592592592593,39406,19.86,1.94,3841,3.92,2994
478,2021-12-07,76100,77700,75600,77400,19232453,0.0144167758846658,39406,20.15,1.96,3841,3.87,2994
479,2021-12-08,78300,78600,77100,77400,21558340,0.0,39406,20.15,1.96,3841,3.87,2994
480,2021-12-09,77400,78200,77000,78200,21604528,0.0103359173126615,39406,20.36,1.98,3841,3.83,2994
481,2021-12-10,77400,77600,76800,76900,9155219,-0.0166240409207161,39406,20.02,1.95,3841,3.89,2994
482,2021-12-13,77200,78300,76500,76800,15038750,-0.001300390117035,39406,19.99,1.95,3841,3.9,2994
483,2021-12-14,76500,77200,76200,77000,10976660,0.0026041666666667,39406,20.05,1.95,3841,3.89,2994
484,2021-12-15,76400,77600,76300,77600,9584939,0.0077922077922076,39406,20.2,1.97,3841,3.86,2994
485,2021-12-16,78500,78500,77400,77800,11996128,0.0025773195876288,39406,20.26,1.97,3841,3.85,2994
486,2021-12-17,76800,78000,76800,78000,13108479,0.0025706940874035,39406,20.31,1.98,3841,3.84,2994
487,2021-12-20,77600,77800,76800,77100,11264375,-0.0115384615384614,39406,20.07,1.96,3841,3.88,2994
488,2021-12-21,77900,78300,77500,78100,14245298,0.0129701686121919,39406,20.33,1.98,3841,3.83,2994
489,2021-12-22,78900,79400,78800,79400,17105892,0.0166453265044814,39406,20.67,2.01,3841,3.77,2994
490,2021-12-23,79800,80000,79300,79900,13577498,0.0062972292191436,39406,20.8,2.03,3841,3.75,2994
491,2021-12-24,80200,80800,80200,80500,12086380,0.0075093867334168,39406,20.96,2.04,3841,3.72,2994
492,2021-12-27,80600,80600,79800,80200,10783368,-0.0037267080745341,39406,20.88,2.04,3841,3.73,2994
493,2021-12-28,80200,80400,79700,80300,18226325,0.0012468827930174,39406,20.91,2.04,3841,3.73,2994
494,2021-12-29,80200,80200,78500,78800,19794795,-0.0186799501867994,39406,20.52,2.0,3841,3.8,2994
495,2021-12-30,78900,79500,78100,78300,14236700,-0.0063451776649746,39406,20.39,1.99,3841,3.82,2994
496,2022-01-03,79400,79800,78200,78600,13502112,0.0038314176245211,39406,20.46,1.99,3841,3.81,2994
497,2022-01-04,78800,79200,78300,78700,12427416,0.0012722646310432,39406,20.49,2.0,3841,3.8,2994
498,2022-01-05,78800,79000,76400,77400,25470640,-0.0165184243964421,39406,20.15,1.96,3841,3.87,2994
499,2022-01-06,76700,77600,76600,76900,12931954,-0.0064599483204134,39406,20.02,1.95,3841,3.89,2994
500,2022-01-07,78100,78400,77400,78300,15163757,0.0182054616384914,39406,20.39,1.99,3841,3.82,2994
501,2022-01-10,78100,78100,77100,78000,9947422,-0.0038314176245211,39406,20.31,1.98,3841,3.84,2994
502,2022-01-11,78400,79000,78000,78900,13221123,0.0115384615384614,39406,20.54,2.0,3841,3.79,2994
503,2022-01-12,79500,79600,78600,78900,11000502,0.0,39406,20.54,2.0,3841,3.79,2994
504,2022-01-13,79300,79300,77900,77900,13889401,-0.0126742712294043,39406,20.28,1.98,3841,3.84,2994
505,2022-01-14,77700,78100,77100,77300,10096725,-0.0077021822849807,39406,20.12,1.96,3841,3.87,2994
506,2022-01-17,77600,77800,76900,77500,8785122,0.0025873221216041,39406,20.18,1.97,3841,3.86,2994
507,2022-01-18,77600,77800,76600,77000,9592788,-0.0064516129032258,39406,20.05,1.95,3841,3.89,2994
508,2022-01-19,76500,76900,76100,76300,10598290,-0.009090909090909,39406,19.86,1.94,3841,3.92,2994
509,2022-01-20,76200,76700,75900,76500,9708168,0.0026212319790301,39406,19.92,1.94,3841,3.91,2994
510,2022-01-21,75800,75800,74700,75600,15774888,-0.0117647058823529,39406,19.68,1.92,3841,3.96,2994
511,2022-01-24,75400,75800,74700,75100,13691134,-0.0066137566137566,39406,19.55,1.91,3841,3.99,2994
512,2022-01-25,74800,75000,73200,74000,17766704,-0.014647137150466,39406,19.27,1.88,3841,4.05,2994
513,2022-01-26,73900,74400,73100,73300,12976730,-0.0094594594594594,39406,19.08,1.86,3841,4.08,2994
514,2022-01-27,73800,74000,71300,71300,22274777,-0.0272851296043655,39406,18.56,1.81,3841,4.2,2994
515,2022-01-28,71300,73700,71200,73300,21367447,0.0280504908835905,39406,19.08,1.86,3841,4.08,2994
516,2022-02-03,74900,74900,73300,73300,17744721,0.0,39406,19.08,1.86,3841,4.08,2994
517,2022-02-04,74300,74600,73400,74000,12730034,0.009549795361528,39406,19.27,1.88,3841,4.05,2994
518,2022-02-07,73500,73600,72400,73000,14240838,-0.0135135135135134,39406,19.01,1.85,3841,4.1,2994
519,2022-02-08,73800,74200,73000,73500,11736666,0.0068493150684931,39406,19.14,1.87,3841,4.07,2994
520,2022-02-09,74300,74700,74000,74700,9699122,0.0163265306122448,39406,19.45,1.9,3841,4.01,2994
521,2022-02-10,75600,75800,74700,75400,17746033,0.0093708165997321,39406,19.63,1.91,3841,3.97,2994
522,2022-02-11,75000,75500,74600,74900,12205407,-0.0066312997347479,39406,19.5,1.9,3841,4.0,2994
523,2022-02-14,74400,74500,73100,73700,13993255,-0.0160213618157543,39406,19.19,1.87,3841,4.06,2994
524,2022-02-15,74100,74200,73100,73700,9320365,0.0,39406,19.19,1.87,3841,4.06,2994
525,2022-02-16,74600,74900,74200,74800,10767386,0.0149253731343284,39406,19.47,1.9,3841,4.0,2994
526,2022-02-17,75000,75600,74500,75000,13605382,0.0026737967914438,39406,19.53,1.9,3841,3.99,2994
527,2022-02-18,74600,74800,73700,74300,10122226,-0.0093333333333333,39406,19.34,1.89,3841,4.03,2994
528,2022-02-21,73200,74300,72600,74200,10489717,-0.0013458950201884,39406,19.32,1.88,3841,4.04,2994
529,2022-02-22,73000,73400,72800,73400,11692469,-0.0107816711590296,39406,19.11,1.86,3841,4.08,2994
530,2022-02-23,73800,73800,72800,73000,10397964,-0.0054495912806539,39406,19.01,1.85,3841,4.1,2994
531,2022-02-24,72300,72300,71300,71500,15759283,-0.0205479452054794,39406,18.61,1.81,3841,4.19,2994
532,2022-02-25,72100,72600,71900,71900,13168484,0.0055944055944054,39406,18.72,1.82,3841,4.16,2994
533,2022-02-28,71100,72100,71000,72100,17781783,0.0027816411682892,39406,18.77,1.83,3841,4.15,2994
534,2022-03-02,72300,72400,71500,71700,12481430,-0.0055478502080443,39406,18.67,1.82,3841,4.18,2994
535,2022-03-03,72300,73100,72200,72900,13232638,0.0167364016736402,39406,18.98,1.85,3841,4.11,2994
536,2022-03-04,72700,72700,71200,71500,13409634,-0.0192043895747598,39406,18.61,1.81,3841,4.19,2994
537,2022-03-07,70000,70600,69900,70100,18617138,-0.0195804195804195,39406,18.25,1.78,3841,4.27,2994
538,2022-03-08,68800,70000,68700,69500,15828269,-0.0085592011412267,39406,18.09,1.76,3841,4.31,2994
539,2022-03-10,70800,71200,70500,71200,21159248,0.0244604316546761,39406,18.54,1.81,3841,4.21,2994
540,2022-03-11,70500,70700,69700,70000,15787655,-0.0168539325842697,39406,18.22,1.78,3841,4.28,2994
541,2022-03-14,70000,70200,69600,70200,9040993,0.0028571428571428,39406,18.28,1.78,3841,4.26,2994
542,2022-03-15,69800,70100,69500,69500,10258562,-0.0099715099715099,39406,18.09,1.76,3841,4.31,2994
543,2022-03-16,70200,70500,69700,70400,10175750,0.0129496402877697,39406,18.33,1.79,3841,4.25,2994
544,2022-03-17,71200,71800,70900,71200,17646315,0.0113636363636364,39406,18.54,1.81,3841,4.21,2994
545,2022-03-18,70600,70900,70200,70700,14410038,-0.0070224719101124,39406,18.41,1.79,3841,4.23,2994
546,2022-03-21,70900,71000,69900,69900,11169002,-0.0113154172560112,39406,18.2,1.77,3841,4.28,2994
547,2022-03-22,69900,70500,69900,70300,9402666,0.005722460658083,39406,18.3,1.78,3841,4.26,2994
548,2022-03-23,70600,71200,70300,70500,12398025,0.0028449502133711,39406,18.35,1.79,3841,4.25,2994
549,2022-03-24,69600,70300,69600,69800,37943357,-0.0099290780141844,39406,18.17,1.77,3841,4.29,2994
550,2022-03-25,70100,70200,69600,69800,12986010,0.0,39406,18.17,1.77,3841,4.29,2994
551,2022-03-28,69500,69900,69200,69700,12619289,-0.0014326647564469,39406,18.15,1.77,3841,4.3,2994
552,2022-03-29,70000,70300,69800,70200,13686208,0.007173601147776,39406,18.28,1.78,3841,4.26,2994
553,2022-03-30,70300,70500,69800,69900,12670187,-0.0042735042735042,39406,18.2,1.77,3841,4.28,2994
554,2022-03-31,69900,70200,69600,69600,12510366,-0.0042918454935622,39406,18.12,1.77,3841,4.3,2994
555,2022-04-01,69500,69500,69000,69100,15916846,-0.007183908045977,39406,17.99,1.75,3841,4.33,2994
556,2022-04-04,68900,69300,68600,69300,11107905,0.0028943560057888,39406,18.04,1.76,3841,4.32,2994
557,2022-04-05,69400,69600,69100,69200,8467248,-0.0014430014430014,39406,18.02,1.76,3841,4.33,2994
558,2022-04-06,68600,68800,68500,68500,15517308,-0.0101156069364162,39406,17.83,1.74,3841,4.37,2994
559,2022-04-07,68500,68500,68000,68000,20683327,-0.0072992700729926,39406,17.7,1.73,3841,4.4,2994
560,2022-04-08,68100,68300,67700,67800,15453191,-0.0029411764705882,39406,17.65,1.72,3841,4.42,2994
561,2022-04-11,67800,68100,67400,67900,12263735,0.0014749262536872,39406,17.68,1.72,3841,4.41,2994
562,2022-04-12,67600,67700,67000,67000,13924389,-0.0132547864506626,39406,17.44,1.7,3841,4.47,2994
563,2022-04-13,67300,69000,67200,68700,17378619,0.0253731343283583,39406,17.89,1.74,3841,4.36,2994
564,2022-04-14,68700,68700,67500,67500,16409494,-0.0174672489082969,39406,17.57,1.71,3841,4.44,2994
565,2022-04-15,67200,67300,66500,66600,13176415,-0.0133333333333333,39406,17.34,1.69,3841,4.5,2994
566,2022-04-18,66500,67100,66100,66700,10119203,0.0015015015015014,39406,17.37,1.69,3841,4.49,2994
567,2022-04-19,67100,68000,67000,67300,12959434,0.0089955022488754,39406,17.52,1.71,3841,4.45,2994
568,2022-04-20,67000,67400,66500,67400,16693293,0.0014858841010401,39406,17.55,1.71,3841,4.44,2994
569,2022-04-21,67600,68300,67500,67700,12847448,0.0044510385756677,39406,17.63,1.72,3841,4.42,2994
570,2022-04-22,67200,67300,66700,67000,11791478,-0.0103397341211225,39406,17.44,1.7,3841,4.47,2994
571,2022-04-25,66500,66700,66300,66300,11016474,-0.0104477611940299,39406,17.26,1.68,3841,4.52,2994
572,2022-04-26,66400,66700,66100,66100,12946923,-0.0030165912518853,39406,17.21,1.68,3841,4.53,2994
573,2022-04-27,65400,65500,64900,65000,18122084,-0.0166414523449319,39406,16.92,1.65,3841,4.61,2994
574,2022-04-28,65400,65500,64500,64800,16895527,-0.003076923076923,39406,16.87,1.64,3841,4.62,2994
575,2022-04-29,65100,67600,65000,67400,26190390,0.0401234567901234,39406,17.55,1.71,3841,4.44,2994
576,2022-05-02,66600,67600,66500,67300,14106184,-0.0014836795252225,43611,11.65,1.54,5777,2.15,1444
577,2022-05-03,67400,68400,67300,67500,14168875,0.0029717682020802,43611,11.68,1.55,5777,2.14,1444
578,2022-05-04,68000,68400,67500,67900,11505248,0.0059259259259258,43611,11.75,1.56,5777,2.13,1444
579,2022-05-06,67000,67100,66500,66500,14356156,-0.0206185567010309,43611,11.51,1.52,5777,2.17,1444
580,2022-05-09,66300,66900,66100,66100,11858736,-0.0060150375939849,43611,11.44,1.52,5777,2.18,1444
581,2022-05-10,65900,66300,65300,65700,17235605,-0.0060514372163388,43611,11.37,1.51,5777,2.2,1444
582,2022-05-11,65500,66300,65200,65700,12330920,0.0,43611,11.37,1.51,5777,2.2,1444
583,2022-05-12,65200,65500,64900,64900,16414188,-0.0121765601217656,43611,11.23,1.49,5777,2.22,1444
584,2022-05-13,65300,66700,65200,66500,14551536,0.0246533127889059,43611,11.51,1.52,5777,2.17,1444
585,2022-05-16,67100,67400,66100,66300,11937555,-0.0030075187969924,43611,11.48,1.52,5777,2.18,1444
586,2022-05-17,66600,67900,66600,67600,15680447,0.0196078431372548,43611,11.7,1.55,5777,2.14,1444
587,2022-05-18,68300,68700,67600,68100,16486319,0.0073964497041421,43611,11.79,1.56,5777,2.12,1444
588,2022-05-19,66500,67600,66500,67500,17073727,-0.0088105726872246,43611,11.68,1.55,5777,2.14,1444
589,2022-05-20,67800,68400,67700,68000,12109671,0.0074074074074073,43611,11.77,1.56,5777,2.12,1444
590,2022-05-23,68800,68800,67600,67900,13684088,-0.0014705882352941,43611,11.75,1.56,5777,2.13,1444
591,2022-05-24,67500,67700,66500,66500,15482576,-0.0206185567010309,43611,11.51,1.52,5777,2.17,1444
592,2022-05-25,66700,67100,65900,66400,15150490,-0.0015037593984962,43611,11.49,1.52,5777,2.17,1444
593,2022-05-26,66300,67200,65500,65900,15970890,-0.0075301204819276,43611,11.41,1.51,5777,2.19,1444
594,2022-05-27,66700,66900,66200,66500,11405555,0.0091047040971168,43611,11.51,1.52,5777,2.17,1444
595,2022-05-30,67500,67800,66900,67700,14255484,0.0180451127819549,43611,11.72,1.55,5777,2.13,1444
596,2022-05-31,67500,67500,66700,67400,24365002,-0.0044313146233382,43611,11.67,1.55,5777,2.14,1444
597,2022-06-02,66600,67000,66400,66700,14959443,-0.0103857566765578,43611,11.55,1.53,5777,2.16,1444
598,2022-06-03,67200,67300,66800,66800,8222883,0.0014992503748125,43611,11.56,1.53,5777,2.16,1444
599,2022-06-07,66200,66400,65400,65500,19355755,-0.0194610778443113,43611,11.34,1.5,5777,2.2,1444
600,2022-06-08,65400,65700,65300,65300,12483180,-0.0030534351145038,43611,11.3,1.5,5777,2.21,1444
601,2022-06-09,65100,65200,64500,65200,25790725,-0.001531393568147,43611,11.29,1.5,5777,2.21,1444
602,2022-06-10,64000,64400,63800,63800,22193552,-0.0214723926380367,43611,11.04,1.46,5777,2.26,1444
603,2022-06-13,62400,62800,62100,62100,22157816,-0.0266457680250783,43611,10.75,1.42,5777,2.33,1444
604,2022-06-14,61200,62200,61100,61900,24606419,-0.0032206119162641,43611,10.71,1.42,5777,2.33,1444
605,2022-06-15,61300,61500,60200,60700,26811224,-0.0193861066235864,43611,10.51,1.39,5777,2.38,1444
606,2022-06-16,61300,61800,60500,60900,23394895,0.0032948929159801,43611,10.54,1.4,5777,2.37,1444
607,2022-06-17,59400,59900,59400,59800,29053450,-0.0180623973727421,43611,10.35,1.37,5777,2.41,1444
608,2022-06-20,59800,59900,58100,58700,34111306,-0.0183946488294314,43611,10.16,1.35,5777,2.46,1444
609,2022-06-21,58700,59200,58200,58500,25148109,-0.0034071550255536,43611,10.13,1.34,5777,2.47,1444
610,2022-06-22,59000,59100,57600,57600,23334687,-0.0153846153846153,43611,9.97,1.32,5777,2.51,1444
611,2022-06-23,57700,58000,56800,57400,28338608,-0.0034722222222222,43611,9.94,1.32,5777,2.52,1444
612,2022-06-24,57900,59100,57700,58400,23256103,0.0174216027874565,43611,10.11,1.34,5777,2.47,1444
613,2022-06-27,59000,59900,58300,58800,18122236,0.0068493150684931,43611,10.18,1.35,5777,2.46,1444
614,2022-06-28,59200,59500,58700,59400,13540538,0.0102040816326529,43611,10.28,1.36,5777,2.43,1444
615,2022-06-29,58500,58800,58000,58000,14677138,-0.0235690235690235,43611,10.04,1.33,5777,2.49,1444
616,2022-06-30,57200,57600,57000,57000,18915142,-0.0172413793103448,43611,9.87,1.31,5777,2.53,1444
617,2022-07-01,56900,57500,55900,56200,24982097,-0.0140350877192982,43611,9.73,1.29,5777,2.57,1444
618,2022-07-04,56100,57400,55700,57100,17807126,0.0160142348754448,43611,9.88,1.31,5777,2.53,1444
619,2022-07-05,57600,58200,57200,57200,14216539,0.0017513134851139,43611,9.9,1.31,5777,2.52,1444
620,2022-07-06,57300,57300,56400,56400,16820461,-0.0139860139860139,43611,9.76,1.29,5777,2.56,1444
621,2022-07-07,56400,58700,56300,58200,21322833,0.0319148936170212,43611,10.07,1.33,5777,2.48,1444
622,2022-07-08,58600,59300,58200,58700,15339271,0.0085910652920961,43611,10.16,1.35,5777,2.46,1444
623,2022-07-11,59300,59600,58700,58800,13042624,0.0017035775127767,43611,10.18,1.35,5777,2.46,1444
624,2022-07-12,58600,58700,58100,58100,9336061,-0.0119047619047618,43611,10.06,1.33,5777,2.49,1444
625,2022-07-13,58300,58600,58000,58000,10841315,-0.0017211703958691,43611,10.04,1.33,5777,2.49,1444
626,2022-07-14,57500,58200,57400,57500,15067012,-0.0086206896551723,43611,9.95,1.32,5777,2.51,1444
627,2022-07-15,58400,60000,58100,60000,18685583,0.0434782608695651,43611,10.39,1.38,5777,2.41,1444
628,2022-07-18,60600,62000,60500,61900,20832517,0.0316666666666667,43611,10.71,1.42,5777,2.33,1444
629,2022-07-19,61400,61500,60200,60900,15248261,-0.0161550888529886,43611,10.54,1.4,5777,2.37,1444
630,2022-07-20,61800,62100,60500,60500,16782238,-0.0065681444991789,43611,10.47,1.39,5777,2.39,1444
631,2022-07-21,61100,61900,60700,61800,12291374,0.0214876033057851,43611,10.7,1.42,5777,2.34,1444
632,2022-07-22,61800,62200,61200,61300,10261310,-0.0080906148867313,43611,10.61,1.41,5777,2.36,1444
633,2022-07-25,60900,61900,60800,61100,9193681,-0.0032626427406199,43611,10.58,1.4,5777,2.36,1444
634,2022-07-26,60800,61900,60800,61700,6597211,0.0098199672667758,43611,10.68,1.41,5777,2.34,1444
635,2022-07-27,61300,61900,61200,61800,7320997,0.0016207455429497,43611,10.7,1.42,5777,2.34,1444
636,2022-07-28,62300,62600,61600,61900,10745302,0.0016181229773462,43611,10.71,1.42,5777,2.33,1444
637,2022-07-29,62400,62600,61300,61400,15093120,-0.0080775444264943,43611,10.63,1.41,5777,2.35,1444
638,2022-08-01,61000,61700,60300,61300,13154816,-0.001628664495114,43611,10.61,1.41,5777,2.36,1444
639,2022-08-02,61200,61900,61000,61700,13614895,0.0065252854812398,43611,10.68,1.41,5777,2.34,1444
640,2022-08-03,61600,61600,61000,61300,10053861,-0.0064829821717989,43611,10.61,1.41,5777,2.36,1444
641,2022-08-04,61700,61800,61200,61500,9125439,0.0032626427406199,43611,10.65,1.41,5777,2.35,1444
642,2022-08-05,61700,61900,61200,61500,9567620,0.0,43611,10.65,1.41,5777,2.35,1444
643,2022-08-08,61400,61400,60600,60800,11313150,-0.0113821138211381,43611,10.52,1.39,5777,2.38,1444
644,2022-08-09,60600,60700,59600,60000,18251170,-0.0131578947368421,43611,10.39,1.38,5777,2.41,1444
645,2022-08-10,58900,59200,58600,59100,18084349,-0.015,43611,10.23,1.36,5777,2.44,1444
646,2022-08-11,59600,60000,59300,59900,15141941,0.0135363790186124,43611,10.37,1.37,5777,2.41,1444
647,2022-08-12,59500,60700,59400,60200,10786658,0.0050083472454089,43611,10.42,1.38,5777,2.4,1444
648,2022-08-16,60500,61600,60300,61000,15036727,0.0132890365448505,43611,10.56,1.4,5777,2.37,1444
649,2022-08-17,61100,61200,60300,60400,9061518,-0.0098360655737704,43611,10.46,1.38,5777,2.39,1444
650,2022-08-18,60300,61900,60000,61500,16372754,0.0182119205298012,43611,10.65,1.41,5777,2.35,1444
651,2022-08-19,61400,61600,60600,60900,6923679,-0.0097560975609756,43611,10.54,1.4,5777,2.37,1444
652,2022-08-22,60300,60400,59800,60000,8259865,-0.0147783251231526,43611,10.39,1.38,5777,2.41,1444
653,2022-08-23,59000,59600,59000,59100,9041629,-0.015,43611,10.23,1.36,5777,2.44,1444
654,2022-08-24,59200,59500,59000,59000,8888486,-0.0016920473773265,43611,10.21,1.35,5777,2.45,1444
655,2022-08-25,59200,59700,59000,59700,5767902,0.0118644067796609,43611,10.33,1.37,5777,2.42,1444
656,2022-08-26,60300,60900,59900,60000,9499995,0.0050251256281406,43611,10.39,1.38,5777,2.41,1444
657,2022-08-29,58700,58900,58600,58600,9841329,-0.0233333333333333,43611,10.14,1.34,5777,2.46,1444
658,2022-08-30,58700,59000,58300,58800,9690044,0.0034129692832765,43611,10.18,1.35,5777,2.46,1444
659,2022-08-31,58200,59900,58200,59700,14203512,0.0153061224489796,43611,10.33,1.37,5777,2.42,1444
660,2022-09-01,58700,58900,58300,58400,14905777,-0.0217755443886097,43611,10.11,1.34,5777,2.47,1444
661,2022-09-02,58300,58600,57500,57500,15040310,-0.0154109589041095,43611,9.95,1.32,5777,2.51,1444
662,2022-09-05,57400,57800,56800,57100,11425977,-0.0069565217391304,43611,9.88,1.31,5777,2.53,1444
663,2022-09-06,57200,57600,56900,57100,7503086,0.0,43611,9.88,1.31,5777,2.53,1444
664,2022-09-07,56700,56700,55900,56000,17384854,-0.0192644483362521,43611,9.69,1.28,5777,2.58,1444
665,2022-09-08,56200,56400,55600,55600,18000016,-0.0071428571428571,43611,9.62,1.27,5777,2.6,1444
666,2022-09-13,57000,58500,56800,58100,17166581,0.0449640287769783,43611,10.06,1.33,5777,2.49,1444
667,2022-09-14,56200,57200,56100,56800,12524961,-0.0223752151462994,43611,9.83,1.3,5777,2.54,1444
668,2022-09-15,57000,57100,56000,56000,11664819,-0.0140845070422535,43611,9.69,1.28,5777,2.58,1444
669,2022-09-16,55600,56400,55500,56200,13456503,0.0035714285714285,43611,9.73,1.29,5777,2.57,1444
670,2022-09-19,56300,57000,56000,56400,12278653,0.00355871886121,43611,9.76,1.29,5777,2.56,1444
671,2022-09-20,56400,57000,55800,55800,14041465,-0.0106382978723403,43611,9.66,1.28,5777,2.59,1444
672,2022-09-21,55400,55500,55000,55300,11863700,-0.0089605734767025,43611,9.57,1.27,5777,2.61,1444
673,2022-09-22,54600,54700,54300,54400,12786510,-0.0162748643761302,43611,9.42,1.25,5777,2.65,1444
674,2022-09-23,54400,54900,54200,54500,10555964,0.0018382352941177,43611,9.43,1.25,5777,2.65,1444
675,2022-09-26,53700,54200,53600,53900,15008449,-0.0110091743119266,43611,9.33,1.24,5777,2.68,1444
676,2022-09-27,53800,54200,53500,54200,16631289,0.0055658627087198,43611,9.38,1.24,5777,2.66,1444
677,2022-09-28,53900,54400,52500,52900,19991129,-0.0239852398523985,43611,9.16,1.21,5777,2.73,1444
678,2022-09-29,53300,53700,52600,52600,13882080,-0.0056710775047259,43611,9.11,1.21,5777,2.75,1444
679,2022-09-30,52300,53600,51800,53100,22503249,0.0095057034220531,43611,9.19,1.22,5777,2.72,1444
680,2022-10-04,55300,55400,54500,55200,19148435,0.03954802259887,43611,9.56,1.27,5777,2.62,1444
681,2022-10-05,56900,57200,55400,56000,22458970,0.0144927536231884,43611,9.69,1.28,5777,2.58,1444
682,2022-10-06,56700,57300,56300,56300,14944446,0.0053571428571428,43611,9.75,1.29,5777,2.56,1444
683,2022-10-07,55900,56900,55200,56200,16886813,-0.0017761989342806,43611,9.73,1.29,5777,2.57,1444
684,2022-10-11,54400,55700,54000,55400,21437877,-0.0142348754448398,43611,9.59,1.27,5777,2.61,1444
685,2022-10-12,55700,57000,55200,55800,18408910,0.0072202166064982,43611,9.66,1.28,5777,2.59,1444
686,2022-10-13,55400,56100,55200,55200,13784602,-0.010752688172043,43611,9.56,1.27,5777,2.62,1444
687,2022-10-14,56200,56500,55800,56300,12924326,0.019927536231884,43611,9.75,1.29,5777,2.56,1444
688,2022-10-17,55800,57000,55700,56600,13641878,0.0053285968028418,43611,9.8,1.3,5777,2.55,1444
689,2022-10-18,56700,57100,55800,56500,14820702,-0.0017667844522968,43611,9.78,1.3,5777,2.56,1444
690,2022-10-19,56700,56900,55700,55800,12660652,-0.0123893805309734,43611,9.66,1.28,5777,2.59,1444
691,2022-10-20,55200,56000,55100,55500,17107653,-0.0053763440860215,43611,9.61,1.27,5777,2.6,1444
692,2022-10-21,55100,56300,55100,55900,11456060,0.0072072072072071,43611,9.68,1.28,5777,2.58,1444
693,2022-10-24,57000,57500,56700,57500,16944503,0.0286225402504471,43611,9.95,1.32,5777,2.51,1444
694,2022-10-25,57000,58600,57000,57700,17405678,0.0034782608695651,43611,9.99,1.32,5777,2.5,1444
695,2022-10-26,58000,59600,57700,59400,20824967,0.0294627383015597,43611,10.28,1.36,5777,2.43,1444
696,2022-10-27,59700,60100,58900,59500,21756712,0.0016835016835017,43611,10.3,1.36,5777,2.43,1444
697,2022-10-28,58900,59200,57200,57300,20924937,-0.0369747899159663,43611,9.92,1.31,5777,2.52,1444
698,2022-10-31,58100,59900,58000,59400,18999514,0.0366492146596859,43611,10.28,1.36,5777,2.43,1444
699,2022-11-01,59900,60300,59500,60000,17201647,0.0101010101010101,43611,10.39,1.38,5777,2.41,1444
700,2022-11-02,59700,60000,59300,59600,13202919,-0.0066666666666667,43611,10.32,1.37,5777,2.42,1444
701,2022-11-03,58600,59800,58100,59200,17492162,-0.0067114093959731,43611,10.25,1.36,5777,2.44,1444
702,2022-11-04,59100,59500,58400,59400,12445841,0.0033783783783782,43611,10.28,1.36,5777,2.43,1444
703,2022-11-07,59700,60300,59400,60200,12437246,0.0134680134680134,43611,10.42,1.38,5777,2.4,1444
704,2022-11-08,60500,61900,60500,61800,18273898,0.0265780730897009,43611,10.7,1.42,5777,2.34,1444
705,2022-11-09,62000,62200,61300,62000,14045592,0.0032362459546926,43611,10.73,1.42,5777,2.33,1444
706,2022-11-10,61400,61500,60400,60400,21087633,-0.0258064516129031,43611,10.46,1.38,5777,2.39,1444
707,2022-11-11,63100,63200,62300,62900,20037163,0.0413907284768211,43611,10.89,1.44,5777,2.3,1444
708,2022-11-14,62900,62900,61700,61900,15973416,-0.0158982511923688,43611,10.71,1.42,5777,2.33,1444
709,2022-11-15,62200,62500,61600,62400,12310986,0.0080775444264944,43611,10.8,1.43,5777,2.31,1444
710,2022-11-16,62400,62700,61700,62700,12909260,0.0048076923076922,43611,10.85,1.44,5777,2.3,1444
711,2022-11-17,62000,62000,61300,61400,13298296,-0.0207336523125997,43611,10.63,1.41,5777,2.35,1444
712,2022-11-18,61800,62400,61400,61800,12236503,0.006514657980456,43611,10.7,1.42,5777,2.34,1444
713,2022-11-21,61400,61800,60800,61400,9378097,-0.0064724919093851,43611,10.63,1.41,5777,2.35,1444
714,2022-11-22,60900,61200,60300,60600,9411289,-0.013029315960912,43611,10.49,1.39,5777,2.38,1444
715,2022-11-23,61200,61300,60700,61000,8765050,0.0066006600660066,43611,10.56,1.4,5777,2.37,1444
716,2022-11-24,61200,61700,60900,61400,8125010,0.0065573770491802,43611,10.63,1.41,5777,2.35,1444
717,2022-11-25,61400,61700,60800,61000,6677933,-0.006514657980456,43611,10.56,1.4,5777,2.37,1444
718,2022-11-28,60500,60500,59800,60100,8589032,-0.0147540983606557,43611,10.4,1.38,5777,2.4,1444
719,2022-11-29,59900,60600,59800,60600,7014160,0.0083194675540765,43611,10.49,1.39,5777,2.38,1444
720,2022-11-30,60400,62200,60200,62200,19768903,0.0264026402640265,43611,10.77,1.43,5777,2.32,1444
721,2022-12-01,63100,63200,62300,62600,16631445,0.0064308681672025,43611,10.84,1.44,5777,2.31,1444
722,2022-12-02,62500,62500,60400,60400,15331184,-0.0351437699680511,43611,10.46,1.38,5777,2.39,1444
723,2022-12-05,60900,61100,60000,60300,13767787,-0.0016556291390728,43611,10.44,1.38,5777,2.39,1444
724,2022-12-06,59800,60100,59200,59200,13888300,-0.0182421227197346,43611,10.25,1.36,5777,2.44,1444
725,2022-12-07,58800,59600,58500,58900,12100662,-0.0050675675675675,43611,10.2,1.35,5777,2.45,1444
726,2022-12-08,58700,59200,58600,59200,12986815,0.0050933786078097,43611,10.25,1.36,5777,2.44,1444
727,2022-12-09,59300,60600,59300,60400,10529632,0.0202702702702701,43611,10.46,1.38,5777,2.39,1444
728,2022-12-12,59900,60000,59400,59500,9036472,-0.0149006622516556,43611,10.3,1.36,5777,2.43,1444
729,2022-12-13,59600,60300,59400,59700,9040873,0.0033613445378151,43611,10.33,1.37,5777,2.42,1444
730,2022-12-14,59800,60600,59800,60500,8207485,0.0134003350083751,43611,10.47,1.39,5777,2.39,1444
731,2022-12-15,59800,60200,59300,59300,8716039,-0.0198347107438016,43611,10.26,1.36,5777,2.44,1444
732,2022-12-16,58300,59500,58300,59500,13033596,0.0033726812816188,43611,10.3,1.36,5777,2.43,1444
733,2022-12-19,59500,59900,59100,59500,7696187,0.0,43611,10.3,1.36,5777,2.43,1444
734,2022-12-20,59000,59100,58500,58600,9284761,-0.015126050420168,43611,10.14,1.34,5777,2.46,1444
735,2022-12-21,58700,59100,58000,58000,10356971,-0.0102389078498293,43611,10.04,1.33,5777,2.49,1444
736,2022-12-22,58100,59100,58100,59100,10720630,0.0189655172413794,43611,10.23,1.36,5777,2.44,1444
737,2022-12-23,58200,58400,57700,58100,9829407,-0.0169204737732656,43611,10.06,1.33,5777,2.49,1444
738,2022-12-26,58000,58100,57700,57900,6756411,-0.0034423407917383,43611,10.02,1.33,5777,2.49,1444
739,2022-12-27,58000,58400,57900,58100,10667027,0.0034542314335059,43611,10.06,1.33,5777,2.49,1444
740,2022-12-28,57600,57600,56400,56600,14665410,-0.0258175559380379,43611,9.8,1.3,5777,2.55,1444
741,2022-12-29,56000,56200,55300,55300,11295935,-0.0229681978798587,43611,9.57,1.27,5777,2.61,1444
742,2023-01-02,55500,56100,55200,55500,10031448,0.003616636528029,43611,9.61,1.27,5777,2.6,1444
743,2023-01-03,55400,56000,54500,55400,13547030,-0.0018018018018017,43611,9.59,1.27,5777,2.61,1444
744,2023-01-04,55700,58000,55600,57800,20188071,0.0433212996389891,43611,10.01,1.33,5777,2.5,1444
745,2023-01-05,58200,58800,57600,58200,15682826,0.0069204152249136,43611,10.07,1.33,5777,2.48,1444
746,2023-01-06,58300,59400,57900,59000,17334989,0.0137457044673539,43611,10.21,1.35,5777,2.45,1444
747,2023-01-09,59700,60700,59600,60700,18640107,0.028813559322034,43611,10.51,1.39,5777,2.38,1444
748,2023-01-10,60200,61100,59900,60400,14859797,-0.0049423393739703,43611,10.46,1.38,5777,2.39,1444
749,2023-01-11,61000,61200,60300,60500,12310751,0.0016556291390728,43611,10.47,1.39,5777,2.39,1444
750,2023-01-12,61100,61200,59900,60500,16102561,0.0,43611,10.47,1.39,5777,2.39,1444
751,2023-01-13,60500,61200,60400,60800,12510328,0.0049586776859504,43611,10.52,1.39,5777,2.38,1444
752,2023-01-16,61300,61600,60800,61100,10039972,0.0049342105263157,43611,10.58,1.4,5777,2.36,1444
753,2023-01-17,61200,61500,60600,61000,9831456,-0.0016366612111292,43611,10.56,1.4,5777,2.37,1444
754,2023-01-18,60700,61000,59900,60400,11584041,-0.0098360655737704,43611,10.46,1.38,5777,2.39,1444
755,2023-01-19,60500,61500,60400,61500,12808490,0.0182119205298012,43611,10.65,1.41,5777,2.35,1444
756,2023-01-20,62100,62300,61100,61800,9646327,0.0048780487804878,43611,10.7,1.42,5777,2.34,1444
757,2023-01-25,63500,63700,63000,63400,16822710,0.0258899676375403,43611,10.97,1.45,5777,2.28,1444
758,2023-01-26,63800,63900,63300,63900,13278277,0.0078864353312302,43611,11.06,1.47,5777,2.26,1444
759,2023-01-27,64400,65000,63900,64600,18760182,0.0109546165884193,43611,11.18,1.48,5777,2.24,1444
760,2023-01-30,64900,64900,63100,63300,20995234,-0.0201238390092879,43611,10.96,1.45,5777,2.28,1444
761,2023-01-31,63500,63700,61000,61000,29746731,-0.0363349131121643,43611,10.56,1.4,5777,2.37,1444
762,2023-02-01,62600,62700,61000,61800,18570133,0.0131147540983607,43611,10.7,1.42,5777,2.34,1444
763,2023-02-02,63200,63900,62600,63500,23285983,0.0275080906148867,43611,10.99,1.46,5777,2.27,1444
764,2023-02-03,63900,64000,63000,63800,15194598,0.0047244094488188,43611,11.04,1.46,5777,2.26,1444
765,2023-02-06,62800,63000,61600,61600,15529356,-0.0344827586206896,43611,10.66,1.41,5777,2.34,1444
766,2023-02-07,61900,62500,61600,61900,14491039,0.0048701298701299,43611,10.71,1.42,5777,2.33,1444
767,2023-02-08,62800,63300,62400,63100,12243125,0.0193861066235865,43611,10.92,1.45,5777,2.29,1444
768,2023-02-09,63000,63300,62300,63000,12164865,-0.0015847860538826,43611,10.91,1.44,5777,2.29,1444
769,2023-02-10,62600,63000,62400,62800,9382576,-0.0031746031746031,43611,10.87,1.44,5777,2.3,1444
770,2023-02-13,62900,63000,62300,62900,10730362,0.0015923566878981,43611,10.89,1.44,5777,2.3,1444
771,2023-02-14,63600,63900,63200,63200,9126664,0.0047694753577105,43611,10.94,1.45,5777,2.28,1444
772,2023-02-15,63900,63900,62000,62200,13208103,-0.0158227848101265,43611,10.77,1.43,5777,2.32,1444
773,2023-02-16,62500,63700,62400,63700,13798831,0.0241157556270097,43611,11.03,1.46,5777,2.27,1444
774,2023-02-17,62900,63300,62400,62600,10791265,-0.0172684458398744,43611,10.84,1.44,5777,2.31,1444
775,2023-02-20,62900,63000,61800,62700,12908073,0.0015974440894568,43611,10.85,1.44,5777,2.3,1444
776,2023-02-21,62700,62800,62000,62100,7665046,-0.0095693779904306,43611,10.75,1.42,5777,2.33,1444
777,2023-02-22,61500,61800,61000,61100,11959088,-0.0161030595813204,43611,10.58,1.4,5777,2.36,1444
778,2023-02-23,61700,62500,61500,62000,13047099,0.0147299509001637,43611,10.73,1.42,5777,2.33,1444
779,2023-02-24,62300,62600,61300,61300,10308143,-0.0112903225806451,43611,10.61,1.41,5777,2.36,1444
780,2023-02-27,60800,60800,60200,60500,11155697,-0.0130505709624796,43611,10.47,1.39,5777,2.39,1444
781,2023-02-28,60800,61400,60500,60600,13715861,0.0016528925619834,43611,10.49,1.39,5777,2.38,1444
782,2023-03-02,60900,61800,60500,60800,13095682,0.0033003300330032,43611,10.52,1.39,5777,2.38,1444
783,2023-03-03,61000,61200,60500,60500,10711405,-0.0049342105263158,43611,10.47,1.39,5777,2.39,1444
784,2023-03-06,61100,61600,60800,61500,13630602,0.0165289256198346,43611,10.65,1.41,5777,2.35,1444
785,2023-03-07,61400,61400,60700,60700,11473280,-0.0130081300813008,43611,10.51,1.39,5777,2.38,1444
786,2023-03-08,60100,60500,59900,60300,14161857,-0.0065897858319604,43611,10.44,1.38,5777,2.39,1444
787,2023-03-09,60500,60800,59900,60100,14334499,-0.0033167495854062,43611,10.4,1.38,5777,2.4,1444
788,2023-03-10,59500,59700,59100,59500,11902471,-0.0099833610648918,43611,10.3,1.36,5777,2.43,1444
789,2023-03-13,59900,60200,59300,60000,12779724,0.0084033613445377,43611,10.39,1.38,5777,2.41,1444
790,2023-03-14,59400,59500,59000,59000,12147346,-0.0166666666666667,43611,10.21,1.35,5777,2.45,1444
791,2023-03-15,60000,60300,59600,59800,10482149,0.0135593220338983,43611,10.35,1.37,5777,2.41,1444
792,2023-03-16,59200,60200,59100,59900,10611939,0.0016722408026756,43611,10.37,1.37,5777,2.41,1444
793,2023-03-17,60800,61300,60600,61300,14090110,0.0233722871452419,43611,10.61,1.41,5777,2.36,1444
794,2023-03-20,61100,61200,60200,60200,9618009,-0.0179445350734094,43611,10.42,1.38,5777,2.4,1444
795,2023-03-21,60500,60700,60100,60300,8318514,0.0016611295681063,43611,10.44,1.38,5777,2.39,1444
796,2023-03-22,61000,61200,60500,61100,8978591,0.0132669983416251,43611,10.58,1.4,5777,2.36,1444
797,2023-03-23,60600,62300,60600,62300,15381057,0.0196399345335516,43611,10.78,1.43,5777,2.32,1444
798,2023-03-24,62700,63300,62300,63000,18278602,0.0112359550561798,43611,10.91,1.44,5777,2.29,1444
799,2023-03-27,62600,62800,62000,62100,11039331,-0.0142857142857142,43611,10.75,1.42,5777,2.33,1444
800,2023-03-28,62400,62900,62100,62900,11614118,0.0128824476650564,43611,10.89,1.44,5777,2.3,1444
801,2023-03-29,62500,62700,62200,62700,11216008,-0.0031796502384737,43611,10.85,1.44,5777,2.3,1444
802,2023-03-30,63700,63700,63100,63200,15684377,0.0079744816586921,43611,10.94,1.45,5777,2.28,1444
803,2023-03-31,64000,64000,63700,64000,14094479,0.0126582278481013,43611,11.08,1.47,5777,2.26,1444
804,2023-04-03,64000,64000,63000,63100,11973133,-0.0140624999999999,43611,10.92,1.45,5777,2.29,1444
805,2023-04-04,63400,63800,62800,63600,11120514,0.0079239302694136,43611,11.01,1.46,5777,2.27,1444
806,2023-04-05,63700,64000,63400,63900,9176149,0.0047169811320755,43611,11.06,1.47,5777,2.26,1444
807,2023-04-06,63500,63600,62300,62300,14992747,-0.0250391236306729,43611,10.78,1.43,5777,2.32,1444
808,2023-04-07,63800,65200,63800,65000,27476120,0.043338683788122,43611,11.25,1.49,5777,2.22,1444
809,2023-04-10,64800,66300,64700,65700,18777166,0.0107692307692308,43611,11.37,1.51,5777,2.2,1444
810,2023-04-11,66200,66200,65400,65900,16323183,0.0030441400304415,43611,11.41,1.51,5777,2.19,1444
811,2023-04-12,65800,66200,65300,66000,15021313,0.0015174506828528,43611,11.42,1.51,5777,2.19,1444
812,2023-04-13,65600,66100,65400,66100,15091022,0.0015151515151514,43611,11.44,1.52,5777,2.18,1444
813,2023-04-14,66600,66600,65000,65100,16176490,-0.0151285930408472,43611,11.27,1.49,5777,2.22,1444
814,2023-04-17,65000,65600,64700,65300,13486618,0.0030721966205837,43611,11.3,1.5,5777,2.21,1444
815,2023-04-18,65900,66000,64800,65600,14802060,0.0045941807044409,43611,11.36,1.5,5777,2.2,1444
816,2023-04-19,65500,65800,65300,65500,10255985,-0.0015243902439023,43611,11.34,1.5,5777,2.2,1444
817,2023-04-20,65100,65300,64600,65300,9501169,-0.0030534351145038,43611,11.3,1.5,5777,2.21,1444
818,2023-04-21,65800,65900,65400,65700,10538622,0.006125574272588,43611,11.37,1.51,5777,2.2,1444
819,2023-04-24,65300,65700,64800,65200,12986581,-0.0076103500761035,43611,11.29,1.5,5777,2.21,1444
820,2023-04-25,65300,65400,63400,63600,16193271,-0.0245398773006134,43611,11.01,1.46,5777,2.27,1444
821,2023-04-26,63600,64300,63300,64100,12664541,0.0078616352201257,43611,11.1,1.47,5777,2.25,1444
822,2023-04-27,64100,65000,63300,64600,14779601,0.0078003120124805,43611,11.18,1.48,5777,2.24,1444
823,2023-04-28,65200,65900,65000,65500,19699481,0.0139318885448915,43611,11.34,1.5,5777,2.2,1444
824,2023-05-02,66000,66300,65100,65700,14396948,0.0030534351145037,57822,8.15,1.14,8057,2.2,1444
825,2023-05-03,65100,65600,64900,65400,8876749,-0.0045662100456621,57822,8.12,1.13,8057,2.21,1444
826,2023-05-04,65600,65700,64700,65100,9791064,-0.0045871559633027,57822,8.08,1.13,8057,2.22,1444
827,2023-05-08,66300,66300,65400,65900,9405365,0.0122887864823348,57822,8.18,1.14,8057,2.19,1444
828,2023-05-09,65800,65800,65100,65300,9366861,-0.0091047040971168,57822,8.1,1.13,8057,2.21,1444
829,2023-05-10,65500,65500,64300,64600,13057727,-0.0107197549770291,57822,8.02,1.12,8057,2.24,1444
830,2023-05-11,64700,65100,64200,64200,11648905,-0.0061919504643962,57822,7.97,1.11,8057,2.25,1444
831,2023-05-12,63700,64600,63600,64100,8693913,-0.0015576323987538,57822,7.96,1.11,8057,2.25,1444
832,2023-05-15,64100,64600,63900,64500,8172021,0.0062402496099844,57822,8.01,1.12,8057,2.24,1444
833,2023-05-16,65800,65900,65300,65400,12334657,0.013953488372093,57822,8.12,1.13,8057,2.21,1444
834,2023-05-17,65900,65900,64800,65000,10745504,-0.0061162079510703,57822,8.07,1.12,8057,2.22,1444
835,2023-05-18,66000,66200,65700,66200,14431704,0.0184615384615385,57822,8.22,1.14,8057,2.18,1444
836,2023-05-19,67800,68400,67500,68400,20349345,0.0332326283987916,57822,8.49,1.18,8057,2.11,1444
837,2023-05-22,68400,69000,68000,68500,14470308,0.0014619883040936,57822,8.5,1.18,8057,2.11,1444
838,2023-05-23,68500,68700,68100,68400,8561643,-0.0014598540145985,57822,8.49,1.18,8057,2.11,1444
839,2023-05-24,68100,68700,68000,68500,8192896,0.0014619883040936,57822,8.5,1.18,8057,2.11,1444
840,2023-05-25,69900,70000,68700,68800,14231160,0.0043795620437956,57822,8.54,1.19,8057,2.1,1444
841,2023-05-26,69800,70400,69500,70300,19549511,0.0218023255813952,57822,8.73,1.22,8057,2.05,1444
842,2023-05-30,71300,72300,71200,72300,27476897,0.0284495021337125,57822,8.97,1.25,8057,2.0,1444
843,2023-05-31,72400,72500,71000,71400,25666087,-0.0124481327800829,57822,8.86,1.23,8057,2.02,1444
844,2023-06-01,70900,71600,70600,70900,14669296,-0.0070028011204481,57822,8.8,1.23,8057,2.04,1444
845,2023-06-02,71700,72200,71600,72200,12161798,0.0183356840620592,57822,8.96,1.25,8057,2.0,1444
846,2023-06-05,72700,72700,71400,71700,12686829,-0.0069252077562327,57822,8.9,1.24,8057,2.01,1444
847,2023-06-07,71300,71600,70800,71000,14796613,-0.00976290097629,57822,8.81,1.23,8057,2.03,1444
848,2023-06-08,70400,70900,70000,70900,19165568,-0.0014084507042253,57822,8.8,1.23,8057,2.04,1444
849,2023-06-09,71100,72300,70800,72000,15050209,0.0155148095909731,57822,8.94,1.25,8057,2.01,1444
850,2023-06-12,72100,72400,70800,71000,12064287,-0.0138888888888888,57822,8.81,1.23,8057,2.03,1444
851,2023-06-13,71700,72200,71600,72000,13227285,0.0140845070422535,57822,8.94,1.25,8057,2.01,1444
852,2023-06-14,72100,72200,71100,71900,12541046,-0.0013888888888888,57822,8.92,1.24,8057,2.01,1444
853,2023-06-15,72100,72300,71300,71500,13614994,-0.0055632823365785,57822,8.87,1.24,8057,2.02,1444
854,2023-06-16,71800,71900,70900,71800,15373696,0.0041958041958041,57822,8.91,1.24,8057,2.01,1444
855,2023-06-19,71300,71700,70900,71200,11100887,-0.0083565459610027,57822,8.84,1.23,8057,2.03,1444
856,2023-06-20,70700,71400,70400,71400,11557883,0.002808988764045,57822,8.86,1.23,8057,2.02,1444
857,2023-06-21,70700,71200,70400,70500,10626603,-0.0126050420168066,57822,8.75,1.22,8057,2.05,1444
858,2023-06-22,70200,71500,70100,71300,11411007,0.0113475177304964,57822,8.85,1.23,8057,2.03,1444
859,2023-06-23,72000,72200,71600,71600,12329484,0.0042075736325386,57822,8.89,1.24,8057,2.02,1444
860,2023-06-26,71700,72500,71500,72400,10541901,0.0111731843575419,57822,8.99,1.25,8057,1.99,1444
861,2023-06-27,72500,72600,72000,72600,9442997,0.0027624309392264,57822,9.01,1.26,8057,1.99,1444
862,2023-06-28,72600,72700,72000,72700,8783093,0.0013774104683195,57822,9.02,1.26,8057,1.99,1444
863,2023-06-29,73100,73400,72400,72400,12229967,-0.0041265474552957,57822,8.99,1.25,8057,1.99,1444
864,2023-06-30,72500,72700,71700,72200,11694765,-0.0027624309392265,57822,8.96,1.25,8057,2.0,1444
865,2023-07-03,72700,73200,72600,73000,10722181,0.0110803324099721,57822,9.06,1.26,8057,1.98,1444
866,2023-07-04,73400,73600,72900,73000,10214350,0.0,57822,9.06,1.26,8057,1.98,1444
867,2023-07-05,73000,73300,71900,72000,12310610,-0.0136986301369863,57822,8.94,1.25,8057,2.01,1444
868,2023-07-06,71900,72400,71500,71600,14777667,-0.0055555555555555,57822,8.89,1.24,8057,2.02,1444
869,2023-07-07,71100,71400,69800,69900,17308877,-0.0237430167597765,57822,8.68,1.21,8057,2.07,1444
870,2023-07-10,70000,70400,69200,69500,11713926,-0.005722460658083,57822,8.63,1.2,8057,2.08,1444
871,2023-07-11,70200,71500,70100,71500,12177392,0.0287769784172662,57822,8.87,1.24,8057,2.02,1444
872,2023-07-12,71200,72000,71100,71900,10375581,0.0055944055944054,57822,8.92,1.24,8057,2.01,1444
873,2023-07-13,72400,72600,71900,71900,14417279,0.0,57822,8.92,1.24,8057,2.01,1444
874,2023-07-14,72500,73400,72400,73400,15882519,0.0208623087621697,57822,9.11,1.27,8057,1.97,1444
875,2023-07-17,73200,73500,72800,73300,10060049,-0.0013623978201634,57822,9.1,1.27,8057,1.97,1444
876,2023-07-18,73200,73500,72000,72000,11697900,-0.0177353342428376,57822,8.94,1.25,8057,2.01,1444
877,2023-07-19,72700,72800,71300,71700,10896412,-0.0041666666666666,57822,8.9,1.24,8057,2.01,1444
878,2023-07-20,71100,71500,70800,71000,9732730,-0.00976290097629,57822,8.81,1.23,8057,2.03,1444
879,2023-07-21,70400,70400,69400,70300,16528926,-0.0098591549295774,57822,8.73,1.22,8057,2.05,1444
880,2023-07-24,70100,70900,69900,70400,13418597,0.0014224751066855,57822,8.74,1.22,8057,2.05,1444
881,2023-07-25,70000,70500,69800,70000,14314945,-0.0056818181818182,57822,8.69,1.21,8057,2.06,1444
882,2023-07-26,69800,70600,68100,69800,30016221,-0.0028571428571428,57822,8.66,1.21,8057,2.07,1444
883,2023-07-27,69900,71700,69300,71700,24261179,0.0272206303724928,57822,8.9,1.24,8057,2.01,1444
884,2023-07-28,71800,72400,70100,70600,19420683,-0.0153417015341701,57822,8.76,1.22,8057,2.05,1444
885,2023-07-31,70900,71000,69800,69800,13035420,-0.0113314447592067,57822,8.66,1.21,8057,2.07,1444
886,2023-08-01,70100,71200,70000,71100,12299254,0.0186246418338109,57822,8.82,1.23,8057,2.03,1444
887,2023-08-02,70700,71000,69800,69900,13835020,-0.0168776371308017,57822,8.68,1.21,8057,2.07,1444
888,2023-08-03,69900,70200,68500,68800,20087090,-0.0157367668097281,57822,8.54,1.19,8057,2.1,1444
889,2023-08-04,68800,69100,68200,68300,12360193,-0.0072674418604651,57822,8.48,1.18,8057,2.11,1444
890,2023-08-07,67700,69200,67600,68500,10968505,0.0029282576866764,57822,8.5,1.18,8057,2.11,1444
891,2023-08-08,69000,69100,67400,67600,14664709,-0.0131386861313869,57822,8.39,1.17,8057,2.14,1444
892,2023-08-09,68000,69600,67900,68900,17259673,0.0192307692307691,57822,8.55,1.19,8057,2.1,1444
893,2023-08-10,68300,68500,67800,68000,10227311,-0.0130624092888244,57822,8.44,1.18,8057,2.12,1444
894,2023-08-11,68400,68800,67500,67500,9781038,-0.0073529411764705,57822,8.38,1.17,8057,2.14,1444
895,2023-08-14,67500,67900,66900,67300,9352343,-0.0029629629629629,57822,8.35,1.16,8057,2.15,1444
896,2023-08-16,66700,67100,66300,67000,13174578,-0.0044576523031203,57822,8.32,1.16,8057,2.16,1444
897,2023-08-17,66300,66800,66000,66700,10778652,-0.0044776119402984,57822,8.28,1.15,8057,2.16,1444
898,2023-08-18,66000,66700,65800,66300,11745006,-0.0059970014992504,57822,8.23,1.15,8057,2.18,1444
899,2023-08-21,66600,67100,66300,66600,9720067,0.004524886877828,57822,8.27,1.15,8057,2.17,1444
900,2023-08-22,67200,67700,66300,66600,10500242,0.0,57822,8.27,1.15,8057,2.17,1444
901,2023-08-23,66700,67100,66400,67100,9549352,0.0075075075075075,57822,8.33,1.16,8057,2.15,1444
902,2023-08-24,68300,68700,67900,68200,15044463,0.0163934426229508,57822,8.46,1.18,8057,2.12,1444
903,2023-08-25,67100,67400,66900,67100,7032462,-0.0161290322580645,57822,8.33,1.16,8057,2.15,1444
